{
    "name": "root",
    "gauges": {
        "FlappyBird.Policy.Entropy.mean": {
            "value": 0.19943325221538544,
            "min": 0.16285258531570435,
            "max": 0.6907303333282471,
            "count": 500
        },
        "FlappyBird.Policy.Entropy.sum": {
            "value": 220.17431640625,
            "min": 136.97079467773438,
            "max": 779.143798828125,
            "count": 500
        },
        "FlappyBird.Environment.EpisodeLength.mean": {
            "value": 73.05882352941177,
            "min": 17.35185185185185,
            "max": 105.44444444444444,
            "count": 500
        },
        "FlappyBird.Environment.EpisodeLength.sum": {
            "value": 1242.0,
            "min": 524.0,
            "max": 1383.0,
            "count": 500
        },
        "FlappyBird.Step.mean": {
            "value": 499997.0,
            "min": 995.0,
            "max": 499997.0,
            "count": 500
        },
        "FlappyBird.Step.sum": {
            "value": 499997.0,
            "min": 995.0,
            "max": 499997.0,
            "count": 500
        },
        "FlappyBird.Policy.ExtrinsicValueEstimate.mean": {
            "value": 8.172017097473145,
            "min": -4.270950794219971,
            "max": 11.174192428588867,
            "count": 500
        },
        "FlappyBird.Policy.ExtrinsicValueEstimate.sum": {
            "value": 204.30043029785156,
            "min": -205.00563049316406,
            "max": 243.694091796875,
            "count": 500
        },
        "FlappyBird.Environment.CumulativeReward.mean": {
            "value": 14.764705882352942,
            "min": -4.907407407407407,
            "max": 23.0,
            "count": 500
        },
        "FlappyBird.Environment.CumulativeReward.sum": {
            "value": 251.0,
            "min": -265.0,
            "max": 263.0,
            "count": 500
        },
        "FlappyBird.Policy.ExtrinsicReward.mean": {
            "value": 14.764705882352942,
            "min": -4.907407407407407,
            "max": 23.0,
            "count": 500
        },
        "FlappyBird.Policy.ExtrinsicReward.sum": {
            "value": 251.0,
            "min": -265.0,
            "max": 263.0,
            "count": 500
        },
        "FlappyBird.Losses.PolicyLoss.mean": {
            "value": 0.3464431947795674,
            "min": 0.2554241817366953,
            "max": 2.0819941352614584,
            "count": 346
        },
        "FlappyBird.Losses.PolicyLoss.sum": {
            "value": 0.3464431947795674,
            "min": 0.2554241817366953,
            "max": 2.3194687572472237,
            "count": 346
        },
        "FlappyBird.Losses.ValueLoss.mean": {
            "value": 1.1188680351090927,
            "min": 0.1684945823222983,
            "max": 20.567130426565807,
            "count": 346
        },
        "FlappyBird.Losses.ValueLoss.sum": {
            "value": 1.1188680351090927,
            "min": 0.1684945823222983,
            "max": 20.567130426565807,
            "count": 346
        },
        "FlappyBird.Policy.LearningRate.mean": {
            "value": 8.209999180002649e-08,
            "min": 8.209999180002649e-08,
            "max": 0.0009986860001314002,
            "count": 346
        },
        "FlappyBird.Policy.LearningRate.sum": {
            "value": 8.209999180002649e-08,
            "min": 8.209999180002649e-08,
            "max": 0.0019935840006416006,
            "count": 346
        },
        "FlappyBird.Policy.Epsilon.mean": {
            "value": 0.1000082,
            "min": 0.1000082,
            "max": 0.19986860000000004,
            "count": 346
        },
        "FlappyBird.Policy.Epsilon.sum": {
            "value": 0.1000082,
            "min": 0.1000082,
            "max": 0.3993584,
            "count": 346
        },
        "FlappyBird.Policy.Beta.mean": {
            "value": 1.0409180000000134e-05,
            "min": 1.0409180000000134e-05,
            "max": 0.004993443139999999,
            "count": 346
        },
        "FlappyBird.Policy.Beta.sum": {
            "value": 1.0409180000000134e-05,
            "min": 1.0409180000000134e-05,
            "max": 0.009967984159999999,
            "count": 346
        },
        "FlappyBird.IsTraining.mean": {
            "value": 1.0,
            "min": 1.0,
            "max": 1.0,
            "count": 500
        },
        "FlappyBird.IsTraining.sum": {
            "value": 1.0,
            "min": 1.0,
            "max": 1.0,
            "count": 500
        }
    },
    "metadata": {
        "timer_format_version": "0.1.0",
        "start_time_seconds": "1679845476",
        "python_version": "3.9.2 (default, Feb 28 2021, 17:03:44) \n[GCC 10.2.1 20210110]",
        "command_line_arguments": "/home/bears_bears/Unity_env/bin/mlagents-learn trainer_config_hardcore.yaml --run-id FlappyBird-v2-Obs9-1 --force --time-scale 20",
        "mlagents_version": "0.30.0",
        "mlagents_envs_version": "0.30.0",
        "communication_protocol_version": "1.5.0",
        "pytorch_version": "1.11.0+cu102",
        "numpy_version": "1.21.2",
        "end_time_seconds": "1679846584"
    },
    "total": 1108.389937726999,
    "count": 1,
    "self": 0.04462621900893282,
    "children": {
        "run_training.setup": {
            "total": 0.038057198995375074,
            "count": 1,
            "self": 0.038057198995375074
        },
        "TrainerController.start_learning": {
            "total": 1108.3072543089947,
            "count": 1,
            "self": 1.4276135436230106,
            "children": {
                "TrainerController._reset_env": {
                    "total": 28.150303746006102,
                    "count": 1,
                    "self": 28.150303746006102
                },
                "TrainerController.advance": {
                    "total": 1078.5611381323615,
                    "count": 46660,
                    "self": 1.452594171569217,
                    "children": {
                        "env_step": {
                            "total": 703.6358175753485,
                            "count": 46660,
                            "self": 587.607674790248,
                            "children": {
                                "SubprocessEnvManager._take_step": {
                                    "total": 115.226419357954,
                                    "count": 46660,
                                    "self": 5.300227745094162,
                                    "children": {
                                        "TorchPolicy.evaluate": {
                                            "total": 109.92619161285984,
                                            "count": 41703,
                                            "self": 109.92619161285984
                                        }
                                    }
                                },
                                "workers": {
                                    "total": 0.8017234271464986,
                                    "count": 46660,
                                    "self": 0.0,
                                    "children": {
                                        "worker_root": {
                                            "total": 1106.0898517670648,
                                            "count": 46660,
                                            "is_parallel": true,
                                            "self": 598.0868184221545,
                                            "children": {
                                                "run_training.setup": {
                                                    "total": 0.0,
                                                    "count": 0,
                                                    "is_parallel": true,
                                                    "self": 0.0,