{
    "name": "root",
    "gauges": {
        "FlappyBird.Policy.Entropy.mean": {
            "value": 0.6895632743835449,
            "min": 0.6292542219161987,
            "max": 0.6919524669647217,
            "count": 24
        },
        "FlappyBird.Policy.Entropy.sum": {
            "value": 695.0797729492188,
            "min": 605.1948852539062,
            "max": 737.4498291015625,
            "count": 24
        },
        "FlappyBird.Environment.EpisodeLength.mean": {
            "value": 15.813559322033898,
            "min": 14.936507936507937,
            "max": 17.471698113207548,
            "count": 24
        },
        "FlappyBird.Environment.EpisodeLength.sum": {
            "value": 933.0,
            "min": 906.0,
            "max": 975.0,
            "count": 24
        },
        "FlappyBird.Step.mean": {
            "value": 23980.0,
            "min": 994.0,
            "max": 23980.0,
            "count": 24
        },
        "FlappyBird.Step.sum": {
            "value": 23980.0,
            "min": 994.0,
            "max": 23980.0,
            "count": 24
        },
        "FlappyBird.Policy.ExtrinsicValueEstimate.mean": {
            "value": -0.8486089706420898,
            "min": -0.8486089706420898,
            "max": -0.47742322087287903,
            "count": 24
        },
        "FlappyBird.Policy.ExtrinsicValueEstimate.sum": {
            "value": -50.067928314208984,
            "min": -50.067928314208984,
            "max": -28.167970657348633,
            "count": 24
        },
        "FlappyBird.Environment.CumulativeReward.mean": {
            "value": -0.9322033898305084,
            "min": -0.9322033898305084,
            "max": -0.6727272727272727,
            "count": 24
        },
        "FlappyBird.Environment.CumulativeReward.sum": {
            "value": -55.0,
            "min": -55.0,
            "max": -37.0,
            "count": 24
        },
        "FlappyBird.Policy.ExtrinsicReward.mean": {
            "value": -0.9322033898305084,
            "min": -0.9322033898305084,
            "max": -0.6727272727272727,
            "count": 24
        },
        "FlappyBird.Policy.ExtrinsicReward.sum": {
            "value": -55.0,
            "min": -55.0,
            "max": -37.0,
            "count": 24
        },
        "FlappyBird.Losses.PolicyLoss.mean": {
            "value": 0.8551313718780875,
            "min": 0.8551313718780875,
            "max": 1.3651105066140492,
            "count": 24
        },
        "FlappyBird.Losses.PolicyLoss.sum": {
            "value": 1.710262743756175,
            "min": 0.9137479842950901,
            "max": 2.5669745715955896,
            "count": 24
        },
        "FlappyBird.Losses.ValueLoss.mean": {
            "value": 0.044140277527427926,
            "min": 0.026814090776800487,
            "max": 0.22302442584552018,
            "count": 24
        },
        "FlappyBird.Losses.ValueLoss.sum": {
            "value": 0.08828055505485585,
            "min": 0.026814090776800487,
            "max": 0.2492320941117428,
            "count": 24
        },
        "FlappyBird.Policy.LearningRate.mean": {
            "value": 0.0028596870046771004,
            "min": 0.0028596870046771004,
            "max": 0.0029965140001161996,
            "count": 24
        },
        "FlappyBird.Policy.LearningRate.sum": {
            "value": 0.005719374009354201,
            "min": 0.002864790004507,
            "max": 0.005983140000562,
            "count": 24
        },
        "FlappyBird.Policy.Epsilon.mean": {
            "value": 0.19532290000000005,
            "min": 0.19532290000000005,
            "max": 0.19988380000000003,
            "count": 24
        },
        "FlappyBird.Policy.Epsilon.sum": {
            "value": 0.3906458000000001,
            "min": 0.19549300000000003,
            "max": 0.39943800000000007,
            "count": 24
        },
        "FlappyBird.Policy.Beta.mean": {
            "value": 0.0047666127100000006,
            "min": 0.0047666127100000006,
            "max": 0.00499420162,
            "count": 24
        },
        "FlappyBird.Policy.Beta.sum": {
            "value": 0.009533225420000001,
            "min": 0.004775100700000001,
            "max": 0.009971956200000002,
            "count": 24
        },
        "FlappyBird.IsTraining.mean": {
            "value": 1.0,
            "min": 1.0,
            "max": 1.0,
            "count": 24
        },
        "FlappyBird.IsTraining.sum": {
            "value": 1.0,
            "min": 1.0,
            "max": 1.0,
            "count": 24
        }
    },
    "metadata": {
        "timer_format_version": "0.1.0",
        "start_time_seconds": "1679841790",
        "python_version": "3.9.2 (default, Feb 28 2021, 17:03:44) \n[GCC 10.2.1 20210110]",
        "command_line_arguments": "/home/bears_bears/Unity_env/bin/mlagents-learn trainer_config_hardcore.yaml --run-id FlappyBird-v2-Obs9 --force --time-scale 1",
        "mlagents_version": "0.30.0",
        "mlagents_envs_version": "0.30.0",
        "communication_protocol_version": "1.5.0",
        "pytorch_version": "1.11.0+cu102",
        "numpy_version": "1.21.2",
        "end_time_seconds": "1679842117"
    },
    "total": 327.5402548659986,
    "count": 1,
    "self": 0.01736971399805043,
    "children": {
        "run_training.setup": {
            "total": 0.13748338699952,
            "count": 1,
            "self": 0.13748338699952
        },
        "TrainerController.start_learning": {
            "total": 327.385401765001,
            "count": 1,
            "self": 0.11240732808801113,
            "children": {
                "TrainerController._reset_env": {
                    "total": 45.72133283400035,
                    "count": 1,
                    "self": 45.72133283400035
                },
                "TrainerController.advance": {
                    "total": 281.1188076749131,
                    "count": 3074,
                    "self": 0.10414382493763696,
                    "children": {
                        "env_step": {
                            "total": 215.37431601103526,
                            "count": 3074,
                            "self": 208.96858547410375,
                            "children": {
                                "SubprocessEnvManager._take_step": {
                                    "total": 6.350189982880693,
                                    "count": 3074,
                                    "self": 0.2915562338748714,
                                    "children": {
                                        "TorchPolicy.evaluate": {
                                            "total": 6.058633749005821,
                                            "count": 2048,
                                            "self": 6.058633749005821
                                        }
                                    }
                                },
                                "workers": {
                                    "total": 0.05554055405082181,
                                    "count": 3073,
                                    "self": 0.0,
                                    "children": {
                                        "worker_root": {
                                            "total": 326.9527101380736,
                                            "count": 3073,
                                            "is_parallel": true,
                                            "self": 124.4593285381161,
                                            "children": {
                                                "run_training.setup": {
                                                    "total": 0.0,
                                                    "count": 0,
                                                    "is_parallel": true,
                                                    "self": 0.0,