{
    "name": "root",
    "gauges": {
        "Generator.Policy.Entropy.mean": {
            "value": 1.4071561098098755,
            "min": 1.4071561098098755,
            "max": 1.4189382791519165,
            "count": 12
        },
        "Generator.Policy.Entropy.sum": {
            "value": 1407.1561279296875,
            "min": 1407.1561279296875,
            "max": 1418.938232421875,
            "count": 12
        },
        "Generator.Environment.EpisodeLength.mean": {
            "value": 0.0,
            "min": 0.0,
            "max": 0.0,
            "count": 12
        },
        "Generator.Environment.EpisodeLength.sum": {
            "value": 0.0,
            "min": 0.0,
            "max": 0.0,
            "count": 12
        },
        "Generator.Step.mean": {
            "value": 11999.0,
            "min": 999.0,
            "max": 11999.0,
            "count": 12
        },
        "Generator.Step.sum": {
            "value": 11999.0,
            "min": 999.0,
            "max": 11999.0,
            "count": 12
        },
        "Generator.Policy.ExtrinsicValueEstimate.mean": {
            "value": -10.716054916381836,
            "min": -10.716054916381836,
            "max": -0.45254501700401306,
            "count": 12
        },
        "Generator.Policy.ExtrinsicValueEstimate.sum": {
            "value": -10716.0546875,
            "min": -10716.0546875,
            "max": -452.09246826171875,
            "count": 12
        },
        "Generator.Environment.CumulativeReward.mean": {
            "value": -1.5401197290420532,
            "min": -2.810685849070549,
            "max": -1.5401197290420532,
            "count": 12
        },
        "Generator.Environment.CumulativeReward.sum": {
            "value": -1540.1197290420532,
            "min": -2810.685849070549,
            "max": -1540.1197290420532,
            "count": 12
        },
        "Generator.Policy.ExtrinsicReward.mean": {
            "value": -1.5401197290420532,
            "min": -2.810685849070549,
            "max": -1.5401197290420532,
            "count": 12
        },
        "Generator.Policy.ExtrinsicReward.sum": {
            "value": -1540.1197290420532,
            "min": -2810.685849070549,
            "max": -1540.1197290420532,
            "count": 12
        },
        "Generator.IsTraining.mean": {
            "value": 1.0,
            "min": 1.0,
            "max": 1.0,
            "count": 12
        },
        "Generator.IsTraining.sum": {
            "value": 1.0,
            "min": 1.0,
            "max": 1.0,
            "count": 12
        },
        "Generator.Losses.PolicyLoss.mean": {
            "value": 0.06758441119382042,
            "min": 0.0540816521946302,
            "max": 0.09593919298398153,
            "count": 5
        },
        "Generator.Losses.PolicyLoss.sum": {
            "value": 0.06758441119382042,
            "min": 0.0540816521946302,
            "max": 0.09593919298398153,
            "count": 5
        },
        "Generator.Losses.ValueLoss.mean": {
            "value": 0.912293080550929,
            "min": 0.912293080550929,
            "max": 4.130625302592914,
            "count": 5
        },
        "Generator.Losses.ValueLoss.sum": {
            "value": 0.912293080550929,
            "min": 0.912293080550929,
            "max": 4.130625302592914,
            "count": 5
        },
        "Generator.Policy.LearningRate.mean": {
            "value": 0.000293853002049,
            "min": 0.000293853002049,
            "max": 0.0002987706004097999,
            "count": 5
        },
        "Generator.Policy.LearningRate.sum": {
            "value": 0.000293853002049,
            "min": 0.000293853002049,
            "max": 0.0002987706004097999,
            "count": 5
        },
        "Generator.Policy.Epsilon.mean": {
            "value": 0.19795100000000002,
            "min": 0.19795100000000002,
            "max": 0.19959020000000002,
            "count": 5
        },
        "Generator.Policy.Epsilon.sum": {
            "value": 0.19795100000000002,
            "min": 0.19795100000000002,
            "max": 0.19959020000000002,
            "count": 5
        },
        "Generator.Policy.Beta.mean": {
            "value": 0.0048977549,
            "min": 0.0048977549,
            "max": 0.00497955098,
            "count": 5
        },
        "Generator.Policy.Beta.sum": {
            "value": 0.0048977549,
            "min": 0.0048977549,
            "max": 0.00497955098,
            "count": 5
        }
    },
    "metadata": {
        "timer_format_version": "0.1.0",
        "start_time_seconds": "1682178198",
        "python_version": "3.9.2 (default, Feb 28 2021, 17:03:44) \n[GCC 10.2.1 20210110]",
        "command_line_arguments": "/home/bears_bears/Unity_env/bin/mlagents-learn ARLPCG.yaml --run-id G3_newobs --force",
        "mlagents_version": "0.30.0",
        "mlagents_envs_version": "0.30.0",
        "communication_protocol_version": "1.5.0",
        "pytorch_version": "1.11.0+cu102",
        "numpy_version": "1.21.2",
        "end_time_seconds": "1682178514"
    },
    "total": 316.1313819660136,
    "count": 1,
    "self": 0.08039117601583712,
    "children": {
        "run_training.setup": {
            "total": 0.04263768300006632,
            "count": 1,
            "self": 0.04263768300006632
        },
        "TrainerController.start_learning": {
            "total": 316.0083531069977,
            "count": 1,
            "self": 0.4814372575638117,
            "children": {
                "TrainerController._reset_env": {
                    "total": 81.93752081200364,
                    "count": 1,
                    "self": 81.93752081200364
                },
                "TrainerController.advance": {
                    "total": 231.95827204543457,
                    "count": 12294,
                    "self": 0.3829817315127002,
                    "children": {
                        "env_step": {
                            "total": 187.49512092179793,
                            "count": 12294,
                            "self": 167.68655110186955,
                            "children": {
                                "SubprocessEnvManager._take_step": {
                                    "total": 19.595640565356007,
                                    "count": 12294,
                                    "self": 1.3449329887516797,
                                    "children": {
                                        "TorchPolicy.evaluate": {
                                            "total": 18.250707576604327,
                                            "count": 12294,
                                            "self": 18.250707576604327
                                        }
                                    }
                                },
                                "workers": {
                                    "total": 0.21292925457237288,
                                    "count": 12294,
                                    "self": 0.0,
                                    "children": {
                                        "worker_root": {
                                            "total": 313.4917362519045,
                                            "count": 12294,
                                            "is_parallel": true,
                                            "self": 174.00054313702276,
                                            "children": {
                                                "run_training.setup": {
                                                    "total": 0.0,
                                                    "count": 0,
                                                    "is_parallel": true,
                                                    "self": 0.0,