{
    "name": "root",
    "gauges": {
        "Generator.Policy.Entropy.mean": {
            "value": 1.4876898527145386,
            "min": 1.4189382791519165,
            "max": 1.4876898527145386,
            "count": 30
        },
        "Generator.Policy.Entropy.sum": {
            "value": 1475.788330078125,
            "min": 1407.5867919921875,
            "max": 1494.4912109375,
            "count": 30
        },
        "Generator.Environment.EpisodeLength.mean": {
            "value": 0.0,
            "min": 0.0,
            "max": 0.0,
            "count": 30
        },
        "Generator.Environment.EpisodeLength.sum": {
            "value": 0.0,
            "min": 0.0,
            "max": 0.0,
            "count": 30
        },
        "Generator.Step.mean": {
            "value": 29999.0,
            "min": 999.0,
            "max": 29999.0,
            "count": 30
        },
        "Generator.Step.sum": {
            "value": 29999.0,
            "min": 999.0,
            "max": 29999.0,
            "count": 30
        },
        "Generator.Policy.ExtrinsicValueEstimate.mean": {
            "value": -503.2266845703125,
            "min": -530.5294799804688,
            "max": -503.2266845703125,
            "count": 30
        },
        "Generator.Policy.ExtrinsicValueEstimate.sum": {
            "value": -503226.6875,
            "min": -530529.5,
            "max": -503226.6875,
            "count": 30
        },
        "Generator.Environment.CumulativeReward.mean": {
            "value": -2.7333380665779115,
            "min": -5.651609893798828,
            "max": -2.6101152584552767,
            "count": 30
        },
        "Generator.Environment.CumulativeReward.sum": {
            "value": -2733.3380665779114,
            "min": -5651.609893798828,
            "max": -2610.1152584552765,
            "count": 30
        },
        "Generator.Policy.ExtrinsicReward.mean": {
            "value": -2.7333380665779115,
            "min": -5.651609893798828,
            "max": -2.6101152584552767,
            "count": 30
        },
        "Generator.Policy.ExtrinsicReward.sum": {
            "value": -2733.3380665779114,
            "min": -5651.609893798828,
            "max": -2610.1152584552765,
            "count": 30
        },
        "Generator.IsTraining.mean": {
            "value": 1.0,
            "min": 1.0,
            "max": 1.0,
            "count": 30
        },
        "Generator.IsTraining.sum": {
            "value": 1.0,
            "min": 1.0,
            "max": 1.0,
            "count": 30
        },
        "Generator.Losses.PolicyLoss.mean": {
            "value": 0.41991500835865736,
            "min": 0.39172558300197124,
            "max": 0.41991500835865736,
            "count": 14
        },
        "Generator.Losses.PolicyLoss.sum": {
            "value": 0.41991500835865736,
            "min": 0.39172558300197124,
            "max": 0.41991500835865736,
            "count": 14
        },
        "Generator.Losses.ValueLoss.mean": {
            "value": 8.723665535449982,
            "min": 4.433308852215608,
            "max": 967.7599170804024,
            "count": 14
        },
        "Generator.Losses.ValueLoss.sum": {
            "value": 8.723665535449982,
            "min": 4.433308852215608,
            "max": 967.7599170804024,
            "count": 14
        },
        "Generator.Policy.LearningRate.mean": {
            "value": 0.0002826714057762,
            "min": 0.0002826714057762,
            "max": 0.0002987706004097999,
            "count": 14
        },
        "Generator.Policy.LearningRate.sum": {
            "value": 0.0002826714057762,
            "min": 0.0002826714057762,
            "max": 0.0002987706004097999,
            "count": 14
        },
        "Generator.Policy.Epsilon.mean": {
            "value": 0.19422380000000003,
            "min": 0.19422380000000003,
            "max": 0.19959020000000002,
            "count": 14
        },
        "Generator.Policy.Epsilon.sum": {
            "value": 0.19422380000000003,
            "min": 0.19422380000000003,
            "max": 0.19959020000000002,
            "count": 14
        },
        "Generator.Policy.Beta.mean": {
            "value": 0.0047117676200000005,
            "min": 0.0047117676200000005,
            "max": 0.00497955098,
            "count": 14
        },
        "Generator.Policy.Beta.sum": {
            "value": 0.0047117676200000005,
            "min": 0.0047117676200000005,
            "max": 0.00497955098,
            "count": 14
        }
    },
    "metadata": {
        "timer_format_version": "0.1.0",
        "start_time_seconds": "1682185267",
        "python_version": "3.9.2 (default, Feb 28 2021, 17:03:44) \n[GCC 10.2.1 20210110]",
        "command_line_arguments": "/home/bears_bears/Unity_env/bin/mlagents-learn ARLPCG.yaml --run-id G3_newobs2 --force",
        "mlagents_version": "0.30.0",
        "mlagents_envs_version": "0.30.0",
        "communication_protocol_version": "1.5.0",
        "pytorch_version": "1.11.0+cu102",
        "numpy_version": "1.21.2",
        "end_time_seconds": "1682185555"
    },
    "total": 287.6576827720128,
    "count": 1,
    "self": 0.007003517006523907,
    "children": {
        "run_training.setup": {
            "total": 0.03133102699939627,
            "count": 1,
            "self": 0.03133102699939627
        },
        "TrainerController.start_learning": {
            "total": 287.61934822800686,
            "count": 1,
            "self": 0.07237007580988575,
            "children": {
                "TrainerController._reset_env": {
                    "total": 40.35043368500192,
                    "count": 1,
                    "self": 40.35043368500192
                },
                "TrainerController.advance": {
                    "total": 246.99144849918957,
                    "count": 1934,
                    "self": 0.06543316533498,
                    "children": {
                        "env_step": {
                            "total": 171.02695548083284,
                            "count": 1934,
                            "self": 168.0505511729425,
                            "children": {
                                "SubprocessEnvManager._take_step": {
                                    "total": 2.9448753491597017,
                                    "count": 1934,
                                    "self": 0.2204265872569522,
                                    "children": {
                                        "TorchPolicy.evaluate": {
                                            "total": 2.7244487619027495,
                                            "count": 1934,
                                            "self": 2.7244487619027495
                                        }
                                    }
                                },
                                "workers": {
                                    "total": 0.03152895873063244,
                                    "count": 1933,
                                    "self": 0.0,
                                    "children": {
                                        "worker_root": {
                                            "total": 226.7909742949123,
                                            "count": 1933,
                                            "is_parallel": true,
                                            "self": 124.80328246775025,
                                            "children": {
                                                "run_training.setup": {
                                                    "total": 0.0,
                                                    "count": 0,
                                                    "is_parallel": true,
                                                    "self": 0.0,