{"count":1,"self":53.0321152,"total":581.512539,"children":{"InitializeActuators":{"count":41,"self":0.002652,"total":0.002652,"children":null},"InitializeSensors":{"count":41,"self":0.016456,"total":0.016456,"children":null},"AgentSendState":{"count":7516,"self":5.8399231999999994,"total":335.05974,"children":{"GridSensor.Update":{"count":61664,"self":298.6419456,"total":298.641938,"children":null},"CollectObservations":{"count":61664,"self":0.556492,"total":0.556492,"children":null},"WriteActionMask":{"count":61664,"self":0.116085,"total":0.116085,"children":null},"RequestDecision":{"count":61664,"self":0.301581,"total":29.905302,"children":{"AgentInfo.ToProto":{"count":61664,"self":0.592552,"total":29.603721,"children":{"GenerateSensorData":{"count":61664,"self":12.485495199999999,"total":29.011169,"children":{"GridSensor.Write":{"count":61664,"self":16.179783999999998,"total":16.179783999999998,"children":null},"RayPerceptionSensor.Perceive":{"count":61664,"self":0.34589,"total":0.34589,"children":null}}}}}}}}},"DecideAction":{"count":7516,"self":192.222144,"total":192.22214499999998,"children":null},"AgentAct":{"count":7516,"self":0.668252,"total":0.804717,"children":{"AgentInfo.ToProto":{"count":289,"self":0.002056,"total":0.136465,"children":{"GenerateSensorData":{"count":289,"self":0.057429999999999995,"total":0.134409,"children":{"GridSensor.Write":{"count":289,"self":0.07475699999999999,"total":0.07475699999999999,"children":null},"RayPerceptionSensor.Perceive":{"count":289,"self":0.002222,"total":0.002222,"children":null}}}}}}},"AgentInfo.ToProto":{"count":804,"self":0.0075559999999999993,"total":0.36865699999999996,"children":{"GenerateSensorData":{"count":804,"self":0.148427,"total":0.361101,"children":{"GridSensor.Write":{"count":804,"self":0.20732599999999998,"total":0.20732599999999998,"children":null},"RayPerceptionSensor.Perceive":{"count":804,"self":0.0053479999999999995,"total":0.0053479999999999995,"children":null}}}}}},"gauges":{"Solver.CumulativeReward":{"count":1093,"max":5.500008,"min":-1.04000068,"runningAverage":1.97322178,"value":3.360005,"weightedAverage":3.01436424}},"metadata":{"timer_format_version":"0.1.0","start_time_seconds":"1683568917","unity_version":"2022.2.11f1","command_line_arguments":"\/home\/bears_bears\/Unity_projects\/Flappy_bird\/Builds\/Linux_server\/PCG_1\/Flappy_bird_RL_PCG.x86_64 -nographics -batchmode --mlagents-port 5005 -logFile \/home\/bears_bears\/Unity_projects\/Flappy_bird\/TrainerConfig\/results\/PCG_1\/run_logs\/Player-0.log","communication_protocol_version":"1.5.0","com.unity.ml-agents_version":"2.0.1","scene_name":"RuledPCG","end_time_seconds":"1683569498"}}