{
    "name": "root",
    "gauges": {
        "Solver.Policy.Entropy.mean": {
            "value": 0.13058394193649292,
            "min": 0.08294393122196198,
            "max": 0.26161882281303406,
            "count": 3172
        },
        "Solver.Policy.Entropy.sum": {
            "value": 144.29525756835938,
            "min": 5.391355514526367,
            "max": 3463.795166015625,
            "count": 3172
        },
        "Solver.Score.mean": {
            "value": 7.666666666666667,
            "min": 0.08166189111747851,
            "max": 9.916666666666666,
            "count": 3166
        },
        "Solver.Score.sum": {
            "value": 138.0,
            "min": 6.0,
            "max": 642.0,
            "count": 3166
        },
        "Solver.Environment.LessonNumber.aux_input.mean": {
            "value": 0.0,
            "min": 0.0,
            "max": 0.0,
            "count": 3169
        },
        "Solver.Environment.LessonNumber.aux_input.sum": {
            "value": 0.0,
            "min": 0.0,
            "max": 0.0,
            "count": 3169
        },
        "Solver.Episode.mean": {
            "value": 1.0,
            "min": 1.0,
            "max": 1.0,
            "count": 2498
        },
        "Solver.Episode.sum": {
            "value": 1.0,
            "min": 1.0,
            "max": 1.0,
            "count": 2498
        },
        "Solver.Environment.EpisodeLength.mean": {
            "value": 63.388888888888886,
            "min": 19.916666666666668,
            "max": 81.03333333333333,
            "count": 3166
        },
        "Solver.Environment.EpisodeLength.sum": {
            "value": 1141.0,
            "min": 60.0,
            "max": 5134.0,
            "count": 3166
        },
        "Solver.Step.mean": {
            "value": 3184942.0,
            "min": 979.0,
            "max": 3184942.0,
            "count": 3185
        },
        "Solver.Step.sum": {
            "value": 3184942.0,
            "min": 979.0,
            "max": 3184942.0,
            "count": 3185
        },
        "Solver.Policy.ExtrinsicValueEstimate.mean": {
            "value": 2.513989210128784,
            "min": 1.8757051229476929,
            "max": 3.4376401901245117,
            "count": 3185
        },
        "Solver.Policy.ExtrinsicValueEstimate.sum": {
            "value": 67.8777084350586,
            "min": 48.438297271728516,
            "max": 145.35867309570312,
            "count": 3185
        },
        "Solver.Environment.CumulativeReward.mean": {
            "value": 3.3089471522130465,
            "min": 1.0157446014754317,
            "max": 4.188999752700329,
            "count": 3162
        },
        "Solver.Environment.CumulativeReward.sum": {
            "value": 62.86999589204788,
            "min": 3.919999420642853,
            "max": 208.73998975753784,
            "count": 3162
        },
        "Solver.Policy.ExtrinsicReward.mean": {
            "value": 3.3089471522130465,
            "min": 1.0157446014754317,
            "max": 4.188999752700329,
            "count": 3162
        },
        "Solver.Policy.ExtrinsicReward.sum": {
            "value": 62.86999589204788,
            "min": 3.919999420642853,
            "max": 208.73998975753784,
            "count": 3162
        },
        "Solver.IsTraining.mean": {
            "value": 0.0,
            "min": 0.0,
            "max": 0.0,
            "count": 3185
        },
        "Solver.IsTraining.sum": {
            "value": 0.0,
            "min": 0.0,
            "max": 0.0,
            "count": 3185
        }
    },
    "metadata": {
        "timer_format_version": "0.1.0",
        "start_time_seconds": "1683997887",
        "python_version": "3.9.13 (tags/v3.9.13:6de2ca5, May 17 2022, 16:36:42) [MSC v.1929 64 bit (AMD64)]",
        "command_line_arguments": "C:\\Users\\Kevinn\\test_ml_env\\Scripts\\mlagents-learn inference.yaml --num-envs=10 --run-id=InferPCG_Const_1_aux_1 --env=Z:\\Git\\Flappy_bird\\Builds\\Windows\\Inference\\Flappy_bird.exe --no-graphics --torch-device=cuda --time-scale=1 --inference --initialize-from=PCG_Const_1",
        "mlagents_version": "0.30.0",
        "mlagents_envs_version": "0.30.0",
        "communication_protocol_version": "1.5.0",
        "pytorch_version": "2.0.1+cu118",
        "numpy_version": "1.21.2",
        "end_time_seconds": "1683999884"
    },
    "total": 1996.1522508,
    "count": 1,
    "self": 3.453720500000145,
    "children": {
        "run_training.setup": {
            "total": 2.1688346999999997,
            "count": 1,
            "self": 2.1688346999999997
        },
        "TrainerController.start_learning": {
            "total": 1990.5296956,
            "count": 1,
            "self": 3.570070999976906,
            "children": {
                "TrainerController._reset_env": {
                    "total": 6.877840300000001,
                    "count": 1,
                    "self": 6.877840300000001
                },
                "TrainerController.advance": {
                    "total": 1980.081742800023,
                    "count": 61004,
                    "self": 7.893095100018627,
                    "children": {
                        "env_step": {
                            "total": 1972.1886477000044,
                            "count": 61004,
                            "self": 1364.072913800017,
                            "children": {
                                "SubprocessEnvManager._take_step": {
                                    "total": 605.6448054999862,
                                    "count": 84942,
                                    "self": 8.91221489999225,
                                    "children": {
                                        "TorchPolicy.evaluate": {
                                            "total": 596.732590599994,
                                            "count": 49275,
                                            "self": 596.732590599994
                                        }
                                    }
                                },
                                "workers": {
                                    "total": 2.47092840000135,
                                    "count": 61003,
                                    "self": 0.0,
                                    "children": {
                                        "worker_root": {
                                            "total": 19851.657314700053,
                                            "count": 84932,
                                            "is_parallel": true,
                                            "self": 2531.8086165002023,
                                            "children": {
                                                "steps_from_proto": {
                                                    "total": 0.3177097999999994,
                                                    "count": 10,
                                                    "is_parallel": true,
                                                    "self": 0.004607500000000542,
                                                    "children": {
                                                        "_process_maybe_compressed_observation": {
                                                            "total": 0.2959484999999962,
                                                            "count": 20,
                                                            "is_parallel": true,
                                                            "self": 0.013559099999993052,