{
    "name": "root",
    "gauges": {
        "Solver.Policy.Entropy.mean": {
            "value": -1.1920927533992653e-07,
            "min": -1.1920928244535389e-07,
            "max": 0.6931052803993225,
            "count": 3000
        },
        "Solver.Policy.Entropy.sum": {
            "value": -0.00012218950723763555,
            "min": -0.0003470181836746633,
            "max": 7075.912109375,
            "count": 3000
        },
        "Solver.Environment.EpisodeLength.mean": {
            "value": 11.4875,
            "min": 10.8,
            "max": 146.0,
            "count": 2985
        },
        "Solver.Environment.EpisodeLength.sum": {
            "value": 919.0,
            "min": 30.0,
            "max": 4031.0,
            "count": 2985
        },
        "Solver.Score.mean": {
            "value": 0.0,
            "min": 0.0,
            "max": 10.0,
            "count": 2985
        },
        "Solver.Score.sum": {
            "value": 0.0,
            "min": 0.0,
            "max": 249.0,
            "count": 2985
        },
        "Solver.Step.mean": {
            "value": 2999992.0,
            "min": 985.0,
            "max": 2999992.0,
            "count": 3000
        },
        "Solver.Step.sum": {
            "value": 2999992.0,
            "min": 985.0,
            "max": 2999992.0,
            "count": 3000
        },
        "Solver.Policy.ExtrinsicValueEstimate.mean": {
            "value": -0.6431409120559692,
            "min": -0.6576403975486755,
            "max": 3.329904794692993,
            "count": 3000
        },
        "Solver.Policy.ExtrinsicValueEstimate.sum": {
            "value": -51.451271057128906,
            "min": -53.22272872924805,
            "max": 84.64781951904297,
            "count": 3000
        },
        "Solver.Environment.CumulativeReward.mean": {
            "value": -0.4004999756813049,
            "min": -0.64000004529953,
            "max": 8.324999570846558,
            "count": 2989
        },
        "Solver.Environment.CumulativeReward.sum": {
            "value": -32.039998054504395,
            "min": -33.199997663497925,
            "max": 213.46998405456543,
            "count": 2989
        },
        "Solver.Policy.ExtrinsicReward.mean": {
            "value": -0.4004999756813049,
            "min": -0.64000004529953,
            "max": 8.324999570846558,
            "count": 2989
        },
        "Solver.Policy.ExtrinsicReward.sum": {
            "value": -32.039998054504395,
            "min": -33.199997663497925,
            "max": 213.46998405456543,
            "count": 2989
        },
        "Solver.IsTraining.mean": {
            "value": 1.0,
            "min": 1.0,
            "max": 1.0,
            "count": 3000
        },
        "Solver.IsTraining.sum": {
            "value": 1.0,
            "min": 1.0,
            "max": 1.0,
            "count": 3000
        },
        "Solver.Losses.PolicyLoss.mean": {
            "value": 0.08533401017387708,
            "min": 0.03649048122001918,
            "max": 0.647424995463105,
            "count": 1317
        },
        "Solver.Losses.PolicyLoss.sum": {
            "value": 0.08533401017387708,
            "min": 0.03649048122001918,
            "max": 0.647424995463105,
            "count": 1317
        },
        "Solver.Losses.ValueLoss.mean": {
            "value": 1.1727731722263205e-10,
            "min": 7.167709944096619e-11,
            "max": 125.19729164184989,
            "count": 1317
        },
        "Solver.Losses.ValueLoss.sum": {
            "value": 1.1727731722263205e-10,
            "min": 7.167709944096619e-11,
            "max": 125.19729164184989,
            "count": 1317
        },
        "Solver.Policy.LearningRate.mean": {
            "value": 2.7876665273342707e-07,
            "min": 2.7876665273342707e-07,
            "max": 0.0019985113334077664,
            "count": 1317
        },
        "Solver.Policy.LearningRate.sum": {
            "value": 2.7876665273342707e-07,
            "min": 2.7876665273342707e-07,
            "max": 0.0019985113334077664,
            "count": 1317
        },
        "Solver.Policy.Epsilon.mean": {
            "value": 0.10001393333333335,
            "min": 0.10001393333333335,
            "max": 0.19992556666666672,
            "count": 1317
        },
        "Solver.Policy.Epsilon.sum": {
            "value": 0.10001393333333335,
            "min": 0.10001393333333335,
            "max": 0.19992556666666672,
            "count": 1317
        },
        "Solver.Policy.Beta.mean": {
            "value": 1.0277273333333425e-05,
            "min": 1.0277273333333425e-05,
            "max": 0.0019985187766666675,
            "count": 1317
        },
        "Solver.Policy.Beta.sum": {
            "value": 1.0277273333333425e-05,
            "min": 1.0277273333333425e-05,
            "max": 0.0019985187766666675,
            "count": 1317
        }
    },
    "metadata": {
        "timer_format_version": "0.1.0",
        "start_time_seconds": "1684072405",
        "python_version": "3.9.13 (tags/v3.9.13:6de2ca5, May 17 2022, 16:36:42) [MSC v.1929 64 bit (AMD64)]",
        "command_line_arguments": "C:\\Users\\Kevinn\\test_ml_env\\Scripts\\mlagents-learn PCG.yaml --num-envs=10 --run-id=Fixed_2 --no-graphics --torch-device=cuda --time-scale=1 --env=Z:\\Git\\Flappy_bird\\Builds\\Windows\\Fixed\\Flappy_bird.exe",
        "mlagents_version": "0.30.0",
        "mlagents_envs_version": "0.30.0",
        "communication_protocol_version": "1.5.0",
        "pytorch_version": "2.0.1+cu118",
        "numpy_version": "1.21.2",
        "end_time_seconds": "1684076787"
    },
    "total": 4382.3605293,
    "count": 1,
    "self": 0.9663486999997986,
    "children": {
        "run_training.setup": {
            "total": 2.0184729999999997,
            "count": 1,
            "self": 2.0184729999999997
        },
        "TrainerController.start_learning": {
            "total": 4379.3757076,
            "count": 1,
            "self": 2.506361599919728,
            "children": {
                "TrainerController._reset_env": {
                    "total": 6.402588199999999,
                    "count": 1,
                    "self": 6.402588199999999
                },
                "TrainerController.advance": {
                    "total": 4370.295503100081,
                    "count": 58172,
                    "self": 1.2573235000700151,
                    "children": {
                        "env_step": {
                            "total": 4369.038179600011,
                            "count": 58172,
                            "self": 3740.185069200098,
                            "children": {
                                "SubprocessEnvManager._take_step": {
                                    "total": 626.4245846999861,
                                    "count": 149790,
                                    "self": 10.22311350005657,
                                    "children": {
                                        "TorchPolicy.evaluate": {
                                            "total": 616.2014711999295,
                                            "count": 73239,
                                            "self": 616.2014711999295
                                        }
                                    }
                                },
                                "workers": {
                                    "total": 2.4285256999267695,
                                    "count": 58172,
                                    "self": 0.0,