{
    "name": "root",
    "gauges": {
        "Generator.Policy.Entropy.mean": {
            "value": 1.296377182006836,
            "min": 1.296377182006836,
            "max": 1.2963776588439941,
            "count": 11841
        },
        "Generator.Policy.Entropy.sum": {
            "value": 10.371017456054688,
            "min": 1.296377182006836,
            "max": 128.34133911132812,
            "count": 11841
        },
        "Generator.theta.mean": {
            "value": -0.18907478917390108,
            "min": -1.2514762878417969,
            "max": 0.9579655230045319,
            "count": 11841
        },
        "Generator.theta.sum": {
            "value": -1.5125983133912086,
            "min": -5.81130104418844,
            "max": 10.639163728104904,
            "count": 11841
        },
        "Generator.height.mean": {
            "value": 5.0266817808151245,
            "min": 3.292520523071289,
            "max": 6.0,
            "count": 11841
        },
        "Generator.height.sum": {
            "value": 40.213454246520996,
            "min": 3.292520523071289,
            "max": 471.0541362762451,
            "count": 11841
        },
        "Generator.distance.mean": {
            "value": 3.3365339040756226,
            "min": 1.1200000047683716,
            "max": 4.0,
            "count": 11841
        },
        "Generator.distance.sum": {
            "value": 26.69227123260498,
            "min": 1.1200000047683716,
            "max": 234.6128453016281,
            "count": 11841
        },
        "Generator.Environment.EpisodeLength.mean": {
            "value": 9.0,
            "min": 0.0,
            "max": 9.0,
            "count": 11851
        },
        "Generator.Environment.EpisodeLength.sum": {
            "value": 9.0,
            "min": 0.0,
            "max": 36.0,
            "count": 11851
        },
        "Generator.Environment.LessonNumber.n_obstacles.mean": {
            "value": 0.0,
            "min": 0.0,
            "max": 0.0,
            "count": 11851
        },
        "Generator.Environment.LessonNumber.n_obstacles.sum": {
            "value": 0.0,
            "min": 0.0,
            "max": 0.0,
            "count": 11851
        },
        "Generator.Environment.LessonNumber.aux_input.mean": {
            "value": 5.0,
            "min": 0.0,
            "max": 5.0,
            "count": 11851
        },
        "Generator.Environment.LessonNumber.aux_input.sum": {
            "value": 5.0,
            "min": 0.0,
            "max": 5.0,
            "count": 11851
        },
        "Generator.Step.mean": {
            "value": 132202.0,
            "min": 6.0,
            "max": 132202.0,
            "count": 13221
        },
        "Generator.Step.sum": {
            "value": 132202.0,
            "min": 6.0,
            "max": 132202.0,
            "count": 13221
        },
        "Generator.Policy.ExtrinsicValueEstimate.mean": {
            "value": -0.05219801142811775,
            "min": -0.0754142552614212,
            "max": 0.024281848222017288,
            "count": 13221
        },
        "Generator.Policy.ExtrinsicValueEstimate.sum": {
            "value": -0.05219801142811775,
            "min": -0.15621767938137054,
            "max": 0.06993043422698975,
            "count": 13221
        },
        "Generator.Environment.CumulativeReward.mean": {
            "value": 0.19999998807907104,
            "min": -1.9991999864578247,
            "max": 1.9930000305175781,
            "count": 13221
        },
        "Generator.Environment.CumulativeReward.sum": {
            "value": 0.19999998807907104,
            "min": -11.973999857902527,
            "max": 2.843998670578003,
            "count": 13221
        },
        "Generator.Policy.ExtrinsicReward.mean": {
            "value": 0.19999998807907104,
            "min": -1.9991999864578247,
            "max": 1.9930000305175781,
            "count": 13221
        },
        "Generator.Policy.ExtrinsicReward.sum": {
            "value": 0.19999998807907104,
            "min": -11.973999857902527,
            "max": 2.843998670578003,
            "count": 13221
        },
        "Generator.Score.mean": {
            "value": 6.125,
            "min": 1.0,
            "max": 10.0,
            "count": 11832
        },
        "Generator.Score.sum": {
            "value": 49.0,
            "min": 1.0,
            "max": 643.0,
            "count": 11832
        },
        "Generator.IsTraining.mean": {
            "value": 0.0,
            "min": 0.0,
            "max": 0.0,
            "count": 13221
        },
        "Generator.IsTraining.sum": {
            "value": 0.0,
            "min": 0.0,
            "max": 0.0,
            "count": 13221
        },
        "Solver.Policy.Entropy.mean": {
            "value": 0.33430543541908264,
            "min": 0.03964630141854286,
            "max": 0.6928040981292725,
            "count": 16778
        },
        "Solver.Policy.Entropy.sum": {
            "value": 36.439292907714844,
            "min": 0.396463006734848,
            "max": 141.35968017578125,
            "count": 16778
        },
        "Solver.theta.mean": {
            "value": -0.18907478917390108,
            "min": -1.3439035415649414,
            "max": 1.2647842168807983,
            "count": 16399
        },
        "Solver.theta.sum": {
            "value": -1.5125983133912086,
            "min": -5.442746742628515,
            "max": 11.039532586291898,
            "count": 16399
        },
        "Solver.height.mean": {
            "value": 5.0266817808151245,
            "min": 2.659525156021118,
            "max": 6.0,
            "count": 16399
        },
        "Solver.height.sum": {
            "value": 40.213454246520996,
            "min": 2.659525156021118,
            "max": 429.43782019615173,
            "count": 16399
        },
        "Solver.distance.mean": {
            "value": 3.3365339040756226,
            "min": 1.1200000047683716,
            "max": 4.0,
            "count": 16399
        },
        "Solver.distance.sum": {
            "value": 26.69227123260498,
            "min": 1.1200000047683716,
            "max": 202.47065246105194,
            "count": 16399
        },
        "Solver.Environment.LessonNumber.n_obstacles.mean": {
            "value": 0.0,
            "min": 0.0,
            "max": 0.0,
            "count": 16775
        },
        "Solver.Environment.LessonNumber.n_obstacles.sum": {
            "value": 0.0,
            "min": 0.0,
            "max": 0.0,
            "count": 16775
        },
        "Solver.Environment.LessonNumber.aux_input.mean": {
            "value": 5.0,
            "min": 0.0,
            "max": 5.0,
            "count": 16775
        },
        "Solver.Environment.LessonNumber.aux_input.sum": {
            "value": 5.0,
            "min": 0.0,
            "max": 5.0,
            "count": 16775
        },
        "Solver.Environment.EpisodeLength.mean": {
            "value": 107.0,
            "min": 0.0,
            "max": 121.0,
            "count": 10771
        },
        "Solver.Environment.EpisodeLength.sum": {
            "value": 107.0,
            "min": 0.0,
            "max": 421.0,
            "count": 10771
        },
        "Solver.Step.mean": {
            "value": 1050788.0,
            "min": 29.0,
            "max": 1050788.0,
            "count": 19494
        },
        "Solver.Step.sum": {
            "value": 1050788.0,
            "min": 29.0,
            "max": 1050788.0,
            "count": 19494
        },
        "Solver.Policy.ExtrinsicValueEstimate.mean": {
            "value": 1.1136131286621094,