ydiffs;heights;distances;angles
-0.2469788;4;3;-4.706334
0.01006142;3.940824;2.993982;0.1925444
-4.152621;4;3;-54.15433
-2.171869;3.579165;3;-35.9029
-0.7690808;4;3;-14.37871
-0.6216018;4;3;-11.70607
0.5595264;4;3;10.56478
0.2101504;4;3;4.007031
0.1095293;4;3;2.090926