ydiffs;heights;distances;angles
0.2631819;3.733978;1.787472;8.375876
0.3685026;3.424347;1.820752;11.44156
0.4718497;3.559843;1.615964;16.27742
0.3566188;3.262728;1.547294;12.97883
0.4192809;3.682143;2.26336;10.49491
0.4781195;3.791646;2.021991;13.30378
0.4880283;3.577564;1.394003;19.2947
0.5471102;3.663729;1.848548;16.48705
0.5502962;3.485571;1.447052;20.8212