ydiffs;heights;distances;angles
-0.1969562;4;2.051317;-5.484415
-0.9254639;3.446088;2.395615;-21.12233
-0.9097154;3.088497;2.171026;-22.73493
-0.7274409;3.086474;1.568988;-24.87418
-0.502352;3.669074;2.282837;-12.41048
-0.535561;3.903805;1.458219;-20.1668
-0.5808604;3.298473;1.725531;-18.60462
-0.6948235;3.470616;1.607176;-23.38007
-0.819986;3.520437;1.972211;-22.57607