ydiffs;heights;distances;angles
-0.4188943;3.717756;1.786201;-13.19832
-0.3568568;2.786677;1.47121;-13.63434
-2.197428;3.460074;2.174433;-45.30136
-2.203987;3.088806;2.109;-46.26165
-2.198256;3.333227;1.577454;-54.33703
-2.218344;3.931399;2.111741;-46.41029
-0.6709717;4;1.844291;-19.9919
-1.131854;3.619965;2.083495;-28.51292
-1.445606;3.323604;1.832125;-38.27459