ydiffs;heights;distances;angles
0.1739135;3.74083;2.015583;4.931522
0.2537749;3.449673;1.948996;7.418631
0.2725654;3.758926;1.714655;9.032294
0.5911065;2.948179;1.896685;17.30977
0.515173;3.945468;1.777033;16.1672
0.4485404;3.514232;1.65863;15.13244
0.4194105;3.809465;1.470409;15.91994
0.03089629;3.736413;1.771789;0.9990169
0.05104981;3.399774;2.005648;1.458036