ydiffs;heights;distances;angles
0.193532;3.822322;1.63356;6.756485
0.1912071;3.487819;1.555702;7.006928
0.1342873;3.88814;1.476064;5.198266
0.1240357;3.01915;2.13786;3.3205
0.1693322;3.263573;1.67514;5.772161
-0.04352348;3.594605;2.062174;-1.209084
0.0840193;3.322167;2.103668;2.287145
0.2582557;3.574452;1.73364;8.472893
-0.1526656;3.172826;1.967819;-4.436183