ydiffs;heights;distances;angles
-0.03015183;3.519611;2.10197;-0.8218262
0.4865758;3.664344;1.821147;14.95892
0.4529792;3.387079;1.907387;13.3595
0.487833;3.607749;1.895332;14.43387
0.5720736;3.363891;1.888757;16.85071
0.261647;3.59761;2.404151;6.211132
0.3516101;3.287943;2.407827;8.308064
0.417717;4;1.596684;14.66088
0.410996;3.239145;2.24752;10.36298