ydiffs;heights;distances;angles
-1.394885;3.532052;2.203673;-32.33307
-0.9577264;3.548342;2.040976;-25.13828
-2.523081;3.725936;2.582739;-44.33057
-2.299089;3.061959;2.207373;-46.16592
-2.00934;3.919479;1.784309;-48.39468
-1.753616;3.394328;1.708728;-45.74277
0.0952685;4;2.039575;2.674341
-0.1273401;3.660943;1.498268;-4.857982
-0.1780962;3.2997;1.667516;-6.096268