ydiffs;heights;distances;angles
-0.8405241;3.586579;1.950431;-23.31327
-0.499965;3.279469;1.887756;-14.83399
-0.4277646;3.820771;1.838932;-13.09503
-0.3720901;3.759161;1.17902;-17.51532
-0.4560438;2.930558;2.052693;-12.52588
-0.6229668;3.700065;2.261791;-15.39919
-0.8010929;3.504141;1.810741;-23.86516
0.1417912;3.99886;1.967192;4.122634
-0.08500475;3.278915;1.789924;-2.718973