ydiffs;heights;distances;angles
-2.239182;3.441041;1.803602;-51.14947
-2.083188;3.073267;1.598347;-52.50242
-2.086971;3.610759;1.874794;-48.06562
-2.200057;3.90302;1.559311;-54.67254
-0.5624576;3.883344;1.432255;-21.44031
-0.990769;3.780998;1.548522;-32.61175
-1.30311;3.339168;1.410257;-42.73865
-1.446991;4;2.201141;-33.3202
0.9316999;3.175607;1.880747;26.35328