ydiffs;heights;distances;angles
0.1351869;3.503937;1.917702;4.032349
-0.3964723;3.391285;1.462291;-15.16995
0.6680924;3.659445;1.982435;18.62413
0.5271167;3.39525;1.956477;15.07867
0.4247224;3.680345;1.397589;16.90384
0.03647279;3.54379;2.1399;0.9764637
0.05938515;3.099667;1.703596;1.996448
0.05033512;4;1.541961;1.869675
-0.02456569;3.183916;2.177996;-0.6462136