ydiffs;heights;distances;angles
0.05086511;3.740733;1.820752;1.600217
0.1190485;3.468476;1.784637;3.8164
0.1836993;3.510813;1.967758;5.333366
0.1551037;3.571896;1.792987;4.944106
0.3289875;3.305393;1.854726;10.05839
0.2566667;3.766123;2.14128;6.835206
-0.02340197;3.47181;1.60352;-0.8361224
-0.0391055;3.890664;2.55733;-0.8760722
0.1883837;3.240033;2.332094;4.618257