ydiffs;heights;distances;angles
0.3633318;3.393193;2.094816;9.839683
0.4670649;3.54645;2.11349;12.46163
0.5114356;4;1.801607;15.84805
0.5434521;3.362237;1.683772;17.88794
0.5196894;3.263886;1.947069;14.94436
0.5166901;3.83254;1.812924;15.90775
0.509087;4;2.282964;12.57094
0.5111328;3.606257;1.905826;15.01313
0.5990362;3.33947;1.620595;20.28631