ydiffs;heights;distances;angles
0.15065;3.184356;2.026191;4.252194
0.3875758;3.696124;1.983311;11.05731
0.3487334;3.532927;1.868695;10.57087
-1.754219;3.265214;1.915192;-42.48811
-1.650868;3.514652;2.35295;-35.05413
-0.7667102;3.917569;2.180043;-19.37652
-1.125688;3.117041;1.508524;-36.73098
-2.247166;3.808614;1.512966;-56.04851
-2.148111;3.472058;1.878381;-48.83246