ydiffs;heights;distances;angles
-0.1341404;2.942339;1.867939;-4.107471
-0.2425416;3.957862;2.01383;-6.867509
-0.1007372;3.546211;1.962514;-2.938454
-0.1539525;3.962616;1.873016;-4.698864
-0.7567372;3.747929;2.351642;-17.83771
-0.844915;3.95663;1.847688;-24.57378
-0.2783071;3.480514;1.777786;-8.897268
-0.4893394;3.820951;2.268842;-12.17101
-0.6100848;3.684311;1.901658;-17.78714