ydiffs;heights;distances;angles
-0.8791311;3.31758;1.690294;-27.47919
-0.02916159;3.009848;1.860405;-0.8980297
-0.09855045;3.539535;2.133283;-2.644991
-0.4628506;3.920843;2.099596;-12.43187
-0.2461601;3.101938;1.481263;-9.435337
-2.357177;3.806828;1.656958;-54.89501
-1.840942;3.747954;1.698387;-47.30649
-2.14829;3.541434;1.162693;-61.57696
-2.005187;3.756251;1.959115;-45.66584