ydiffs;heights;distances;angles
-0.207321;3.755883;1.781232;-6.638896
0.03258189;3.229706;1.916739;0.9738544
-0.1172362;3.19034;2.261615;-2.967406
-0.007335311;3.494272;1.653647;-0.2541532
0.3163436;4;1.851262;9.697038
0.2941265;3.376368;1.500067;11.09356
0.1000962;3.621885;1.621614;3.532173
0.1905258;3.893105;2.003038;5.433537
0.2015838;3.267396;1.817061;6.330479