ydiffs;heights;distances;angles
0.06954919;3.882622;1.634891;2.435926
-0.1207078;3.492563;1.467436;-4.702429
-0.1329612;3.531581;1.62412;-4.680172
0.1384841;2.983145;2.054718;3.855794
0.06362062;3.746443;1.969476;1.850201
0.5696346;3.938167;1.599468;19.60285
0.4333046;3.28129;1.986706;12.30365
0.5673668;3.57283;2.012578;15.7437
0.5057911;3.466707;2.234206;12.7559