ydiffs;heights;distances;angles
0.2529675;3.243094;1.7448;8.24947
0.2902251;3.495885;2.532991;6.536334
-1.910789;3.760042;1.991584;-43.81391
-1.777539;3.44479;1.860988;-43.68615
-0.8314789;3.818794;1.866226;-24.0149
-1.195031;3.499465;2.25835;-27.88606
-2.322927;3.606803;1.526525;-56.68884
-2.400331;3.811404;2.113302;-48.63862
-1.715733;4;2.313387;-36.56263