ydiffs;heights;distances;angles
-0.5835227;3.384916;1.528278;-20.89771
-0.06282289;3.42836;1.8663;-1.927947
-0.2240251;3.762459;2.05059;-6.234786
-0.8953292;3.143013;1.448982;-31.71202
-0.8707107;4;1.997639;-23.55094
-0.3243664;3.784281;1.9748;-9.327705
-0.5972982;3.586466;1.80004;-18.35714
-0.5229536;3.643182;1.486106;-19.38673
-0.3433474;3.847814;2.084635;-9.352864