ydiffs;heights;distances;angles
-0.197816;3.612939;2.108697;-5.35921
-0.05751795;3.387378;1.816188;-1.813928
-0.4599939;3.738732;1.747771;-14.74522
-0.2501541;3.519227;1.909425;-7.46382
-2.239392;3.142627;1.705758;-52.70327
-1.739616;4;1.974556;-41.38058
-2.137964;3.333907;1.738574;-50.8823
-2.011478;3.651602;1.777675;-48.53086
-0.8653613;3.417334;1.963184;-23.78763