ydiffs;heights;distances;angles
-1.516653;3.726131;1.992988;-37.27094
0.8283629;3.558338;1.88161;23.76109
0.46291;3.615566;2.011177;12.96195
0.2071972;3.297378;1.846223;6.403376
0.3602115;3.807268;1.768461;11.51288
0.5844956;3.047904;2.446523;13.4366
1.103817;3.782661;1.56893;35.1282
0.3227963;3.26149;2.189946;8.384975
0.4380305;3.791367;1.470274;16.59008