ydiffs;heights;distances;angles
0.1104034;3.166132;2.229075;2.835473
0.08525899;3.603527;1.901238;2.567648
0.1680881;3.440715;1.76736;5.43288
0.2413035;3.558928;1.767533;7.773957
0.2901041;2.993052;1.434474;11.43313
0.1107431;4;1.880062;3.371055
0.1959963;3.129405;2.003589;5.587046
0.04115811;3.642559;2.117739;1.113399
0.1207043;3.360797;1.553542;4.442739