ydiffs;heights;distances;angles
0.3827724;3.221487;1.859507;11.63165
0.332173;3.545241;2.041035;9.24369
0.3631725;3.407787;1.631341;12.55064
0.3754119;3.82774;1.762329;12.02542
0.3662201;3.205442;2.161314;9.61704
0.5254315;2.987966;1.541038;18.8273
0.4673293;3.677494;1.405974;18.3862
0.4188661;3.651542;2.009028;11.77699
0.4391209;3.125378;1.774903;13.89625