ydiffs;heights;distances;angles
0.4956758;3.185552;1.234033;21.88392
3.014893;3.771936;2.170096;54.25396
0.1090118;3.639876;1.828026;3.412714
0.3533833;3.540635;2.226386;9.019041
0.4195682;3.431269;1.934567;12.23678
0.4216289;3.663229;1.721768;13.75989
0.2752822;3.383696;1.739677;8.991786
0.3391329;3.669473;2.307863;8.359599
-1.512441;3.51177;2.108044;-35.65798