ydiffs;heights;distances;angles
-1.528874;3.558786;2.279562;-33.84927
-2.008541;3.598528;1.673367;-50.20145
-1.73309;3.627186;1.892008;-42.48985
-2.153649;3.311159;2.304363;-43.06371
-2.049699;3.882251;1.76936;-49.19827
0.2782594;3.860388;1.951963;8.113058
0.01403551;3.101106;1.684783;0.4773061
-0.472522;3.642525;1.764541;-14.99136
-0.2392159;3.51825;2.056739;-6.634171