ydiffs;heights;distances;angles
-1.108718;3.599625;2.02894;-28.65447
-0.9477738;2.830986;1.753222;-28.39521
-1.075225;3.348907;2.519606;-23.11005
-1.257677;3.519427;2.065528;-31.33677
-0.6373999;3.218739;1.962548;-17.99286
-0.7403556;3.937714;1.741752;-23.02859
-0.2621858;3.540714;2.408472;-6.212742
-0.4358041;3.27525;1.320996;-18.25802
-0.05259823;2.959074;1.637414;-1.839865