ydiffs;heights;distances;angles
-2.43089;3.279956;2.128739;-48.79125
-1.760216;3.784993;2.428624;-35.93382
-2.051049;3.564339;1.898457;-47.21255
-1.321806;3.867706;1.997973;-33.48755
-1.587825;3.291467;1.995167;-38.51402
-0.9322641;3.536953;1.522734;-31.47624
-1.178391;3.549346;2.032316;-30.10629
0.7362723;3.764116;2.276432;17.9229
0.3851707;3.42482;1.515614;14.25901