ydiffs;heights;distances;angles
0.3575635;3.516263;1.988943;10.19152
0.3739672;3.547064;2.028935;10.44338
0.5677635;3.989939;1.12;26.8819
0.4400964;3.077673;1.836797;13.47406
-0.2094048;3.51052;1.962136;-6.091714
-0.1292914;3.780706;1.839191;-4.021161
0.154041;3.424526;1.702173;5.17099
0.02487463;3.757129;2.074202;0.6870803
0.2002894;3.179515;1.855173;6.161935