ydiffs;heights;distances;angles
-0.3163985;3.915401;2.205634;-8.163394
-0.07115526;3.051837;1.759291;-2.316089
0.6207566;3.41457;1.722481;19.81842
0.5937858;3.641799;1.741747;18.82496
0.3615214;3.362886;1.721106;11.86262
0.4491375;3.642072;1.924537;13.13625
0.3365192;3.089965;1.841693;10.35501
0.3901013;3.855337;1.963149;11.23896
0.2638899;3.518238;2.085618;7.211224