ydiffs;heights;distances;angles
-1.267623;3.219605;2.040883;-31.84503
-1.723095;3.264884;1.878699;-42.52626
-1.452637;3.832127;1.886594;-37.5955
-2.016528;4;1.961818;-45.78789
-1.766463;3.709373;1.600864;-47.81543
-2.076927;3.537518;1.429607;-55.45928
-1.957398;4;2.130769;-42.57164
0.2163056;3.834394;1.487649;8.272885
-0.08153795;3.250807;1.984204;-2.353163