ydiffs;heights;distances;angles
-0.903131;4;1.828398;-26.28691
-0.5252667;3.332847;1.772392;-16.50773
-1.017128;3.6613;1.708551;-30.76601
-0.7486697;3.646407;2.054291;-20.02386
-0.6302083;4;1.527745;-22.41657
-0.8318481;3.333755;1.721301;-25.79294
-0.335098;3.402525;1.615178;-11.72077
-0.5525457;3.960115;2.381788;-13.06089
-0.2223309;3.532547;1.905767;-6.65417