ydiffs;heights;distances;angles
-0.3992113;3.891185;1.865166;-12.08103
-2.436804;3.636617;2.040333;-50.0606
-2.445914;3.020354;1.969428;-51.15929
-1.930388;3.45697;1.973876;-44.36182
-2.112276;3.632077;1.794014;-49.65784
-1.37255;3.8823;1.817511;-37.05942
-1.564171;3.293404;2.41342;-32.94784
-0.9578205;3.832764;1.963305;-26.00595
-1.173551;3.479748;1.679339;-34.94652