ydiffs;heights;distances;angles
0.2737081;3.916429;1.904012;8.18042
0.3143252;2.939534;2.07793;8.601829
0.4625035;3.764968;2.310892;11.31768
0.4447924;3.461119;1.650013;15.08656
2.372716;3.185024;1.98035;50.15047
0.3387217;3.499639;2.235754;8.614924
-0.2481215;2.96444;1.546323;-9.11592
-0.07083266;3.884437;2.128072;-1.906381
0.1681756;3.506001;2.226202;4.320131