ydiffs;heights;distances;angles
0.1697449;3.220534;1.501351;6.450552
0.2085755;3.572387;1.861685;6.392526
0.2041649;3.715843;2.164871;5.387524
-1.415095;3.325584;1.724314;-39.37474
-1.824214;3.644118;2.000303;-42.36385
-2.618125;3.274747;2.058914;-51.81821
-3.319707;4;1.701913;-62.85716
0.5483665;4;2.150702;14.30399
-0.09587129;3.620273;2.134695;-2.571483