ydiffs;heights;distances;angles
-0.03266922;3.617201;1.767388;-1.058961
0.249715;3.410546;1.82548;7.789382
0.1780298;3.768837;1.974088;5.153183
0.2458734;3.774041;1.658431;8.433055
0.2170502;2.886017;1.915638;6.464293
0.1640691;3.608779;1.88477;4.975051
0.1238059;3.482835;1.766052;4.010056
0.07362387;3.941315;2.014137;2.093433
0.02287662;3.313922;1.856815;0.7058686