ydiffs;heights;distances;angles
0.1626378;3.211492;1.857313;5.004407
0.223096;3.951035;1.918723;6.632182
-1.39286;3.228136;2.083318;-33.76581
-1.314198;3.99312;1.604258;-39.32411
-1.282925;3.278519;1.805835;-35.39125
-1.507015;3.634733;1.836128;-39.37767
-1.705724;3.459066;1.708991;-44.94519
-1.838687;3.786953;1.816542;-45.34711
-1.957003;3.490302;1.630665;-50.19739