ydiffs;heights;distances;angles
-0.4188982;2.938634;2.228687;-10.64497
-0.3578353;4;1.828273;-11.07412
-0.4431114;3.155586;2.448489;-10.25799
-0.5304544;3.765254;1.359671;-21.31247
-0.5817382;3.41897;2.071546;-15.68598
-0.7255636;3.9768;1.735633;-22.68687
-0.8746088;3.29737;1.518067;-29.94767
-0.8804154;3.538745;2.033555;-23.4099
-0.7182429;3.73011;2.016044;-19.60913