ydiffs;heights;distances;angles
-0.6016912;3.181506;1.983041;-16.87877
-0.3190699;4;1.779158;-10.16721
-0.2630618;3.377756;2.259531;-6.640663
-0.1764524;3.633457;2.58772;-3.900866
-2.483464;3.225099;1.646905;-56.44972
-2.086385;3.398919;2.364419;-41.42549
-1.849221;3.979061;1.834843;-45.22361
-1.723205;3.386968;1.64449;-46.33897
-1.495573;3.665365;1.78326;-39.98566