ydiffs;heights;distances;angles
-1.27227;3.101493;2.025187;-32.13801
0.6408426;3.862785;2.330933;15.3725
0.3638418;3.28532;1.733245;11.85536
0.004555983;3.397422;1.883867;0.138565
0.08805871;3.610918;1.993873;2.528805
0.2709632;3.797751;1.868269;8.252315
0.4033836;3.414237;1.944364;11.72049
0.4659039;3.582894;2.058669;12.75198
0.4567303;3.34838;2.041671;12.6097