ydiffs;heights;distances;angles
-0.155108;3.193402;1.885031;-4.703934
0.03963044;3.777397;2.353776;0.9645957
0.08350532;3.219155;1.762948;2.711895
0.1665034;3.8912;1.893305;5.025848
0.2122296;3.108684;2.267444;5.347228
0.2528836;3.734788;1.591515;9.028527
0.2278529;3.809227;2.043861;6.361161
0.1768219;3.247071;1.679094;6.011544
0.13332;3.436378;1.815585;4.199742