ydiffs;heights;distances;angles
-0.1973049;3.274903;1.687554;-6.668615
-0.1323721;3.595561;2.203503;-3.437825
-0.1903257;3.343843;2.40686;-4.521333
0.6870064;3.613949;1.381911;26.43391
0.5050451;3.643949;1.779619;15.84362
0.3950329;3.229233;1.824182;12.21893
0.4041908;3.853887;1.950802;11.70561
0.3742786;2.95497;1.885981;11.22468
0.3329638;3.800663;1.913246;9.872356