ydiffs;heights;distances;angles
-0.05737169;3.736031;1.563489;-2.101506
-0.2258346;3.466418;2.226446;-5.79186
-0.492859;3.882196;2.080068;-13.33004
-0.507094;2.980713;1.802434;-15.71333
-0.5550881;3.48496;1.60862;-19.03807
-0.6712869;3.574807;1.84571;-19.98639
-0.8123553;3.95628;1.980207;-22.30528
-0.9704017;3.019559;1.911855;-26.91101
-0.8314466;3.079911;2.584161;-17.83543