ydiffs;heights;distances;angles
-0.671165;3.556015;1.995828;-18.58697
-0.3766843;3.360214;1.773735;-11.98966
-0.3201204;3.57953;1.954673;-9.300868
-0.2211046;3.383069;2.024591;-6.232546
-0.1242633;3.687605;1.139677;-6.222598
-2.418961;3.66595;2.527194;-43.74644
-2.089684;3.565239;2.289125;-42.39215
-1.800159;4;1.876577;-43.80932
-1.619976;3.068918;1.711297;-43.42973