ydiffs;heights;distances;angles
-1.411077;3.684725;2.379534;-30.66817
-1.015321;3.464429;1.55394;-33.15999
0.6468102;4;2.33517;15.48201
0.4385509;3.317639;2.055864;12.04168
0.3361517;3.635683;1.945485;9.803093
0.4077091;3.507009;1.760572;13.03858
0.4466675;3.770028;2.012116;12.51607
0.4909762;3.187902;1.746721;15.69985
0.5477657;3.414384;2.247292;13.69844