ydiffs;heights;distances;angles
-0.6309775;4;2.01157;-17.41529
-0.2087167;3.207079;1.767129;-6.736032
-0.0881751;3.617672;1.816142;-2.779571
0.02814087;3.571309;1.267508;1.271857
-3.537482;3.763909;1.566752;-66.11143
-2.028393;3.520258;2.166853;-43.10968
-1.009785;3.837581;2.161586;-25.03965
-0.6654291;3.485341;1.407461;-25.30416
0.6411548;3.830423;1.837042;19.23974