ydiffs;heights;distances;angles
-0.2064486;3.601887;2.295739;-5.138609
0.003685499;3.430329;2.187178;0.096546
-0.2877227;4;1.692852;-9.646
-0.198409;3.32409;2.02444;-5.597502
-0.05937087;3.456397;1.940347;-1.752594
0.06440938;3.167557;1.420357;2.596432
0.1755493;3.801285;1.947788;5.150011
0.1095363;3.304842;1.504947;4.162884
0.1979316;2.909711;1.775107;6.362431