ydiffs;heights;distances;angles
0.1620761;3.891342;1.678402;5.515709
0.2875614;3.278482;2.047007;7.996523
0.332119;3.571657;1.959233;9.621024
0.3894095;3.152349;1.503662;14.51914
0.4141667;3.487952;2.108831;11.11126
0.4418642;2.933294;2.211534;11.29891
0.4786738;2.93885;1.492766;17.77909
0.4665772;3.737107;2.126244;12.37666
0.4976865;3.433478;1.897482;14.69693