ydiffs;heights;distances;angles
0.4351544;3.867557;1.833809;13.34912
-3.362696;3.109973;1.580688;-64.82339
-2.536447;4;1.994991;-51.8139
-1.818333;3.933719;1.671239;-47.41374
-1.422865;3.639406;1.625183;-41.2025
-1.090536;3.395192;1.832578;-30.75616
-0.8505994;3.469463;1.767648;-25.69705
-0.6526708;3.454238;1.695188;-21.05739
-0.4728087;3.788351;2.067584;-12.88074