ydiffs;heights;distances;angles
-0.2054;3.303259;1.741061;-6.728314
-0.1521682;3.571839;2.024783;-4.297863
-0.2285667;3.11416;1.680458;-7.745527
-0.2971137;4;2.607033;-6.501733
-0.4022962;4;1.759512;-12.87878
-0.5414366;3.598728;1.74124;-17.27302
-0.6958957;3.68128;2.214773;-17.44305
-0.9279504;3.396906;1.651429;-29.33195
-1.152312;3.761124;1.569785;-36.2808