ydiffs;heights;distances;angles
-2.481788;3.612191;2.227524;-48.0905
-2.556487;4;1.51233;-59.3929
-2.632013;3.265108;1.867475;-54.64341
1.298829;3.89203;1.820195;35.51036
0.6883975;3.264823;2.016462;18.84933
0.410118;3.561923;2.325199;10.00293
0.4928237;3.470964;1.996463;13.86617
0.4789993;3.693846;2.059017;13.09607
0.4437234;3.01871;1.58523;15.63752