ydiffs;heights;distances;angles
0.2184987;3.496223;2.019937;6.17374
0.2928822;3.644199;2.118043;7.87291
0.2873161;3.261392;1.960474;8.337593
0.2925441;3.821625;2.207697;7.548342
0.2758316;3.496602;2.283117;6.888723
0.2390851;3.605288;1.57683;8.621737
0.1843154;3.252951;1.5433;6.810541
0.1342151;3.825799;2.167904;3.542665
0.1282922;3.892549;1.619052;4.530597