ydiffs;heights;distances;angles
0.1034213;3.505648;1.670113;3.543501
0.2446296;3.979096;1.89182;7.367982
-0.04098421;3.160923;1.804244;-1.301275
-0.009739325;3.288053;2.126638;-0.2623946
0.1185481;4;1.63249;4.153412
0.2077717;3.401454;1.834092;6.463094
0.323063;3.149329;1.66378;10.98861
0.387233;3.225271;1.913011;11.44323
0.4269891;3.823819;1.774791;13.52745