ydiffs;heights;distances;angles
0.3405145;3.232279;1.336315;14.29565
0.4108106;3.770158;2.122158;10.9559
-3.349996;3.063343;1.919889;-60.1829
-2.672886;3.96229;1.737433;-56.97527
-1.985367;3.541756;1.751385;-48.58298
-1.643775;3.880402;1.982436;-39.66448
-1.340815;3.059301;1.612484;-39.74425
-1.016011;3.987917;2.118734;-25.61943
-0.8135534;3.593546;1.847884;-23.76208