ydiffs;heights;distances;angles
-0.5544117;3.365164;1.394632;-21.67943
-0.2303093;3.810172;1.499126;-8.734013
-0.1552961;3.458297;2.241426;-3.963375
-0.09671578;3.479324;1.622221;-3.411898
0.02146876;3.518918;1.913103;0.6429439
0.07264102;3.848458;2.770595;1.501869
0.1227959;3.062179;1.852807;3.791766
0.1123762;3.047417;1.741013;3.693117
0.03642783;4;1.535711;1.358829