ydiffs;heights;distances;angles
-0.3492616;3.447568;2.050147;-9.668052
-0.3115228;3.724633;1.898926;-9.316508
-0.4183002;3.452695;1.778456;-13.23564
-0.5125796;3.681985;1.993305;-14.42119
-0.6602347;3.56093;2.241915;-16.40949
-1.114724;3.409994;2.376171;-25.1325
-1.187987;3.931988;1.957805;-31.24917
-1.394825;3.119284;1.750898;-38.54202
-1.640309;3.718526;2.320482;-35.25584