ydiffs;heights;distances;angles
0.2165855;4;1.95295;6.32834
-0.05938377;3.411541;1.713675;-1.984669
0.1079685;3.669502;1.931107;3.200085
0.2213381;3.37885;1.710824;7.371702
0.2713909;3.595051;1.753565;8.797594
0.5277376;2.261531;1.409589;20.52545
0.4710496;3.824487;2.081396;12.75203
0.4855199;3.44021;2.243185;12.21284
0.5298862;3.211659;2.0933;14.20514