ydiffs;heights;distances;angles
-2.855613;3.33153;2.261148;-51.6269
1.230641;4;1.939039;32.40187
0.633269;3.410336;1.808229;19.30102
0.400926;3.593268;1.83003;12.35722
0.48408;3.759673;1.661521;16.24335
0.4616137;3.79493;1.765806;14.6503
0.4297524;3.237835;2.349139;10.36707
0.4320478;3.743327;2.097214;11.64067
0.4126409;3.494848;1.838162;12.65233