ydiffs;heights;distances;angles
0.1379051;3.213309;1.613765;4.884374
0.1927789;4;2.281472;4.829882
0.2197385;3.416438;2.042931;6.139155
0.218108;3.652456;1.883506;6.605371
0.1967599;3.209003;1.412904;7.927979
0.1339671;3.775449;1.199517;6.372622
0.166097;3.602821;1.87497;5.062417
0.1244261;3.117654;1.25226;5.674354
0.2774286;4;1.751994;8.998089