ydiffs;heights;distances;angles
0.08288523;3.333646;2.174409;2.182972
0.3224062;3.580679;2.144468;8.549995
0.3103164;3.394408;1.575672;11.14138
0.4137745;3.156804;1.930762;12.09589
0.3981597;4;1.759445;12.75117
0.4756735;2.839435;1.856977;14.36766
0.4370028;3.558489;2.069231;11.92512
0.5281906;3.243699;1.736831;16.91513
0.4803873;3.502222;2.380913;11.40719