ydiffs;heights;distances;angles
-3.113896;3.465645;1.58117;-63.07952
-2.802024;3.623998;2.271156;-50.97382
-1.513076;3.271224;2.100303;-35.76928
-2.020946;3.878608;1.434271;-54.63657
-0.830426;3.501792;1.722992;-25.73255
-1.2743;3.690999;1.765589;-35.81958
-0.4974733;3.334799;2.344773;-11.97841
-0.8446442;3.85412;1.883605;-24.15237
-0.2650197;3.6914;1.748371;-8.619328