ydiffs;heights;distances;angles
-0.4631092;3.322125;2.010321;-12.97267
0.01760738;3.79797;2.02261;0.4987629
-0.1231201;3.251145;1.483499;-4.744277
0.1357658;3.561581;1.709805;4.540001
0.05754823;3.526122;1.937131;1.701641
-0.02514809;3.592564;2.344697;-0.6145033
0.07428375;3.7218;1.936961;2.196255
-0.189883;3.295454;1.823562;-5.944643
-0.0552421;3.973589;1.976279;-1.601148