ydiffs;heights;distances;angles
-0.8857044;3.32496;2.406469;-20.20621
-0.4900101;3.855707;1.623111;-16.79884
-1.097609;3.991865;1.977373;-29.03397
-0.7404488;3.285723;1.765652;-22.75137
-1.596565;3.660015;1.660647;-43.87292
-1.132294;3.804272;1.917732;-30.55905
-2.22785;3.785751;1.79939;-51.0729
-1.765446;2.967333;2.057611;-40.62984
-2.57086;3.753493;1.421002;-61.06908