ydiffs;heights;distances;angles
0.3854842;3.33301;2.343298;9.341773
0.3949914;3.759992;2.231807;10.03644
0.17143;3.223809;1.65402;5.917263
0.04848943;3.396499;2.060463;1.348108
0.2025355;3.423853;2.062439;5.608573
0.2243652;3.973413;1.631801;7.828817
0.3423707;3.17767;1.903163;10.19818
0.2622746;3.314091;2.467033;6.068421
0.3532369;3.667049;2.06336;9.714575