ydiffs;heights;distances;angles
0.004228028;3.050931;2.167273;0.1117754
0.1880104;4;1.606535;6.674879
0.03991985;3.694448;2.169116;1.054338
0.1424448;3.559953;2.279823;3.57523
0.1559266;3.667074;1.561013;5.704245
0.07344258;3.363949;2.14852;1.957772
0.2518676;3.620761;2.157596;6.658304
0.1898981;3.366336;1.387764;7.791821
0.3012167;3.575864;2.149269;7.977954