ydiffs;heights;distances;angles
0.1633034;3.016087;1.890831;4.936156
0.3668422;3.487897;1.748275;11.8505
0.3270054;3.739995;1.931369;9.609773
0.4436973;3.379803;1.804371;13.81501
0.4274547;3.676169;1.743191;13.77786
0.4995471;2.992697;2.053721;13.67113
0.4708281;3.973806;1.258508;20.51163
0.5353798;3.533221;1.7822;16.72047
0.4913194;3.615673;1.670117;16.39297