ydiffs;heights;distances;angles
-2.048175;3.164721;1.837476;-48.10381
-2.151722;3.80946;2.356533;-42.39882
-1.153068;3.119859;1.933446;-30.81099
-1.540579;3.709169;2.122653;-35.9714
-0.6426569;3.38641;2.245894;-15.96834
-1.336497;4;1.61473;-39.61423
-0.375561;3.819346;1.968003;-10.80406
-0.6157487;3.224235;1.716009;-19.73931
-0.169591;3.166982;1.923812;-5.037807