ydiffs;heights;distances;angles
0.4226793;3.693366;1.906027;12.50353
0.5198736;2.726544;1.752107;16.52633
0.4443747;3.591423;1.938675;12.91008
0.5011936;3.357017;1.634534;17.04699
0.5353508;3.881986;1.432243;20.49498
0.5119369;3.256589;1.999067;14.36406
0.1081334;2.976404;2.064335;2.99851
0.2421794;3.964217;1.828954;7.542892
0.3044254;3.55036;2.231;7.770162