ydiffs;heights;distances;angles
-0.3557202;3.551149;1.649507;-12.1696
0.0608314;3.664429;2.156473;1.615814
-0.04745755;3.435858;2.005928;-1.355288
-0.02218457;3.276489;1.573549;-0.807727
0.09325694;4;1.675604;3.185552
-0.1830936;3.278934;2.277896;-4.595464
-0.05868998;3.708819;1.647307;-2.040462
-0.3712375;3.448347;1.976218;-10.63917
-0.2047625;3.52365;1.921512;-6.082668