ydiffs;heights;distances;angles
-1.218369;3.899962;2.146749;-29.57671
-0.7287994;3.429604;1.99763;-20.04359
-1.546134;3.770502;1.787947;-40.85173
-1.083998;3.508124;1.36196;-38.51665
-2.007098;3.971163;2.054695;-44.32864
-1.616281;3.35348;1.652224;-44.36996
-2.47845;3.514574;2.01237;-50.92524
-2.216768;3.576048;2.457645;-42.0501
1.172487;3.657633;2.16169;28.47512