ydiffs;heights;distances;angles
0.353191;2.967404;2.075086;9.659488
0.3562337;3.730594;1.544153;12.99076
0.4036703;3.401263;2.23845;10.22255
0.3505361;3.559431;2.290934;8.699365
0.4358654;3.369063;1.639345;14.88921
0.3110165;2.955134;2.338933;7.574393
0.3636878;3.94719;1.689651;12.14726
0.2533319;3.520724;1.559237;9.22831
0.292717;3.833558;1.965272;8.471627