ydiffs;heights;distances;angles
-0.08381579;3.416767;2.09714;-2.288706
0.1153004;3.765975;1.612958;4.088766
0.158618;3.543801;1.827989;4.959238
0.2159889;3.021279;2.136787;5.771918
0.07321623;3.462919;1.985375;2.111984
0.1523765;3.984597;2.199904;3.962267
0.3842022;3.528605;2.343101;9.31202
0.382745;3.657543;1.577891;13.63475
0.2226016;3.243074;1.579887;8.02002