ydiffs;heights;distances;angles
0.2914989;3.282587;1.991651;8.326715
0.2978953;4;1.462033;11.51661
0.3451679;3.315692;1.399782;13.85205
0.5152657;3.789624;1.983554;14.56181
0.6057922;3.237514;1.701812;19.59415
0.442553;3.464416;1.880151;13.24527
0.492361;3.455751;1.993797;13.87146
-2.56957;3.877732;1.894886;-53.59371
-1.789922;3.562462;1.530813;-49.46161