ydiffs;heights;distances;angles
-0.09573884;3.687035;2.000964;-2.739306
0.08999442;3.400343;2.073282;2.485463
0.135668;3.686157;1.691641;4.585252
0.5197731;3.96625;1.888759;15.38653
0.5207089;3.520501;1.584958;18.18699
0.5115324;3.884778;1.633984;17.38316
-1.680244;4;1.80788;-42.90439
0.645977;3.669923;1.905833;18.72395
0.5405198;3.400641;1.89472;15.92223