ydiffs;heights;distances;angles
-2.14039;4;1.695754;-51.61149
-1.406665;3.492758;2.17855;-32.84988
-0.9854533;3.722879;2.121425;-24.91601
-0.8498614;3.447337;1.861515;-24.53873
-2.506243;3.837591;2.041882;-50.82968
-2.188608;3.237071;1.594765;-53.92043
-1.826431;3.366572;2.033601;-41.92786
-1.633915;3.591444;2.002999;-39.2053
0.1063298;3.578562;1.694713;3.590152