{
    "name": "root",
    "gauges": {
        "FlappyBird.Policy.Entropy.mean": {
            "value": 0.051093753427267075,
            "min": 0.04954852908849716,
            "max": 0.6900126934051514,
            "count": 281
        },
        "FlappyBird.Policy.Entropy.sum": {
            "value": 61.15922164916992,
            "min": 39.53972625732422,
            "max": 858.6701049804688,
            "count": 281
        },
        "FlappyBird.Environment.EpisodeLength.mean": {
            "value": 99.0,
            "min": 12.197368421052632,
            "max": 99.0,
            "count": 281
        },
        "FlappyBird.Environment.EpisodeLength.sum": {
            "value": 1287.0,
            "min": 472.0,
            "max": 1584.0,
            "count": 281
        },
        "FlappyBird.Step.mean": {
            "value": 280944.0,
            "min": 990.0,
            "max": 280944.0,
            "count": 281
        },
        "FlappyBird.Step.sum": {
            "value": 280944.0,
            "min": 990.0,
            "max": 280944.0,
            "count": 281
        },
        "FlappyBird.Policy.ExtrinsicValueEstimate.mean": {
            "value": 94.65252685546875,
            "min": 1.8304258584976196,
            "max": 94.65252685546875,
            "count": 281
        },
        "FlappyBird.Policy.ExtrinsicValueEstimate.sum": {
            "value": 1987.703125,
            "min": 137.2819366455078,
            "max": 2044.214599609375,
            "count": 281
        },
        "FlappyBird.Environment.CumulativeReward.mean": {
            "value": 99.61428560529437,
            "min": 11.821333338419596,
            "max": 99.7999997138977,
            "count": 281
        },
        "FlappyBird.Environment.CumulativeReward.sum": {
            "value": 1394.599998474121,
            "min": 473.99999809265137,
            "max": 1494.5999946594238,
            "count": 281
        },
        "FlappyBird.Policy.ExtrinsicReward.mean": {
            "value": 99.61428560529437,
            "min": 11.821333338419596,
            "max": 99.7999997138977,
            "count": 281
        },
        "FlappyBird.Policy.ExtrinsicReward.sum": {
            "value": 1394.599998474121,
            "min": 473.99999809265137,
            "max": 1494.5999946594238,
            "count": 281
        },
        "FlappyBird.Losses.PolicyLoss.mean": {
            "value": 0.373079374286474,
            "min": 0.32101232105610417,
            "max": 1.230897626437831,
            "count": 170
        },
        "FlappyBird.Losses.PolicyLoss.sum": {
            "value": 0.373079374286474,
            "min": 0.32101232105610417,
            "max": 2.461795252875662,
            "count": 170
        },
        "FlappyBird.Losses.ValueLoss.mean": {
            "value": 0.34908774378252966,
            "min": 0.34908774378252966,
            "max": 95.5785772005717,
            "count": 170
        },
        "FlappyBird.Losses.ValueLoss.sum": {
            "value": 0.34908774378252966,
            "min": 0.34908774378252966,
            "max": 95.5785772005717,
            "count": 170
        },
        "FlappyBird.Policy.LearningRate.mean": {
            "value": 0.00013210325596559999,
            "min": 0.00013210325596559999,
            "max": 0.0002996133001289,
            "count": 170
        },
        "FlappyBird.Policy.LearningRate.sum": {
            "value": 0.00013210325596559999,
            "min": 0.00013210325596559999,
            "max": 0.0005992266002578,
            "count": 170
        },
        "FlappyBird.Policy.Epsilon.mean": {
            "value": 0.1440344,
            "min": 0.1440344,
            "max": 0.19987110000000002,
            "count": 170
        },
        "FlappyBird.Policy.Epsilon.sum": {
            "value": 0.1440344,
            "min": 0.1440344,
            "max": 0.39974220000000005,
            "count": 170
        },
        "FlappyBird.Policy.Beta.mean": {
            "value": 0.0022073165600000003,
            "min": 0.0022073165600000003,
            "max": 0.00499356789,
            "count": 170
        },
        "FlappyBird.Policy.Beta.sum": {
            "value": 0.0022073165600000003,
            "min": 0.0022073165600000003,
            "max": 0.00998713578,
            "count": 170
        },
        "FlappyBird.IsTraining.mean": {
            "value": 1.0,
            "min": 1.0,
            "max": 1.0,
            "count": 281
        },
        "FlappyBird.IsTraining.sum": {
            "value": 1.0,
            "min": 1.0,
            "max": 1.0,
            "count": 281
        }
    },
    "metadata": {
        "timer_format_version": "0.1.0",
        "start_time_seconds": "1679395778",
        "python_version": "3.9.2 (default, Feb 28 2021, 17:03:44) \n[GCC 10.2.1 20210110]",
        "command_line_arguments": "/home/bears_bears/Unity_env/bin/mlagents-learn trainer_config.yaml --run-id FlappyBird_Normal_Obs_3_MultiSpawn --time-scale 20",
        "mlagents_version": "0.30.0",
        "mlagents_envs_version": "0.30.0",
        "communication_protocol_version": "1.5.0",
        "pytorch_version": "1.11.0+cu102",
        "numpy_version": "1.21.2",
        "end_time_seconds": "1679396313"
    },
    "total": 535.0962638650017,
    "count": 1,
    "self": 0.02006529600112117,
    "children": {
        "run_training.setup": {
            "total": 0.11474540699964564,
            "count": 1,
            "self": 0.11474540699964564
        },
        "TrainerController.start_learning": {
            "total": 534.9614531620009,
            "count": 1,
            "self": 0.613224691913274,
            "children": {
                "TrainerController._reset_env": {
                    "total": 64.62111562999962,
                    "count": 1,
                    "self": 64.62111562999962
                },
                "TrainerController.advance": {
                    "total": 464.2694703920879,
                    "count": 15737,
                    "self": 0.5818928860499,
                    "children": {
                        "env_step": {
                            "total": 258.5362807790607,
                            "count": 15737,
                            "self": 214.26885387824586,
                            "children": {
                                "SubprocessEnvManager._take_step": {
                                    "total": 43.96121369888351,
                                    "count": 15737,
                                    "self": 2.250422640805482,
                                    "children": {
                                        "TorchPolicy.evaluate": {
                                            "total": 41.71079105807803,
                                            "count": 13446,
                                            "self": 41.71079105807803
                                        }
                                    }
                                },
                                "workers": {
                                    "total": 0.30621320193131396,
                                    "count": 15737,
                                    "self": 0.0,
                                    "children": {
                                        "worker_root": {
                                            "total": 528.7491735079202,
                                            "count": 15737,
                                            "is_parallel": true,
                                            "self": 353.12630368809914,
                                            "children": {
                                                "run_training.setup": {
                                                    "total": 0.0,
                                                    "count": 0,
                                                    "is_parallel": true,
                                                    "self": 0.0,