{"count":1,"self":376.17889279999997,"total":21654.7226099,"children":{"InitializeActuators":{"count":2,"self":0.013962299999999999,"total":0.013962299999999999,"children":null},"InitializeSensors":{"count":2,"self":0.012964999999999999,"total":0.012964999999999999,"children":null},"AgentInfo.ToProto":{"count":14651,"self":0.0877626,"total":0.52165889999999993,"children":{"GenerateSensorData":{"count":14651,"self":0.36700859999999996,"total":0.43389629999999996,"children":{"RayPerceptionSensor.Perceive":{"count":14650,"self":0.0668877,"total":0.0668877,"children":null}}}}},"AgentSendState":{"count":903641,"self":13.460175999999999,"total":24.7081247,"children":{"CollectObservations":{"count":196155,"self":1.4614124,"total":1.4614124,"children":null},"WriteActionMask":{"count":196155,"self":0.2024626,"total":0.2024626,"children":null},"RequestDecision":{"count":196155,"self":0.586456,"total":9.5840745,"children":{"AgentInfo.ToProto":{"count":196155,"self":1.497093,"total":8.9976185,"children":{"GenerateSensorData":{"count":196155,"self":6.3235432,"total":7.5005254999999993,"children":{"RayPerceptionSensor.Perceive":{"count":361458,"self":1.1769825,"total":1.1769825,"children":null}}}}}}}}},"DecideAction":{"count":903641,"self":21247.9246336,"total":21247.923936,"children":null},"AgentAct":{"count":903641,"self":5.3600672,"total":5.3600673,"children":null}},"gauges":{"Generator.CumulativeReward":{"count":7326,"max":2.1639967,"min":-146.250183,"runningAverage":-21.67868,"value":-3.75200272,"weightedAverage":-46.9366531},"Solver.CumulativeReward":{"count":7325,"max":0.04050219,"min":-1.99129856,"runningAverage":-0.8913635,"value":-0.8886,"weightedAverage":-0.8923848}},"metadata":{"timer_format_version":"0.1.0","start_time_seconds":"1683412658","unity_version":"2022.2.11f1","command_line_arguments":"Z:\\Git\\Flappy_bird\\Builds\\Windows\\Curr36\\Flappy_bird.exe -nographics -batchmode --mlagents-port 5014 -logFile Z:\\Git\\Flappy_bird\\TrainerConfig\\results\\Curr36c\\run_logs\\Player-14.log","communication_protocol_version":"1.5.0","com.unity.ml-agents_version":"2.0.1","scene_name":"Unit_test_Solver_Generator","end_time_seconds":"1683434312"}}