{"count":1,"self":84.3354624,"total":4750.3957015,"children":{"InitializeActuators":{"count":2,"self":0.0039914,"total":0.0039914,"children":null},"InitializeSensors":{"count":2,"self":0.0049863,"total":0.0049863,"children":null},"AgentInfo.ToProto":{"count":3166,"self":0.013958499999999999,"total":0.1410679,"children":{"GenerateSensorData":{"count":3166,"self":0.11713549999999999,"total":0.12710939999999998,"children":{"RayPerceptionSensor.Perceive":{"count":3166,"self":0.0099738999999999991,"total":0.0099738999999999991,"children":null}}}}},"AgentSendState":{"count":241963,"self":2.590337,"total":4.6317682,"children":{"CollectObservations":{"count":52584,"self":0.3050045,"total":0.3050045,"children":null},"WriteActionMask":{"count":52584,"self":0.046776399999999996,"total":0.046776399999999996,"children":null},"RequestDecision":{"count":52584,"self":0.0979587,"total":1.6896502999999998,"children":{"AgentInfo.ToProto":{"count":52584,"self":0.24988739999999998,"total":1.5916915999999999,"children":{"GenerateSensorData":{"count":52584,"self":1.1212860999999998,"total":1.3418042,"children":{"RayPerceptionSensor.Perceive":{"count":96790,"self":0.2205181,"total":0.2205181,"children":null}}}}}}}}},"DecideAction":{"count":241963,"self":4660.191232,"total":4660.1912702,"children":{"AgentInfo.ToProto":{"count":2,"self":0,"total":0,"children":{"GenerateSensorData":{"count":2,"self":0,"total":0,"children":null}}}}},"AgentAct":{"count":241963,"self":1.0831667999999999,"total":1.0831667999999999,"children":null}},"gauges":{"Generator.CumulativeReward":{"count":1585,"max":1.5199995,"min":-283.2379,"runningAverage":-4.168416,"value":-0.6299999,"weightedAverage":-22.8792915},"Solver.CumulativeReward":{"count":1583,"max":0.254003882,"min":-1.98929822,"runningAverage":-0.836205363,"value":-0.8875,"weightedAverage":-0.888125241}},"metadata":{"timer_format_version":"0.1.0","start_time_seconds":"1683407745","unity_version":"2022.2.11f1","command_line_arguments":"Z:\\Git\\Flappy_bird\\Builds\\Windows\\Curr36\\Flappy_bird.exe -nographics -batchmode --mlagents-port 5002 -logFile Z:\\Git\\Flappy_bird\\TrainerConfig\\results\\Curr36\\run_logs\\Player-2.log","communication_protocol_version":"1.5.0","com.unity.ml-agents_version":"2.0.1","scene_name":"Unit_test_Solver_Generator","end_time_seconds":"1683412495"}}