{"count":1,"self":77.4022912,"total":2829.1153667999997,"children":{"InitializeActuators":{"count":18,"self":0.0029935,"total":0.0029935,"children":null},"InitializeSensors":{"count":18,"self":0.0059816999999999995,"total":0.0059816999999999995,"children":null},"AgentInfo.ToProto":{"count":17781,"self":0.057194299999999997,"total":0.5393481,"children":{"GenerateSensorData":{"count":17781,"self":0.4632715,"total":0.48215379999999997,"children":{"RayPerceptionSensor.Perceive":{"count":8478,"self":0.018882299999999998,"total":0.018882299999999998,"children":null}}}}},"AgentSendState":{"count":192878,"self":7.4579623999999995,"total":14.1088911,"children":{"CollectObservations":{"count":376301,"self":0.6598398,"total":0.6598398,"children":null},"WriteActionMask":{"count":376301,"self":0.113413,"total":0.113413,"children":null},"RequestDecision":{"count":376301,"self":0.3373311,"total":5.877676,"children":{"AgentInfo.ToProto":{"count":376301,"self":0.6745225,"total":5.5403449,"children":{"GenerateSensorData":{"count":376301,"self":4.2383384,"total":4.8658224,"children":{"RayPerceptionSensor.Perceive":{"count":347184,"self":0.62748399999999993,"total":0.62748399999999993,"children":null}}}}}}}}},"DecideAction":{"count":192878,"self":2732.1223167999997,"total":2732.1223575,"children":null},"AgentAct":{"count":192878,"self":4.9124744,"total":4.9285175,"children":{"AgentInfo.ToProto":{"count":839,"self":0.0019963,"total":0.016043099999999998,"children":{"GenerateSensorData":{"count":839,"self":0.0110774,"total":0.0140468,"children":{"RayPerceptionSensor.Perceive":{"count":839,"self":0.0029694,"total":0.0029694,"children":null}}}}}}}},"gauges":{"Generator.CumulativeReward":{"count":9303,"max":2.80900574,"min":-2,"runningAverage":0.8546895,"value":1.06199992,"weightedAverage":1.07078338},"Solver.CumulativeReward":{"count":9317,"max":1.4749974,"min":-1.90000129,"runningAverage":-0.7142475,"value":-0.861999869,"weightedAverage":-0.8677061}},"metadata":{"timer_format_version":"0.1.0","start_time_seconds":"1683475429","unity_version":"2022.2.11f1","command_line_arguments":"Z:\\Git\\Flappy_bird\\Builds\\Windows\\Curr39\\Flappy_bird.exe -nographics -batchmode --mlagents-port 5006 -logFile Z:\\Git\\Flappy_bird\\TrainerConfig\\results\\Curr39bis\\run_logs\\Player-1.log","communication_protocol_version":"1.5.0","com.unity.ml-agents_version":"2.0.1","scene_name":"Unit_test_Solver_Generator","end_time_seconds":"1683478258"}}