{"count":1,"self":3.1387468,"total":385.01274359999996,"children":{"InitializeActuators":{"count":130,"self":0.0019955999999999997,"total":0.0019955999999999997,"children":null},"InitializeSensors":{"count":130,"self":0.0054962,"total":0.0054962,"children":null},"AgentInfo.ToProto":{"count":1931,"self":0.0084934,"total":0.059319899999999995,"children":{"GenerateSensorData":{"count":1931,"self":0.0478592,"total":0.0508265,"children":{"RayPerceptionSensor.Perceive":{"count":935,"self":0.0029673,"total":0.0029673,"children":null}}}}},"AgentSendState":{"count":2131,"self":0.69309349999999992,"total":1.2967445,"children":{"CollectObservations":{"count":28786,"self":0.086373999999999992,"total":0.086373999999999992,"children":null},"WriteActionMask":{"count":28786,"self":0.0141018,"total":0.0141018,"children":null},"RequestDecision":{"count":28786,"self":0.0365241,"total":0.50317519999999993,"children":{"AgentInfo.ToProto":{"count":28786,"self":0.0561999,"total":0.4666511,"children":{"GenerateSensorData":{"count":28786,"self":0.35145309999999996,"total":0.41045119999999996,"children":{"RayPerceptionSensor.Perceive":{"count":27755,"self":0.0589981,"total":0.0589981,"children":null}}}}}}}}},"DecideAction":{"count":2131,"self":380.28382719999996,"total":380.2838179,"children":null},"AgentAct":{"count":2131,"self":0.22063729999999998,"total":0.22163629999999998,"children":{"AgentInfo.ToProto":{"count":69,"self":0,"total":0.00099899999999999989,"children":{"GenerateSensorData":{"count":69,"self":0,"total":0.00099899999999999989,"children":{"RayPerceptionSensor.Perceive":{"count":69,"self":0.00099899999999999989,"total":0.00099899999999999989,"children":null}}}}}}}},"gauges":{"Generator.CumulativeReward":{"count":996,"max":0,"min":-4.360028,"runningAverage":-0.716466844,"value":-0.7899998,"weightedAverage":-0.790658236},"Solver.CumulativeReward":{"count":1004,"max":0.498997122,"min":-0.99,"runningAverage":-0.7972769,"value":-0.89,"weightedAverage":-0.890678763}},"metadata":{"timer_format_version":"0.1.0","start_time_seconds":"1683484042","unity_version":"2022.2.11f1","command_line_arguments":"Z:\\Git\\Flappy_bird\\Builds\\Windows\\Curr39\\Flappy_bird.exe -nographics -batchmode --mlagents-port 5009 -logFile Z:\\Git\\Flappy_bird\\TrainerConfig\\results\\Curr39c\\run_logs\\Player-4.log","communication_protocol_version":"1.5.0","com.unity.ml-agents_version":"2.0.1","scene_name":"Unit_test_Solver_Generator","end_time_seconds":"1683484426"}}