ydiffs;heights;distances;angles
-0.3315626;3.665112;2.022931;-9.308135
-0.2277994;3.232537;2.185729;-5.949956
-0.2019642;3.236318;1.765757;-6.525037
-0.01890013;4;2.192514;-0.4938945
-0.1709837;3.834394;2.204071;-4.435912
-0.1182001;3.724762;2.258549;-2.995815
0.215803;2.95444;1.836959;6.700306
0.229642;3.814053;2.584686;5.077238
-0.03186705;3.552955;2.467499;-0.7399178