ydiffs;heights;distances;angles
-0.7789156;3.104546;2.104695;-20.30875
-0.5791979;3.978749;1.800077;-17.83624
-0.4766837;3.328002;2.385137;-11.30199
-0.2992649;3.532229;2.028933;-8.390553
-0.2457047;3.581789;2.180565;-6.428935
-0.3798385;3.929013;2.893866;-7.477692
-0.3504516;3.559298;1.948494;-10.19607
1.420356;3.077631;2.497998;29.62246
-0.333507;3.919673;2.211709;-8.575113