ydiffs;heights;distances;angles
-0.7982395;3.660358;2.153709;-20.33646
-0.1473355;3.989674;2.250237;-3.746124
-0.09349639;3.156931;2.123628;-2.520918
0.04400315;3.626736;2.19805;1.146861
0.1460154;3.593037;2.415787;3.458873
-0.3620723;4;2.224431;-9.244998
-0.2282171;3.427171;1.883939;-6.907057
-0.1296728;3.84762;1.925134;-3.853496
-0.09879163;3.505947;2.702845;-2.093285