ydiffs;heights;distances;angles
-0.6310195;3.395575;1.859782;-18.74195
-0.4715485;3.716071;2.115518;-12.5658
0.05404193;3.069501;2.16485;1.429998
-0.01524823;3.689317;2.228926;-0.391958
-0.06223075;3.26136;2.255151;-1.580673
-0.1148447;4;2.020062;-3.253881
-0.5134709;4;2.329129;-12.43235
-0.4590914;3.428905;1.819388;-14.16197
-0.4175799;3.214687;2.533991;-9.357749