ydiffs;heights;distances;angles
0.7786063;3.818995;1.653632;25.21322
1.559527;3.669597;1.625784;43.80836
-1.12183;2.737619;1.971863;-29.63638
0.9260195;3.552042;2.059133;24.21409
0.5058323;3.477721;1.993348;14.23883
1.877026;3.524805;2.404243;37.97965
-0.4395047;3.708987;2.426548;-10.26631
0.4954972;3.286637;1.959453;14.19118
0.3562241;3.902343;2.174878;9.3019