ydiffs;heights;distances;angles
-2.152;3.79289;2.242719;-43.81742
1.639818;3.014334;2.249065;36.0962
-1.090375;3.099292;2.31842;-25.18805
1.964137;3.335043;2.246548;41.16292
1.543841;3.652308;2.531767;31.37432
0.06827858;3.857321;2.439961;1.602916
2.135693;3.424395;1.918555;48.06573
0.2679726;3.627803;2.27435;6.719827
-1.032407;3.574522;2.152233;-25.62663