ydiffs;heights;distances;angles
-2.767558;3.124576;2.602823;-46.75698
0.1997269;3.962645;1.584826;7.182808
1.759495;3.176763;2.283017;37.62103
-0.1671854;3.304052;2.313955;-4.132493
1.489842;3.919328;2.213684;33.94113
-1.748529;3.628114;1.958267;-41.76155
2.430804;3.786048;2.030712;50.12437
0.3044637;3.845099;2.00129;8.650289
-1.254256;3.243521;2.426339;-27.33596