ydiffs;heights;distances;angles
0.2600064;3.351359;2.147123;6.904628
-0.3227067;3.17688;2.221468;-8.265388
3.418836;3.591722;1.846402;61.62796
-0.1835639;3.851931;2.435229;-4.310719
0.06599078;3.318867;2.282579;1.655995
0.2633528;3.822151;2.099277;7.150359
0.1908399;3.570954;2.064189;5.282136
0.4389125;4;2.335617;10.64298
0.3272598;3.383333;1.915069;9.697414