ydiffs;heights;distances;angles
-0.03013049;3.46938;1.985788;-0.8692861
0.1936849;3.582618;1.691977;6.530367
0.3233781;3.392508;2.011315;9.133816
0.5108345;4;2.181709;13.17807
0.1376749;3.561283;1.698578;4.633868
0.1943606;3.882952;2.265188;4.904155
0.2459036;3.247652;2.561324;5.483956
0.2716888;3.927223;1.846721;8.369293
0.7454515;3.737996;2.497657;16.61828