ydiffs;heights;distances;angles
0.8412695;3.286724;1.553393;28.43859
1.311633;3.272909;2.069635;32.36451
-1.652193;3.448772;1.899364;-41.01891
2.852918;3.486269;2.270025;51.49125
-0.06283736;3.523998;2.228409;-1.615216
-1.02283;4;2.685478;-20.85056
2.22075;4;2.036434;47.4791
2.594014;3.961139;2.100838;50.99671
-1.972577;3.040002;2.008716;-44.47992