ydiffs;heights;distances;angles
-0.2606157;3.513451;2.05468;-7.228798
-0.5771815;3.737678;2.253449;-14.36646
1.055621;2.949724;2.162476;26.0195
-0.2775055;3.52804;1.713651;-9.198523
1.435072;3.717762;1.195158;50.21175
0.4602895;3.338852;1.884603;13.72505
2.657277;3.494508;1.712898;57.1939
2.783909;4;1.899546;55.69309
-1.870559;3.214092;2.062964;-42.19965