ydiffs;heights;distances;angles
-0.9113551;3.19844;2.467433;-20.27189
-0.177469;3.562754;1.64419;-6.160488
-0.8966396;3.990005;2.131527;-22.81435
3.112644;3.842885;2.323958;53.2543
1.084293;3.700886;2.348316;24.78429
0.4884668;3.874578;2.00053;13.72136
0.2044748;3.926702;2.531279;4.618281
1.569944;3.376088;2.452646;32.62341
0.03258439;3.778713;2.495534;0.748073