ydiffs;heights;distances;angles
2.808965;3.480573;1.904642;55.86044
-1.92558;3.325418;2.002764;-43.8744
0.7339568;3.482959;2.486773;16.44366
3.627841;3.112252;1.539551;67.00503
-0.07816236;3.419896;2.119491;-2.111991
1.512454;3.420886;2.408967;32.12239
0.03498835;3.548;2.261169;0.8864994
0.2305728;3.870785;1.991258;6.605009
1.750022;3.69078;2.133462;39.36112