ydiffs;heights;distances;angles
1.520875;3.386429;1.700534;41.8079
-2.924025;3.432304;1.972962;-55.99081
0.6455325;3.608527;2.134273;16.82848
-0.4556392;3.472207;2.363647;-10.91104
0.9763188;4;2.388492;22.23275
-0.3989023;4;2.373664;-9.539612
2.393757;3.366887;2.424321;44.63655
-0.03218899;3.821162;2.238502;-0.8238395
0.05106185;2.845761;2.044525;1.43066