ydiffs;heights;distances;angles
0.05794789;3.783213;1.975483;1.680206
0.1048542;3.343863;2.230322;2.691667
-0.06994991;3.750749;2.55701;-1.567
-0.2760972;2.65023;2.081583;-7.555499
-0.1495437;3.331586;1.758307;-4.861296
0.008034655;3.553686;2.452727;0.1876891
0.1436697;3.140052;2.302176;3.570972
0.3190307;3.88921;1.665532;10.8436
0.1170885;3.494999;2.067859;3.240801