ydiffs;heights;distances;angles
-0.1479435;3.624142;2.089028;-4.050885
2.049304;3.405635;2.065485;44.77469
-1.147674;3.554803;1.824174;-32.17593
1.372292;3.649243;2.11509;32.97593
-0.2527453;3.7665;2.281915;-6.320328
0.4553492;3.902625;2.296741;11.21398
0.1592498;3.148036;2.550028;3.573494
-0.1490671;3.347604;1.863474;-4.573592
1.162088;3.562406;2.299951;26.80594