ydiffs;heights;distances;angles
0.7694038;3.33266;2.029316;20.76394
-0.9398696;3.717191;1.859453;-26.81454
0.7984358;3.04146;1.796521;23.96202
2.158192;3.665443;2.358486;42.46085
3.361476;3.873469;2.002958;59.21112
-1.834491;3.237378;2.087237;-41.31254
0.5421253;3.707663;1.770082;17.02833
1.821025;3.538365;2.328866;38.02316
-0.6050009;2.944771;2.746086;-12.42457