ydiffs;heights;distances;angles
3.145987;3.63546;1.690329;61.751
0.4841756;3.845562;2.474074;11.07283
0.5521998;3.312991;2.257458;13.74529
1.603158;3.643508;2.336649;34.45373
-1.391862;3.559954;2.490178;-29.20261
-0.3140087;3.647341;2.110669;-8.461948
0.07723977;3.800688;1.89851;2.32976
3.999162;3.496207;2.080529;62.51469
-0.6283946;4;2.301252;-15.2732