ydiffs;heights;distances;angles
0.0929483;3.745339;2.03163;2.61949
-1.241638;3.240735;1.998592;-31.85088
-1.152966;3.30197;1.692582;-34.26221
2.459637;4;2.189727;48.32247
1.362709;3.354632;1.826037;36.73272
0.6081964;3.701391;1.596626;20.85315
0.2981358;3.302806;1.610087;10.4905
3.761679;3.611082;2.034574;61.59244
-0.7044681;3.464375;2.385347;-16.45353