ydiffs;heights;distances;angles
0.112194;3.579397;1.847681;3.474821
-1.565438;3.678406;2.181673;-35.66097
2.501373;4;2.240736;48.14595
0.4902098;3.529629;1.897565;14.48489
1.158295;3.463156;2.293968;26.79061
-0.09588215;3.777094;2.16821;-2.532072
0.08679129;3.413065;2.49198;1.994705
0.1372008;3.89392;2.239998;3.505012
0.1111795;3.503499;1.92018;3.313757