ydiffs;heights;distances;angles
-0.2240072;3.856614;1.876735;-6.806628
-0.03026036;3.020092;2.411643;-0.7188876
0.1046562;2.985438;1.690059;3.543491
0.1547367;3.977584;1.976035;4.477503
0.3682045;3.577119;2.01388;10.36114
0.2531583;4;1.945871;7.41256
0.07710779;3.461136;1.900285;2.323614
0.1166935;3.674544;2.375626;2.812175
0.1858017;3.549681;1.954365;5.430794