ydiffs;heights;distances;angles
-0.04089908;2.841593;2.344882;-0.999243
2.335809;3.046673;1.913828;50.67076
-2.899266;3.92115;2.13751;-53.60017
0.8217143;3.807508;1.93559;23.00264
0.6207201;3.692;2.042286;16.90581
1.488054;3.831061;1.638041;42.25311
0.3064963;4;2.083894;8.366999
1.41631;3.280381;2.453911;29.99201
-0.7271421;3.716654;2.362158;-17.10991