ydiffs;heights;distances;angles
1.716146;3.512962;2.216152;37.75351
-0.8831475;3.282564;2.030936;-23.50169
0.1024415;3.734458;2.223236;2.638189
0.3783044;4;1.936759;11.05234
0.3587846;3.150596;1.984505;10.24798
-0.4497029;3.353357;2.599488;-9.814838
0.02101901;3.705085;2.261719;0.532456
3.087141;3.580787;1.851166;59.05151
0.09640735;3.936188;2.528892;2.183194