ydiffs;heights;distances;angles
2.747376;3.569888;1.665782;58.77084
-1.473156;4;2.060005;-35.56941
0.1652856;3.937743;2.264712;4.17422
1.776119;3.382982;2.139188;39.70206
-1.678969;2.97518;2.160367;-37.85321
-0.09344194;3.464026;2.164808;-2.471586
0.2366433;3.488653;2.199906;6.139683
0.2708278;3.804367;2.100117;7.348218
-0.4593169;3.794782;1.56025;-16.40373