ydiffs;heights;distances;angles
1.962843;3.709907;1.774866;47.8791
1.377436;3.405717;2.022971;34.25085
-0.7237498;3.673615;1.643095;-23.77251
3.405957;3.664857;2.050749;58.94757
0.2043401;3.842179;1.684188;6.917801
1.9145;3.828426;2.204599;40.97144
-0.8084217;3.646089;2.098511;-21.06848
1.080454;3.588213;1.88111;29.87178
-0.588142;2.918599;1.970538;-16.61867