ydiffs;heights;distances;angles
-1.809562;3.513964;2.074787;-41.09388
1.254042;3.423752;2.115916;30.65399
-0.2442424;4;2.238482;-6.22695
0.08966383;2.846851;1.995892;2.572237
-1.321604;2.893289;2.546319;-27.43046
1.916689;3.809422;2.495549;37.52582
0.3138134;3.217237;2.225977;8.024553
2.732959;3.474218;2.409102;48.60385
0.007692987;3.555449;1.999426;0.22045