ydiffs;heights;distances;angles
-0.1916083;3.372332;1.837911;-5.951774
-0.06773373;3.729813;2.739009;-1.416595
0.1447206;3.426399;2.33606;3.544984
0.206448;3.814828;1.894351;6.219597
0.05831492;3.260928;2.153253;1.551319
0.07460339;4;2.002249;2.133842
0.1310244;3.455949;2.446472;3.06563
0.1023097;3.689442;2.459128;2.382363
1.320529;3.635843;1.8674;35.26598