ydiffs;heights;distances;angles
-0.5830507;3.421932;2.216173;-14.73987
0.2080737;3.529795;2.420831;4.912577
0.2361605;3.131466;2.26358;5.956149
3.28315;3.093836;1.507822;65.33254
0.1016731;3.139164;2.43739;2.388647
2.208295;3.189216;2.099217;46.45058
-0.9407879;3.372532;2.006816;-25.11701
1.281295;3.361444;2.121098;31.13498
0.9767041;3.64714;2.32057;22.82573