ydiffs;heights;distances;angles
1.221768;2.901518;1.987298;31.58273
0.1554224;2.989666;1.601809;5.54202
1.642659;4;2.388747;34.51496
0.7365317;2.941248;2.661278;15.46989
-0.7772069;3.209018;2.055617;-20.71107
2.469485;3.973299;2.130506;49.21458
0.0713264;3.550279;2.186894;1.868062
0.8031231;3.579304;2.559474;17.42104
-3.123801;3.822452;2.363461;-52.88893