ydiffs;heights;distances;angles
0.6432433;3.5864;1.75991;20.07725
-0.2387568;3.231306;2.224978;-6.124828
1.270922;3.310928;1.84249;34.59734
-1.452225;3.65089;1.831541;-38.41083
3.434159;3.079596;1.961545;60.26558
-0.3874573;3.776345;2.221849;-9.892056
0.6723939;3.615703;2.166648;17.24112
1.586344;3.307726;2.058791;37.61505
-0.1393906;3.9843;2.078213;-3.837215