ydiffs;heights;distances;angles
0.5171191;3.736293;1.946671;14.87664
-0.1935646;3.408624;2.486892;-4.450584
2.780548;3.073484;2.199845;51.65054
-1.106179;3.610701;2.111247;-27.65211
2.519263;3.754661;2.175122;49.19279
-0.6305764;3.57579;2.011342;-17.40675
0.7582011;2.840516;2.262209;18.52907
1.858805;3.963038;2.40471;37.70349
0.9065137;3.455101;2.389484;20.77556