ydiffs;heights;distances;angles
-0.253302;3.281955;2.166589;-6.668337
0.3246455;3.522539;1.768599;10.40147
0.4041804;3.671829;2.074308;11.02597
-0.3987617;3.517114;1.768754;-12.7048
0.7080216;4;1.963861;19.82552
0.2722455;3.150913;1.849373;8.37434
2.235958;3.414783;2.147782;46.15231
-3.740634;3.829189;2.42665;-57.02744
2.189622;3.292361;1.901145;49.03376