ydiffs;heights;distances;angles
1.333519;3.816235;2.337291;29.70651
1.072874;3.906753;1.882587;29.67854
1.449271;3.807844;2.354742;31.61102
-1.355031;3.335915;2.586726;-27.64736
0.687974;3.683483;2.228134;17.15895
0.6667637;3.848326;2.146063;17.25958
-0.446465;3.474626;2.744173;-9.240807
3.216707;3.234093;2.135436;56.4215
0.1264759;4;1.831596;3.950135