ydiffs;heights;distances;angles
0.9328765;3.417214;1.717682;28.50647
-1.144363;3.022371;2.55268;-24.14662
1.986722;3.565544;1.808348;47.69102
-1.376336;4;2.302436;-30.86987
3.558553;3.515838;2.551677;54.35741
-0.4231344;3.225424;2.247873;-10.66048
0.7987277;3.857733;1.933888;22.44144
-0.8797351;3.560576;1.97669;-23.99168
1.830377;3.363136;2.574738;35.40896