ydiffs;heights;distances;angles
-0.04939021;3.241103;2.287003;-1.23717
1.034909;3.43021;1.934409;28.14678
-0.1623607;3.952978;2.086494;-4.449509
2.80495;3.200094;1.913624;55.69697
-0.6495551;3.691639;2.026068;-17.77579
3.358631;3.974571;2.208118;56.67725
-0.8242587;3.458352;2.315256;-19.59633
-0.5362927;3.833439;2.637391;-11.49394
-0.253838;3.524554;2.11402;-6.846931