ydiffs;heights;distances;angles
0.4253529;3.45947;1.993088;12.047
0.5253712;3.538036;1.987002;14.81031
2.573735;3.603228;2.804386;42.54426
-2.03283;3.16214;2.339715;-40.98531
0.9635335;3.047614;2.286353;22.85193
-0.5267445;3.849254;2.454231;-12.11346
1.24235;4;2.015054;31.65525
0.06047938;3.324242;2.001652;1.73065
-2.191237;3.674883;2.104765;-46.15313