ydiffs;heights;distances;angles
0.4825785;3.866858;1.833501;14.74585
-0.7805319;4;1.611206;-25.84738
2.049063;3.604168;1.934743;46.64372
0.1610615;3.625257;2.054086;4.483405
1.38582;3.464639;1.269164;47.51587
0.4542543;3.775113;2.304905;11.14906
0.3063245;3.713483;2.33446;7.475559
2.194369;3.51142;1.879321;49.42229
-2.074687;3.026426;1.779775;-49.37529