ydiffs;heights;distances;angles
0.8679516;3.79555;2.112563;22.33543
-0.109982;3.152774;2.128373;-2.958082
3.010991;3.399787;2.21294;53.68583
0.1523901;3.669162;2.372786;3.674723
-3.823643;3.339361;1.844969;-64.24194
0.531576;3.210987;1.787767;16.55936
2.400879;3.909535;1.919481;51.35798
-0.8039438;2.80134;2.13014;-20.67719
1.171854;3.358352;2.410296;25.92842