ydiffs;heights;distances;angles
0.01307819;3.44593;2.2706;0.3300082
0.2583458;3.260378;2.387467;6.175898
0.2906789;3.986035;1.655839;9.956694
0.2595355;4;2.690973;5.508949
0.5944568;3.556037;2.801001;11.9821
-0.5036764;3.420593;2.218157;-12.79321
1.752047;3.550898;1.988554;41.38217
1.844748;3.790216;1.940658;43.54861
-1.733065;3.624016;2.096358;-39.58064