ydiffs;heights;distances;angles
0.08340681;4;1.718497;2.778656
0.2285977;3.356925;2.227679;5.859014
0.2094817;3.599419;2.256579;5.303654
0.3469222;3.726914;1.731824;11.32766
-0.1694927;3.639272;2.038928;-4.751978
0.5452883;3.997118;2.284646;13.42394
-1.282939;3.602323;2.648018;-25.84974
2.112063;4;2.409252;41.23932
-1.243211;3.80868;2.243934;-28.98784