ydiffs;heights;distances;angles
2.65495;3.218348;2.04027;52.45852
-0.513657;3.246405;2.094444;-13.77967
1.375301;3.63379;2.048629;33.87456
-0.3027515;3.792573;2.613454;-6.607885
1.50751;3.570544;2.770417;28.55262
-1.719205;3.857367;2.415914;-35.43631
3.150518;3.448581;2.361132;53.15055
0.5172108;3.535437;2.203819;13.20763
2.776415;3.532856;2.097292;52.93276