ydiffs;heights;distances;angles
0.3119217;2.984657;1.794072;9.862993
-1.272548;3.012791;2.096287;-31.25978
1.827589;3.844085;2.165603;40.16159
2.068369;3.194788;2.077877;44.86861
-1.28771;3.57978;2.124911;-31.21613
0.9242421;3.89618;2.43136;20.81349
0.2490642;3.354009;2.426598;5.860274
0.8671702;4;1.986996;23.57755
-1.627771;3.504684;2.558217;-32.46824