ydiffs;heights;distances;angles
1.161028;3.718906;2.040204;29.64311
-0.5858188;2.898553;2.091985;-15.64385
1.278779;3.095861;2.461199;27.45528
-0.2186866;3.895805;2.317208;-5.391321
0.8911254;3.531199;2.67646;18.41514
0.9003741;4;2.251586;21.79569
2.977547;3.521642;2.30443;52.26243
-1.140437;3.557237;2.087955;-28.64328
0.3927701;3.253625;2.221852;10.02495