ydiffs;heights;distances;angles
-0.001649739;3.562872;2.167705;-0.04360513
0.1914131;3.108273;1.900582;5.75103
0.3371508;4;2.350729;8.161923
0.5604792;3.689236;2.158806;14.55407
0.6788144;2.857408;2.198749;17.1569
0.7325781;3.597906;2.11941;19.0678
-0.4455121;3.810259;1.713315;-14.57579
0.6681749;4;2.255106;16.50425
0.4927439;3.252412;2.675009;10.43704