ydiffs;heights;distances;angles
-0.03594415;3.638609;1.691328;-1.217469
0.07959607;3.495318;2.397225;1.901717
-1.875432;3.54052;2.49638;-36.91609
2.971368;3.380168;2.128331;54.38674
2.261649;3.207953;2.121341;46.83353
-0.1580494;3.254655;1.874325;-4.819973
-0.3157011;3.688003;1.595414;-11.19311
1.276972;3.035829;1.880485;34.17907
0.002661565;3.573899;2.37408;0.06423388