ydiffs;heights;distances;angles
-0.802426;3.68638;2.001293;-21.84851
-0.5804738;3.047889;2.132401;-15.22785
-0.5194323;3.877508;1.925596;-15.0963
-0.001631768;4;2.659039;-0.03516061
0.03979256;3.40862;1.946556;1.171108
0.03720466;3.889176;1.881803;1.132633
0.1143718;3.539847;2.544345;2.573792
-0.3537656;4;2.107035;-9.530915
-0.2230474;3.06145;2.201928;-5.784128