ydiffs;heights;distances;angles
-0.8711123;3.538306;1.747125;-26.50074
-2.99344;3.201601;2.029335;-55.86559
2.309452;4;1.728454;53.18787
-2.347746;3.947291;2.235567;-46.40206
1.603233;3.751906;1.832514;41.18208
-0.2780515;3.806688;2.324439;-6.821362
2.225277;3.616927;2.281826;44.28117
1.083277;3.773586;2.113794;27.13423
-3.11992;3.529432;2.019621;-57.08376