ydiffs;heights;distances;angles
1.837127;3.201985;2.382307;37.63778
-0.8994407;4;2.200762;-22.2296
0.9890619;3.683464;1.862126;27.97485
0.2652616;3.560875;1.973269;7.656229
1.849509;3.436521;2.045325;42.12183
0.7017407;3.155257;1.71735;22.22583
-0.5962648;3.180402;2.559693;-13.11286
3.282405;3.975366;2.414685;53.66012
-0.105529;3.80659;2.071646;-2.916108