ydiffs;heights;distances;angles
1.621597;3.428525;2.04013;38.47942
3.344615;3.687476;2.415616;54.16166
-0.2085278;3.280139;2.200918;-5.412379
0.8445708;3.45304;1.8738;24.26234
0.6956002;3.379529;2.362246;16.40789
1.818208;3.304877;1.969786;42.70852
-1.635715;3.744719;1.774924;-42.66269
0.9951733;3.32433;2.060834;25.77582
0.7707284;3.270585;2.326458;18.32943