ydiffs;heights;distances;angles
1.753433;3.466119;1.766641;44.78503
-1.849971;3.407455;1.954243;-43.42994
1.294833;3.815741;1.854746;34.91962
-0.344428;3.161354;1.771132;-11.00482
1.371866;3.044756;2.327816;30.51238
-0.1152482;3.887607;2.287793;-2.883852
0.213226;3.170276;1.281123;9.449506
0.2740059;4;2.283807;6.841515
0.2623751;3.627909;2.414477;6.201852