ydiffs;heights;distances;angles
0.05149711;3.697832;1.907238;1.546661
0.287747;3.326368;1.937088;8.449283
1.19696;3.61384;1.73983;34.52702
0.365009;3.77652;2.477869;8.37984
0.3527894;3.513792;1.763924;11.31008
0.3557726;3.694769;1.936811;10.40862
0.2956081;3.47601;2.631029;6.410557
0.2887125;3.409865;2.09391;7.850557
0.26901;3.556335;2.296131;6.682193