ydiffs;heights;distances;angles
0.8418218;3.738105;1.739668;25.82225
1.560069;3.479665;2.013231;37.7724
0.7283126;3.526304;2.005913;19.95509
1.380263;3.756439;2.378665;30.12521
-2.506357;3.463061;2.47137;-45.4027
3.002866;4;2.203229;53.73218
0.42235;3.796514;2.062998;11.57008
0.1549411;3.705704;2.466676;3.594239
0.2842556;3.626655;1.810076;8.924876