ydiffs;heights;distances;angles
1.942387;3.75889;2.059731;43.32053
-0.03135758;4;2.419398;-0.7425633
0.6622769;3.193402;2.165945;17.00196
-0.8172615;3.323728;2.06232;-21.61756
1.594782;3.984742;2.072475;37.57851
2.223746;3.554672;2.308107;43.93355
-0.8299456;3.718874;2.303644;-19.81283
3.634432;3.452553;2.635142;54.05604
0.3179897;3.372684;1.855971;9.722281