ydiffs;heights;distances;angles
0.55573;3.387829;2.381325;13.13602
1.199971;3.68176;2.395745;26.60519
-0.1965924;3.669155;2.227429;-5.043842
0.6924874;3.644327;2.385203;16.18941
-0.8649994;3.613873;1.668877;-27.39826
2.273146;3.230904;1.921888;49.78632
-1.593159;3.384744;2.343689;-34.20652
2.040222;3.293687;2.366818;40.76169
-1.173753;3.981796;2.227074;-27.79094