ydiffs;heights;distances;angles
-1.289917;3.105617;2.101393;-31.54323
0.87725;3.213468;2.372375;20.29325
1.490266;3.192653;2.069;35.76457
1.585721;3.376498;2.608072;31.29982
-0.6468595;4;1.794225;-19.8254
0.468245;3.602483;2.495981;10.62517
0.2193052;3.48722;1.639443;7.619122
1.106982;3.212838;2.104603;27.74354
-0.4855258;3.902162;2.179263;-12.56