ydiffs;heights;distances;angles
-0.3360173;3.227316;1.922151;-9.915856
-0.1970863;3.62151;2.149384;-5.239047
-0.1530305;3.371741;1.640442;-5.329478
-0.06799094;3.759113;2.010298;-1.937081
-0.04995884;3.365838;2.232771;-1.281794
-0.08756201;4;1.259782;-3.975988
-0.08275285;3.416612;2.17454;-2.179358
-0.08880128;3.688158;2.374784;-2.141486
-0.05917184;3.674191;2.294775;-1.477071