ydiffs;heights;distances;angles
-0.5140216;3.218516;1.991645;-14.47161
-0.3312687;3.567774;2.097522;-8.974787
-0.5862757;4;1.59685;-20.16046
-0.4205548;3.115464;1.657562;-14.23661
-0.3489562;3.727699;1.881704;-10.50598
-0.4110267;3.645788;2.062503;-11.27056
-0.2316067;3.82616;2.426023;-5.453367
-0.3123325;3.217723;2.169773;-8.191293
-0.35978;3.772208;1.832604;-11.10715