ydiffs;heights;distances;angles
-0.3941449;2.978126;2.658551;-8.432991
-0.203037;3.657737;1.676708;-6.904481
-0.0533195;3.452274;2.389487;-1.278298
0.04760219;3.717279;2.61334;1.043532
0.1059867;3.461151;1.928471;3.14575
0.1354719;3.273995;2.609146;2.972238
0.1930933;4;2.049189;5.383038
0.2526121;3.631996;2.139087;6.735062
0.3279964;3.681988;2.35334;7.934477