ydiffs;heights;distances;angles
-0.5576022;3.596184;2.230778;-14.03402
1.252332;3.417087;2.230429;29.31316
-0.007222238;3.227841;2.132225;-0.1940706
2.914728;3.694952;2.241352;52.44063
-3.487757;3.958213;2.161221;-58.21518
1.827598;3.393739;1.824344;45.05104
-1.349464;4;1.708768;-38.29917
1.135728;3.624327;1.418563;38.68142
-0.6022661;3.824482;1.791452;-18.58207