ydiffs;heights;distances;angles
1.899504;3.485274;2.383232;38.55585
-1.028617;3.356274;2.254546;-24.52443
1.311044;3.290854;1.988234;33.40092
3.527566;3.597942;2.139177;58.76665
-1.884137;3.491797;1.984438;-43.51482
1.183107;3.971903;1.729548;34.37431
1.956108;4;2.050398;43.65184
3.515345;3.135457;2.459686;55.01953
0.02884722;3.637004;2.181794;0.7575085