ydiffs;heights;distances;angles
1.892211;3.896533;1.950854;44.12576
3.712859;3.364417;2.109091;60.40124
-0.9986838;3.650823;1.987025;-26.68422
1.019711;3.20828;2.181707;25.05097
-0.2768854;3.503391;2.48197;-6.365524
1.80204;3.391334;2.3828;37.09913
-1.294027;3.253595;1.826129;-35.32205
-0.3543688;3.677533;1.349912;-14.70898
0.3567927;4;2.195032;9.23243