ydiffs;heights;distances;angles
0.02748901;3.855949;2.039835;0.7720767
0.04374756;3.01055;1.874579;1.336885
0.08376838;3.718949;1.547217;3.099045
0.1014588;3.38387;2.388483;2.432367
0.1157223;3.904233;2.411182;2.747746
0.05516324;3.593725;1.775758;1.779299
0.006146763;3.192315;2.406191;0.1463653
-0.02425935;3.989288;1.953767;-0.7113882
-0.04766306;3.626416;1.247873;-2.187374