ydiffs;heights;distances;angles
-0.4542542;3.663037;2.363468;-10.87947
-0.2511692;3.497684;1.656004;-8.624425
-0.1274048;3.352921;2.179308;-3.345767
-0.03720996;3.597759;2.119169;-1.005939
0.02221286;4;1.712344;0.7432103
0.04304549;2.978717;2.292664;1.07562
0.07948412;3.483531;2.140401;2.12671
0.1288836;3.650147;2.344405;3.146667
0.1856839;3.556025;2.239984;4.73871