ydiffs;heights;distances;angles
0.08622603;3.794728;2.042037;2.417907
0.2095203;3.419048;1.944179;6.150914
2.723176;3.643046;1.61432;59.34021
0.0477926;3.667881;1.837827;1.489638
0.3104904;3.51669;2.106925;8.383147
-0.3661058;3.62376;2.304482;-9.02696
2.28178;3.872714;1.804327;51.66468
-0.783219;3.948987;1.917932;-22.21346
2.43486;3.68579;2.036472;50.09151