ydiffs;heights;distances;angles
1.134078;3.983255;2.238259;26.87036
-1.153237;3.185044;2.285578;-26.7742
0.1300373;3.387018;2.409683;3.088943
0.3865511;3.253984;2.254343;9.72986
1.81775;3.575463;1.99852;42.28802
-0.8928766;3.779004;2.168423;-22.38006
0.9220002;3.750119;2.597152;19.54508
0.6990775;3.88889;1.940412;19.81271
0.2567611;3.855754;2.387743;6.1376