ydiffs;heights;distances;angles
1.170807;3.476677;1.861703;32.16538
-1.323449;3.335823;1.78566;-36.54414
2.937138;3.782982;2.244358;52.61544
0.2397371;3.334943;2.134912;6.40711
-0.01704299;2.744324;2.337197;-0.4177971
0.9847306;3.73402;2.236502;23.76387
-0.218585;3.018805;1.932009;-6.454923
0.5938081;3.196607;2.222039;14.96185
-0.1805387;3.996343;2.444166;-4.224489