ydiffs;heights;distances;angles
2.701838;3.329263;1.78993;56.47609
-2.062763;3.347611;2.015055;-45.6703
0.4305317;3.866906;1.386201;17.25396
-0.04095878;3.813757;2.057296;-1.140553
0.2144427;3.741812;2.256387;5.428976
0.3588069;3.567265;2.467903;8.272236
0.05853919;3.854028;2.247724;1.491861
0.1650496;2.868845;2.050303;4.60239
-0.01656907;3.491387;2.540339;-0.3736998