ydiffs;heights;distances;angles
-0.4378107;2.932426;2.244451;-11.03772
1.142976;3.305157;2.104494;28.50692
-0.88552;3.731377;2.186187;-22.05052
-2.924942;3.670793;2.58845;-48.49254
0.6764434;3.924762;2.118165;17.71106
1.925744;3.771555;1.882535;45.65006
-1.230776;3.496274;2.020066;-31.35291
-0.06146722;3.890026;2.363417;-1.4898
0.6987025;4;1.839756;20.79577