ydiffs;heights;distances;angles
-0.3780314;3.471357;1.978748;-10.81579
-0.3214626;3.290741;2.063038;-8.856608
-0.2124718;3.913202;1.815545;-6.674916
-0.170913;3.521711;2.341591;-4.174621
-0.09855504;3.288974;1.984258;-2.843456
-0.1517284;2.958129;1.680745;-5.158364
-0.1372959;4;2.234622;-3.515851
-0.1034123;3.942277;2.30327;-2.570742
-0.1253212;3.460565;2.180058;-3.290043