ydiffs;heights;distances;angles
-0.4000732;3.771034;2.3134;-9.811534
-0.253527;3.202964;2.357755;-6.137374
-0.05077732;3.710782;2.371974;-1.226355
0.004183064;3.415076;1.967803;0.1217965
0.1420144;4;2.310497;3.517252
0.03916178;3.263443;1.633598;1.373272
0.03930014;3.085246;1.873904;1.20145
0.06630451;3.746008;2.590631;1.466106
0.5033262;3.39507;1.98488;14.22914