ydiffs;heights;distances;angles
1.945866;3.436147;1.910118;45.53116
-1.324903;3.246246;2.145278;-31.69907
3.236496;3.747737;2.67064;50.47177
2.123904;3.157568;2.807599;37.10692
0.5798641;3.432758;2.004507;16.13411
0.3886549;3.730053;1.979072;11.1105
1.532354;3.2802;2.552749;30.97539
-0.4974413;3.545642;2.144521;-13.05933
1.478367;3.838733;2.183042;34.10605