ydiffs;heights;distances;angles
3.234853;3.455416;2.380356;53.65264
-1.940151;3.621896;1.861055;-46.19205
1.251989;4;2.276706;28.80694
-0.3753217;3.376283;2.588797;-8.249219
1.132097;3.314486;2.124077;28.05685
-0.8864104;4;2.094295;-22.94052
-1.537329;3.05918;2.111088;-36.06273
2.573847;3.812546;2.107122;50.69397
0.2935935;3.710015;2.436897;6.869794