ydiffs;heights;distances;angles
1.165129;3.363521;2.150888;28.44426
-0.2654925;3.251855;1.875341;-8.057831
1.382119;3.471377;1.83148;37.03988
0.04119532;3.709252;2.195229;1.075077
0.5239391;3.848312;2.200964;13.39004
2.555885;3.645981;1.625057;57.5514
-2.457209;3.0377;2.314239;-46.71628
1.838556;4;1.912849;43.86546
0.310062;3.287563;2.080458;8.476708