ydiffs;heights;distances;angles
-1.116569;3.339937;1.911953;-30.28467
1.93874;3.537405;1.945803;44.89582
0.1795979;3.548841;2.580758;3.98086
4.107745;3.398943;2.052784;63.4471
1.170549;3.884558;2.14447;28.62772
0.07429344;3.546351;2.311229;1.841114
1.48992;3.573083;2.453649;31.26723
-2.329589;3.762622;1.849303;-51.55632
0.5044344;3.803295;1.878431;15.0316