ydiffs;heights;distances;angles
-1.338814;3.34674;2.29627;-30.24384
2.360867;3.858052;1.835948;52.12928
0.5677748;3.737778;2.068989;15.34542
0.6301054;3.23009;2.270282;15.51173
-0.6790938;3.464975;1.890061;-19.76322
-0.3932686;3.661342;2.342334;-9.530845
-0.272641;3.322206;2.351201;-6.614375
-0.2965541;4;1.95348;-8.632056
-0.4820003;3.53029;2.359024;-11.54784