{
    "name": "root",
    "gauges": {
        "FlappyBird.Policy.Entropy.mean": {
            "value": 0.08701307326555252,
            "min": 0.07344821095466614,
            "max": 0.691777229309082,
            "count": 230
        },
        "FlappyBird.Policy.Entropy.sum": {
            "value": 84.57670593261719,
            "min": 66.72480773925781,
            "max": 780.1976318359375,
            "count": 230
        },
        "FlappyBird.Environment.EpisodeLength.mean": {
            "value": 50.81818181818182,
            "min": 16.283333333333335,
            "max": 69.0,
            "count": 230
        },
        "FlappyBird.Environment.EpisodeLength.sum": {
            "value": 1118.0,
            "min": 703.0,
            "max": 1295.0,
            "count": 230
        },
        "FlappyBird.Step.mean": {
            "value": 229986.0,
            "min": 984.0,
            "max": 229986.0,
            "count": 230
        },
        "FlappyBird.Step.sum": {
            "value": 229986.0,
            "min": 984.0,
            "max": 229986.0,
            "count": 230
        },
        "FlappyBird.Policy.ExtrinsicValueEstimate.mean": {
            "value": -0.3295161724090576,
            "min": -1.5150052309036255,
            "max": -0.22952181100845337,
            "count": 230
        },
        "FlappyBird.Policy.ExtrinsicValueEstimate.sum": {
            "value": -8.896936416625977,
            "min": -86.35530090332031,
            "max": -5.508523464202881,
            "count": 230
        },
        "FlappyBird.Environment.CumulativeReward.mean": {
            "value": -0.44285714058648973,
            "min": -0.9901960760939355,
            "max": 0.17499998956918716,
            "count": 230
        },
        "FlappyBird.Environment.CumulativeReward.sum": {
            "value": -9.299999952316284,
            "min": -56.3999999165535,
            "max": 2.7999998331069946,
            "count": 230
        },
        "FlappyBird.Policy.ExtrinsicReward.mean": {
            "value": -0.44285714058648973,
            "min": -0.9901960760939355,
            "max": 0.17499998956918716,
            "count": 230
        },
        "FlappyBird.Policy.ExtrinsicReward.sum": {
            "value": -9.299999952316284,
            "min": -56.3999999165535,
            "max": 2.7999998331069946,
            "count": 230
        },
        "FlappyBird.IsTraining.mean": {
            "value": 1.0,
            "min": 1.0,
            "max": 1.0,
            "count": 230
        },
        "FlappyBird.IsTraining.sum": {
            "value": 1.0,
            "min": 1.0,
            "max": 1.0,
            "count": 230
        },
        "FlappyBird.Losses.PolicyLoss.mean": {
            "value": 0.06808154133614153,
            "min": 0.0507008060036848,
            "max": 0.08850494452053681,
            "count": 110
        },
        "FlappyBird.Losses.PolicyLoss.sum": {
            "value": 0.06808154133614153,
            "min": 0.0507008060036848,
            "max": 0.08850494452053681,
            "count": 110
        },
        "FlappyBird.Losses.ValueLoss.mean": {
            "value": 0.07677349424920976,
            "min": 0.013929324185786148,
            "max": 0.2942623741303881,
            "count": 110
        },
        "FlappyBird.Losses.ValueLoss.sum": {
            "value": 0.07677349424920976,
            "min": 0.013929324185786148,
            "max": 0.2942623741303881,
            "count": 110
        },
        "FlappyBird.Policy.LearningRate.mean": {
            "value": 0.0001630794456402,
            "min": 0.0001630794456402,
            "max": 0.0002987640004119999,
            "count": 110
        },
        "FlappyBird.Policy.LearningRate.sum": {
            "value": 0.0001630794456402,
            "min": 0.0001630794456402,
            "max": 0.0002987640004119999,
            "count": 110
        },
        "FlappyBird.Policy.Epsilon.mean": {
            "value": 0.15435980000000002,
            "min": 0.15435980000000002,
            "max": 0.19958800000000002,
            "count": 110
        },
        "FlappyBird.Policy.Epsilon.sum": {
            "value": 0.15435980000000002,
            "min": 0.15435980000000002,
            "max": 0.19958800000000002,
            "count": 110
        },
        "FlappyBird.Policy.Beta.mean": {
            "value": 0.00027636302000000004,
            "min": 0.00027636302000000004,
            "max": 0.0004979812,
            "count": 110
        },
        "FlappyBird.Policy.Beta.sum": {
            "value": 0.00027636302000000004,
            "min": 0.00027636302000000004,
            "max": 0.0004979812,
            "count": 110
        }
    },
    "metadata": {
        "timer_format_version": "0.1.0",
        "start_time_seconds": "1679859934",
        "python_version": "3.9.2 (default, Feb 28 2021, 17:03:44) \n[GCC 10.2.1 20210110]",
        "command_line_arguments": "/home/bears_bears/Unity_env/bin/mlagents-learn trainer_config_hardcore.yaml --run-id FlappyBird-v2-Obs9-3-newReward --force --time-scale 20",
        "mlagents_version": "0.30.0",
        "mlagents_envs_version": "0.30.0",
        "communication_protocol_version": "1.5.0",
        "pytorch_version": "1.11.0+cu102",
        "numpy_version": "1.21.2",
        "end_time_seconds": "1679860503"
    },
    "total": 568.9289727259966,
    "count": 1,
    "self": 0.007163260001107119,
    "children": {
        "run_training.setup": {
            "total": 0.05815863699535839,
            "count": 1,
            "self": 0.05815863699535839
        },
        "TrainerController.start_learning": {
            "total": 568.8636508290001,
            "count": 1,
            "self": 0.8772030363470549,
            "children": {
                "TrainerController._reset_env": {
                    "total": 48.86608965600317,
                    "count": 1,
                    "self": 48.86608965600317
                },
                "TrainerController.advance": {
                    "total": 519.0067480816506,
                    "count": 23349,
                    "self": 0.9311714372379356,
                    "children": {
                        "env_step": {
                            "total": 391.4956920721961,
                            "count": 23349,
                            "self": 342.67600641181343,
                            "children": {
                                "SubprocessEnvManager._take_step": {
                                    "total": 48.34716605091671,
                                    "count": 23349,
                                    "self": 2.3768727639471763,
                                    "children": {
                                        "TorchPolicy.evaluate": {
                                            "total": 45.970293286969536,
                                            "count": 19264,
                                            "self": 45.970293286969536
                                        }
                                    }
                                },
                                "workers": {
                                    "total": 0.4725196094659623,
                                    "count": 23348,
                                    "self": 0.0,
                                    "children": {
                                        "worker_root": {
                                            "total": 567.506600816072,
                                            "count": 23348,
                                            "is_parallel": true,
                                            "self": 269.9153660298689,
                                            "children": {
                                                "run_training.setup": {
                                                    "total": 0.0,
                                                    "count": 0,