{
    "name": "root",
    "gauges": {
        "Generator.Policy.Entropy.mean": {
            "value": 1.481407642364502,
            "min": 1.4189382791519165,
            "max": 1.481407642364502,
            "count": 77
        },
        "Generator.Policy.Entropy.sum": {
            "value": 1469.556396484375,
            "min": 1283.00244140625,
            "max": 1656.7601318359375,
            "count": 77
        },
        "Generator.Environment.EpisodeLength.mean": {
            "value": 0.0,
            "min": 0.0,
            "max": 9.0,
            "count": 77
        },
        "Generator.Environment.EpisodeLength.sum": {
            "value": 0.0,
            "min": 0.0,
            "max": 1009.0,
            "count": 77
        },
        "Generator.Step.mean": {
            "value": 76999.0,
            "min": 999.0,
            "max": 76999.0,
            "count": 77
        },
        "Generator.Step.sum": {
            "value": 76999.0,
            "min": 999.0,
            "max": 76999.0,
            "count": 77
        },
        "Generator.Policy.ExtrinsicValueEstimate.mean": {
            "value": -0.1985984891653061,
            "min": -1368.27099609375,
            "max": 93.95982360839844,
            "count": 77
        },
        "Generator.Policy.ExtrinsicValueEstimate.sum": {
            "value": -198.59849548339844,
            "min": -1299857.5,
            "max": 88792.03125,
            "count": 77
        },
        "Generator.Environment.CumulativeReward.mean": {
            "value": -0.009999999776482582,
            "min": -0.009999999776482582,
            "max": 0.45000001788139343,
            "count": 77
        },
        "Generator.Environment.CumulativeReward.sum": {
            "value": -9.999999776482582,
            "min": -9.999999776482582,
            "max": 45.180001785978675,
            "count": 77
        },
        "Generator.Policy.ExtrinsicReward.mean": {
            "value": -0.009999999776482582,
            "min": -0.009999999776482582,
            "max": 0.45000001788139343,
            "count": 77
        },
        "Generator.Policy.ExtrinsicReward.sum": {
            "value": -9.999999776482582,
            "min": -9.999999776482582,
            "max": 45.180001785978675,
            "count": 77
        },
        "Generator.IsTraining.mean": {
            "value": 1.0,
            "min": 1.0,
            "max": 1.0,
            "count": 77
        },
        "Generator.IsTraining.sum": {
            "value": 1.0,
            "min": 1.0,
            "max": 1.0,
            "count": 77
        },
        "Generator.Losses.PolicyLoss.mean": {
            "value": 0.18108252385961046,
            "min": 0.09172710239120836,
            "max": 0.5451511832264563,
            "count": 37
        },
        "Generator.Losses.PolicyLoss.sum": {
            "value": 0.18108252385961046,
            "min": 0.09172710239120836,
            "max": 0.5451511832264563,
            "count": 37
        },
        "Generator.Losses.ValueLoss.mean": {
            "value": 1.48359932207192,
            "min": 0.01669394560546304,
            "max": 420196.57993046445,
            "count": 37
        },
        "Generator.Losses.ValueLoss.sum": {
            "value": 1.48359932207192,
            "min": 0.01669394560546304,
            "max": 420196.57993046445,
            "count": 37
        },
        "Generator.Policy.LearningRate.mean": {
            "value": 0.00025405501531499997,
            "min": 0.00025405501531499997,
            "max": 0.00029875920041359994,
            "count": 37
        },
        "Generator.Policy.LearningRate.sum": {
            "value": 0.00025405501531499997,
            "min": 0.00025405501531499997,
            "max": 0.00029875920041359994,
            "count": 37
        },
        "Generator.Policy.Epsilon.mean": {
            "value": 0.18468500000000002,
            "min": 0.18468500000000002,
            "max": 0.19958640000000002,
            "count": 37
        },
        "Generator.Policy.Epsilon.sum": {
            "value": 0.18468500000000002,
            "min": 0.18468500000000002,
            "max": 0.19958640000000002,
            "count": 37
        },
        "Generator.Policy.Beta.mean": {
            "value": 0.0042357815,
            "min": 0.0042357815,
            "max": 0.00497936136,
            "count": 37
        },
        "Generator.Policy.Beta.sum": {
            "value": 0.0042357815,
            "min": 0.0042357815,
            "max": 0.00497936136,
            "count": 37
        }
    },
    "metadata": {
        "timer_format_version": "0.1.0",
        "start_time_seconds": "1682256598",
        "python_version": "3.9.2 (default, Feb 28 2021, 17:03:44) \n[GCC 10.2.1 20210110]",
        "command_line_arguments": "/home/bears_bears/Unity_env/bin/mlagents-learn ARLPCG.yaml --run-id G4_newactions --force",
        "mlagents_version": "0.30.0",
        "mlagents_envs_version": "0.30.0",
        "communication_protocol_version": "1.5.0",
        "pytorch_version": "1.11.0+cu102",
        "numpy_version": "1.21.2",
        "end_time_seconds": "1682256899"
    },
    "total": 300.4293829630187,
    "count": 1,
    "self": 0.03904059901833534,
    "children": {
        "run_training.setup": {
            "total": 0.03129156300565228,
            "count": 1,
            "self": 0.03129156300565228
        },
        "TrainerController.start_learning": {
            "total": 300.35905080099474,
            "count": 1,
            "self": 0.17396319258841686,
            "children": {
                "TrainerController._reset_env": {
                    "total": 43.3061573820014,
                    "count": 1,
                    "self": 43.3061573820014
                },
                "TrainerController.advance": {
                    "total": 256.8147301443969,
                    "count": 5080,
                    "self": 0.16852653145906515,
                    "children": {
                        "env_step": {
                            "total": 146.65744955846458,
                            "count": 5080,
                            "self": 138.66542676548124,
                            "children": {
                                "SubprocessEnvManager._take_step": {
                                    "total": 7.901988372468622,
                                    "count": 5080,
                                    "self": 0.5803746910532936,
                                    "children": {
                                        "TorchPolicy.evaluate": {
                                            "total": 7.321613681415329,
                                            "count": 5080,
                                            "self": 7.321613681415329
                                        }
                                    }
                                },
                                "workers": {
                                    "total": 0.09003442051471211,
                                    "count": 5080,
                                    "self": 0.0,
                                    "children": {
                                        "worker_root": {
                                            "total": 300.0842017819814,
                                            "count": 5080,
                                            "is_parallel": true,
                                            "self": 174.02258022423484,
                                            "children": {
                                                "run_training.setup": {
                                                    "total": 0.0,
                                                    "count": 0,
                                                    "is_parallel": true,
                                                    "self": 0.0,