{
    "name": "root",
    "gauges": {
        "FlappyBird.Policy.Entropy.mean": {
            "value": 0.09793613106012344,
            "min": 0.04367240518331528,
            "max": 0.6827597618103027,
            "count": 623
        },
        "FlappyBird.Policy.Entropy.sum": {
            "value": 86.96728515625,
            "min": 43.49771499633789,
            "max": 745.5736694335938,
            "count": 623
        },
        "FlappyBird.Environment.EpisodeLength.mean": {
            "value": 78.4,
            "min": 14.904761904761905,
            "max": 99.0,
            "count": 623
        },
        "FlappyBird.Environment.EpisodeLength.sum": {
            "value": 1176.0,
            "min": 535.0,
            "max": 1358.0,
            "count": 623
        },
        "FlappyBird.Step.mean": {
            "value": 622975.0,
            "min": 982.0,
            "max": 622975.0,
            "count": 623
        },
        "FlappyBird.Step.sum": {
            "value": 622975.0,
            "min": 982.0,
            "max": 622975.0,
            "count": 623
        },
        "FlappyBird.Policy.ExtrinsicValueEstimate.mean": {
            "value": -28.83795738220215,
            "min": -66.30813598632812,
            "max": -3.0533812046051025,
            "count": 623
        },
        "FlappyBird.Policy.ExtrinsicValueEstimate.sum": {
            "value": -663.2730102539062,
            "min": -2537.71533203125,
            "max": -189.30963134765625,
            "count": 623
        },
        "FlappyBird.Environment.CumulativeReward.mean": {
            "value": -19.333333333333332,
            "min": -99.96774193548387,
            "max": 9.444444444444445,
            "count": 623
        },
        "FlappyBird.Environment.CumulativeReward.sum": {
            "value": -290.0,
            "min": -6198.0,
            "max": 103.0,
            "count": 623
        },
        "FlappyBird.Policy.ExtrinsicReward.mean": {
            "value": -19.333333333333332,
            "min": -99.96774193548387,
            "max": 9.444444444444445,
            "count": 623
        },
        "FlappyBird.Policy.ExtrinsicReward.sum": {
            "value": -290.0,
            "min": -6198.0,
            "max": 103.0,
            "count": 623
        },
        "FlappyBird.Losses.PolicyLoss.mean": {
            "value": 0.6570077335927635,
            "min": 0.3025312243650357,
            "max": 1.6980082889397938,
            "count": 444
        },
        "FlappyBird.Losses.PolicyLoss.sum": {
            "value": 0.6570077335927635,
            "min": 0.3025312243650357,
            "max": 3.13076164573431,
            "count": 444
        },
        "FlappyBird.Losses.ValueLoss.mean": {
            "value": 229.73635540405908,
            "min": 12.006814554333687,
            "max": 4453.411041259766,
            "count": 444
        },
        "FlappyBird.Losses.ValueLoss.sum": {
            "value": 229.73635540405908,
            "min": 12.006814554333687,
            "max": 7185.22060139974,
            "count": 444
        },
        "FlappyBird.Policy.LearningRate.mean": {
            "value": 0.00026265565244812,
            "min": 0.00026265565244812,
            "max": 0.00029997072000976,
            "count": 444
        },
        "FlappyBird.Policy.LearningRate.sum": {
            "value": 0.00026265565244812,
            "min": 0.00026265565244812,
            "max": 0.00059983956005348,
            "count": 444
        },
        "FlappyBird.Policy.Epsilon.mean": {
            "value": 0.18755188,
            "min": 0.18755188,
            "max": 0.19999024,
            "count": 444
        },
        "FlappyBird.Policy.Epsilon.sum": {
            "value": 0.18755188,
            "min": 0.18755188,
            "max": 0.39994651999999997,
            "count": 444
        },
        "FlappyBird.Policy.Beta.mean": {
            "value": 0.004378838812000001,
            "min": 0.004378838812000001,
            "max": 0.004999512976,
            "count": 444
        },
        "FlappyBird.Policy.Beta.sum": {
            "value": 0.004378838812000001,
            "min": 0.004378838812000001,
            "max": 0.009997331348,
            "count": 444
        },
        "FlappyBird.IsTraining.mean": {
            "value": 1.0,
            "min": 1.0,
            "max": 1.0,
            "count": 623
        },
        "FlappyBird.IsTraining.sum": {
            "value": 1.0,
            "min": 1.0,
            "max": 1.0,
            "count": 623
        }
    },
    "metadata": {
        "timer_format_version": "0.1.0",
        "start_time_seconds": "1679733193",
        "python_version": "3.9.2 (default, Feb 28 2021, 17:03:44) \n[GCC 10.2.1 20210110]",
        "command_line_arguments": "/home/bears_bears/Unity_env/bin/mlagents-learn trainer_config.yaml --run-id FlappyBird-v1-Obs9-4_newReward --time-scale 20 --force",
        "mlagents_version": "0.30.0",
        "mlagents_envs_version": "0.30.0",
        "communication_protocol_version": "1.5.0",
        "pytorch_version": "1.11.0+cu102",
        "numpy_version": "1.21.2",
        "end_time_seconds": "1679734906"
    },
    "total": 1712.8537582659992,
    "count": 1,
    "self": 0.07086039800196886,
    "children": {
        "run_training.setup": {
            "total": 0.06736161500157323,
            "count": 1,
            "self": 0.06736161500157323
        },
        "TrainerController.start_learning": {
            "total": 1712.7155362529957,
            "count": 1,
            "self": 1.9008010120887775,
            "children": {
                "TrainerController._reset_env": {
                    "total": 10.089274447993375,
                    "count": 1,
                    "self": 10.089274447993375
                },
                "TrainerController.advance": {
                    "total": 1700.454174883911,
                    "count": 59475,
                    "self": 2.032065979394247,
                    "children": {
                        "env_step": {
                            "total": 1200.925035827211,
                            "count": 59475,
                            "self": 1049.0657079331286,
                            "children": {
                                "SubprocessEnvManager._take_step": {
                                    "total": 150.79165917674254,
                                    "count": 59475,
                                    "self": 7.019882107873855,
                                    "children": {
                                        "TorchPolicy.evaluate": {
                                            "total": 143.7717770688687,
                                            "count": 52017,
                                            "self": 143.7717770688687
                                        }
                                    }
                                },
                                "workers": {
                                    "total": 1.0676687173399841,
                                    "count": 59475,
                                    "self": 0.0,
                                    "children": {
                                        "worker_root": {
                                            "total": 1709.5610772984437,
                                            "count": 59475,
                                            "is_parallel": true,
                                            "self": 767.5837138536008,
                                            "children": {
                                                "run_training.setup": {
                                                    "total": 0.0,
                                                    "count": 0,
                                                    "is_parallel": true,
                                                    "self": 0.0,