ydiffs;heights;distances;angles
-0.2152178;3.510225;2.097703;-5.857871
-0.1474027;3.170875;1.487045;-5.660926
-0.03052102;3.513025;1.928648;-0.9066353
-0.04885665;3.609033;2.088784;-1.339903
0.145808;3.412733;1.909292;4.367064
0.05824391;3.427954;2.233114;1.494046
0.2456432;3.082298;1.987203;7.046729
0.1512063;3.740307;2.572836;3.36342
0.4106509;3.989711;2.108329;11.02182