ydiffs;heights;distances;angles
0.3575689;3.991612;2.303568;8.823262
-0.3655803;3.684401;1.795577;-11.50815
1.002214;3.423679;1.866271;28.23643
-0.2262519;3.997075;1.743508;-7.393851
1.431997;3.586545;2.410618;30.71189
-1.463704;3.348223;2.022546;-35.89302
2.596131;3.574572;2.314908;48.27737
1.696162;3.49963;1.767884;43.81387
-0.6175952;3.394453;1.832505;-18.62497