ydiffs;heights;distances;angles
-0.1167532;3.599563;1.64185;-4.0675
-0.03323586;3.28143;1.996284;-0.9538217
-0.006978553;3.359212;2.100763;-0.190331
0.04976782;3.597278;1.625043;1.754166
0.04412178;3.39291;1.642849;1.538415
0.04484182;3.615222;1.910735;1.344391
0.1733217;3.039733;1.755476;5.638653
0.1993546;4;1.87678;6.063313
0.05967242;3.719412;1.720027;1.986949