ydiffs;heights;distances;angles
0.3519837;3.323664;1.790111;11.12397
0.09827398;3.689968;1.864445;3.017241
-0.07215029;3.251773;2.017286;-2.048368
0.5068831;2.801078;2.009421;14.15769
1.402464;3.517209;2.197936;32.54123
2.603992;3.768264;1.459553;60.7291
-1.635065;3.027813;1.410488;-49.21733
2.263681;3.217483;1.687118;53.30289
-0.5603157;3.578004;1.631669;-18.95249