ydiffs;heights;distances;angles
1.247945;3.57753;1.955814;32.5407
-2.935969;3.367546;2.080836;-54.67331
-0.06408127;2.839976;1.73715;-2.112611
0.6351888;3.778811;1.474234;23.30929
-1.187016;3.986451;2.038139;-30.2166
1.573043;3.79679;2.477375;32.41405
-0.2285388;3.746814;1.719134;-7.572404
2.306307;2.891696;1.914957;50.2967
0.1486566;3.468045;2.161615;3.934098