ydiffs;heights;distances;angles
2.110396;3.524698;2.211752;43.65663
1.349665;3.781601;2.229848;31.18535
-0.1334536;3.718803;2.07742;-3.675633
1.34019;3.478462;1.829055;36.23107
0.09329823;3.488166;1.777798;3.004107
2.719028;3.439233;1.917006;54.81487
0.2592246;3.241505;1.745528;8.447134
2.121988;3.108552;2.642824;38.76183
-1.832456;3.903783;2.322528;-38.27315