ydiffs;heights;distances;angles
0.4784196;3.375186;2.310691;11.69758
-0.5683312;2.980994;1.984515;-15.98081
-0.387542;3.209633;2.024307;-10.83782
2.018779;4;1.988041;45.43954
-0.006357412;3.433647;1.898966;-0.1918157
0.1125061;3.481525;1.965294;3.276404
0.3267339;3.288335;2.013366;9.217743
0.3737449;3.893383;1.869645;11.30451
-0.05254021;3.793325;2.057223;-1.462981