ydiffs;heights;distances;angles
-0.05193712;3.405286;2.055205;-1.447615
-0.1066239;4;1.836168;-3.323359
-0.07539068;3.411271;2.887161;-1.49579
-0.01731863;3.722293;2.345639;-0.4230259
0.02716047;3.262134;2.39046;0.6509681
0.05517858;3.354276;1.754325;1.801523
0.02336853;3.578504;1.684985;0.794566
0.007995044;3.249394;1.930099;0.2373348
0.006532732;3.825629;1.957627;0.1911991