ydiffs;heights;distances;angles
-0.08945943;3.015008;1.450584;-3.529037
-0.01914351;3.727352;2.147111;-0.5108321
0.5066882;4;1.483759;18.85451
0.3082094;3.33443;2.006737;8.731674
0.2432598;3.537632;1.930511;7.181872
0.211998;3.286334;1.690572;7.147587
2.140561;3.436385;1.471626;55.49165
-1.55141;3.381157;1.869704;-39.68461
-0.08918068;3.679808;1.779204;-2.869487