ydiffs;heights;distances;angles
0.266674;2.941168;2.464924;6.174672
2.333872;3.088075;1.778761;52.68716
-1.785114;3.743114;1.750906;-45.55428
1.564755;3.821927;2.046583;37.40042
-0.6251;3.419783;1.856679;-18.60716
0.692602;3.765677;2.001262;19.08984
-0.5785173;3.3852;1.926059;-16.71834
-1.577622;3.354598;1.623377;-44.18106
3.310615;3.424007;1.602112;64.17619