ydiffs;heights;distances;angles
-0.2511125;3.36832;2.05515;-6.966265
1.430298;3.554305;1.996218;35.62175
-0.2592507;3.732262;1.285421;-11.40276
1.526774;2.91381;1.822632;39.95208
0.7891653;3.932801;1.679689;25.16546
-1.079303;3.279201;1.562892;-34.6282
3.098442;3.231604;1.726813;60.86835
-0.9475334;3.967146;1.72601;-28.76561
1.647825;3.299294;1.822474;42.11892