ydiffs;heights;distances;angles
-0.3064457;3.391306;1.52831;-11.33818
-1.424748;3.525532;2.27522;-32.05489
3.459527;3.756361;2.199747;57.54968
-0.3388306;3.535622;1.832192;-10.47744
0.6997824;3.644044;2.188155;17.73452
-0.2218756;3.250076;1.851222;-6.834502
2.382556;3.503942;1.957737;50.59018
-0.1129454;3.763067;2.098343;-3.081029
1.338311;3.139217;2.149315;31.90922