ydiffs;heights;distances;angles
2.524014;3.414427;2.134785;49.77579
-1.87266;3.372341;1.986511;-43.31018
2.076918;3.61655;2.134668;44.21441
-1.136821;3.757025;2.228143;-27.03114
1.141471;3.408767;1.974609;30.03111
0.668716;3.470002;1.742032;21.00035
3.54148;3.614297;2.246066;57.61644
-0.002935837;3.310721;1.806768;-0.09310047
0.8702032;3.33616;2.139473;22.1334