ydiffs;heights;distances;angles
-0.09719911;4;1.850622;-3.00655
0.05963796;3.386629;1.95535;1.746974
-0.1384054;3.861399;2.026926;-3.906286
-0.06017345;3.242816;2.011814;-1.713209
-0.003625036;3.530484;1.828769;-0.1135731
-0.001000534;3.656324;1.503822;-0.03812044
0.00460477;3.750997;1.854975;0.1422301
-0.01442862;3.603706;1.438111;-0.5748312
-0.02205498;3.195191;1.619907;-0.7800317