ydiffs;heights;distances;angles
-0.1029488;3.454461;1.854448;-3.177486
-0.02336409;3.485559;2.236016;-0.5986608
-0.04013585;3.782385;1.787878;-1.28601
0.4255318;3.758578;1.961929;12.2376
0.2781072;3.131968;1.719141;9.18919
0.1738615;3.533826;1.815599;5.469958
0.141564;3.435138;1.929259;4.196692
1.717513;3.303905;1.975792;40.99973
-1.08331;3.539386;1.957477;-28.96108