ydiffs;heights;distances;angles
1.12476;3.332621;1.888978;30.77097
-0.4920711;3.117455;1.572919;-17.37174
1.489276;3.471891;1.953281;37.32365
0.02544826;3.576812;1.823538;0.7995355
0.9272281;3.715658;1.696993;28.65196
-1.028043;3.386796;1.836017;-29.24583
3.303711;2.986694;1.655195;63.38864
-1.024239;3.818899;1.847182;-29.00781
-0.7218006;2.814668;1.950602;-20.30649