ydiffs;heights;distances;angles
-1.487069;3.297855;1.989517;-36.77636
-1.152535;3.622478;1.787845;-32.80788
-0.9479901;3.388236;1.780161;-28.03667
-0.9533616;3.679774;2.096009;-24.45823
-0.6854994;2.85989;2.056576;-18.4343
-0.8040405;3.559815;2.074833;-21.18238
-0.8676515;3.057641;1.935112;-24.15016
-0.8877932;4;1.756502;-26.81351
-0.3885262;3.768098;2.155031;-10.21995