ydiffs;heights;distances;angles
-0.8779121;3.315271;2.308813;-20.81901
-0.1833419;4;1.830201;-5.720566
-0.386596;3.129422;1.619719;-13.42425
-0.4302423;3.549201;1.935951;-12.52968
-0.4439212;3.724152;1.63421;-15.19726
0.1413314;3.605024;1.861048;4.342812
-0.04936798;3.743751;2.184644;-1.294534
-0.1690592;3.843375;2.053318;-4.70681
-0.2121092;3.239874;1.457232;-8.281599