ydiffs;heights;distances;angles
-0.06794663;3.56822;2.068373;-1.881506
-0.027206;2.704559;1.944573;-0.8015574
-0.3866814;3.334395;1.575655;-13.78846
2.562377;3.512774;1.886917;53.63231
0.3426417;3.87045;1.805618;10.74493
0.2116306;3.597221;1.769958;6.818382
-3.893597;3.752221;1.692147;-66.51036
2.494236;3.101145;2.184724;48.78459
0.3363566;3.155948;1.694692;11.22598