ydiffs;heights;distances;angles
0.3899648;3.335374;2.171457;10.18104
1.980874;4;1.94558;45.51501
-1.073174;3.398859;2.000126;-28.21591
0.09217962;3.17486;2.516122;2.098126
0.3027026;3.766475;1.668516;10.28277
0.2334531;3.18371;2.123875;6.272681
0.3236622;3.855094;2.194131;8.391341
-0.276426;3.234653;1.836826;-8.55828
-0.1049823;3.790474;2.123188;-2.830718