ydiffs;heights;distances;angles
-0.7058643;3.401074;1.949767;-19.90153
-0.4183766;3.504684;2.006684;-11.77698
-0.2980314;3.139198;2.147143;-7.902374
-0.2085466;4;1.675713;-7.094125
-0.7693233;3.300761;2.05161;-20.5553
-0.6138839;3.626848;2.115787;-16.1798
-0.5113296;3.197236;1.878628;-15.22606
-0.4545141;3.679907;2.112815;-12.14059
-0.9672232;4;1.464906;-33.43531