ydiffs;heights;distances;angles
-0.9092944;3.420088;1.531312;-30.70189
-1.041866;3.650502;2.317451;-24.20746
-1.048526;3.381588;1.558525;-33.93142
-0.9236745;3.676506;1.736791;-28.00531
-0.8368014;3.378795;2.3904;-19.2935
-0.8881859;3.507288;1.761227;-26.76179
-0.9106981;3.573956;2.007965;-24.39633
-0.9202471;2.921288;2.070831;-23.95966
-0.9485978;3.957532;1.295672;-36.20891