ydiffs;heights;distances;angles
-0.8138458;3.72879;2.570724;-17.56686
-0.7422405;3.449373;1.844676;-21.91833
-0.1481347;3.571773;2.260474;-3.749378
-0.265955;3.392023;1.421604;-10.59646
-0.3564879;3.688482;1.635201;-12.29854
-0.4027828;3.456748;2.137215;-10.67287
0.1634709;3.568529;1.780438;5.245904
-0.02079342;3.482656;1.444556;-0.8246778
-0.1239582;3.914089;1.693729;-4.185819