ydiffs;heights;distances;angles
2.751024;3.165475;1.546668;60.65464
-1.41656;3.7964;1.477477;-43.79414
1.759961;3.072741;1.792024;44.48282
1.325763;3.463374;2.146453;31.70167
0.7312304;3.43683;1.801771;22.08927
-0.4212593;3.133186;1.488355;-15.80347
2.981596;3.574264;1.830865;58.44777
4.022677;3.393194;1.916057;64.53089
1.438661;3.224565;1.676763;40.62957