ydiffs;heights;distances;angles
0.07198975;3.406106;2.063905;1.997687
0.08364618;3.797324;2.152854;2.22503
0.03731146;3.274587;1.783186;1.198685
-0.6639176;3.821674;2.03222;-18.09199
1.431525;3.114732;2.056999;34.83517
0.4683771;3.080482;1.331079;19.38584
0.3137545;3.493026;2.143207;8.328646
-0.5041011;3.348079;1.80718;-15.5861
2.198534;3.113846;1.969416;48.14647