ydiffs;heights;distances;angles
0.2722189;3.167211;1.968633;7.872828
0.4066072;4;1.731875;13.21253
1.990888;3.724637;2.48165;38.73811
-1.453214;3.290639;2.352557;-31.70433
0.5229416;3.534638;2.126122;13.8182
0.6445964;3.460311;2.228765;16.13076
3.967372;3.4052;2.264371;60.28451
-0.003457414;3.596364;1.864101;-0.1062684
-0.1178176;3.034605;1.921044;-3.509552