ydiffs;heights;distances;angles
0.04511518;3.173384;2.155637;1.198964
0.07377293;3.586355;2.488265;1.698227
-0.6525709;3.287479;2.042712;-17.71676
-0.3822658;3.670153;1.673744;-12.86511
-0.2459011;3.371869;1.517242;-9.205942
-0.2055264;3.793559;2.039859;-5.753429
-0.7925222;3.507997;1.673932;-25.33519
-0.6111142;3.765993;1.484586;-22.374
-0.4767981;3.077031;2.046538;-13.1147