ydiffs;heights;distances;angles
-1.072238;3.286435;1.739354;-31.65208
-0.7991716;3.664618;1.541042;-27.41088
-0.7247524;3.303611;2.329544;-17.28162
-1.037155;3.852481;1.892218;-28.72785
-0.949721;3.107557;2.121059;-24.12083
-0.9119852;3.631787;2.343011;-21.2678
-0.9181943;3.519063;1.883408;-25.99004
-0.9949583;3.207874;1.901435;-27.62158
-0.9323184;3.864349;1.908312;-26.03813