ydiffs;heights;distances;angles
-1.025209;3.368429;1.592762;-32.76807
-0.7626469;3.82843;2.1679;-19.3814
-1.015216;3.845269;1.814127;-29.23211
-0.8940112;2.879793;1.89753;-25.22722
-0.4861633;3.588001;1.991664;-13.71759
-0.4962561;3.47097;1.16848;-23.01105
-0.7197983;3.80671;1.688177;-23.09225
-0.6068074;3.158107;2.099205;-16.12275
-0.2372525;3.36414;1.534489;-8.789096