ydiffs;heights;distances;angles
0.09772039;3.959509;1.951902;2.866074
0.2298525;3.157573;1.70296;7.686889
-0.08491604;3.545909;1.85849;-2.616075
0.08068577;3.489971;2.060413;2.242557
0.7619115;3.273218;1.73351;23.72643
1.119627;3.408679;1.75484;32.53879
0.1657541;3.113434;2.169387;4.369249
0.4028029;3.359919;2.185522;10.44272
2.354148;3.949439;1.841438;51.96712