ydiffs;heights;distances;angles
3.668548;3.420314;1.841896;63.33979
2.610614;3.632599;2.007957;52.43426
-1.281481;3.373459;1.944794;-33.38205
0.8738167;3.066206;2.12748;22.32935
1.113183;3.40366;2.025604;28.79126
0.3773637;3.613724;1.597463;13.29115
0.3023547;3.370323;2.403016;7.171441
1.508425;3.795841;2.002331;36.99198
0.07143815;3.212945;2.038312;2.007263