ydiffs;heights;distances;angles
0.1641434;3.028237;1.74124;5.385252
0.1323423;3.98789;2.49563;3.03553
-0.2741115;3.361713;1.937584;-8.052241
-0.2145261;3.627211;2.021821;-6.056729
0.08823663;3.312289;2.098314;2.407938
-0.05147748;3.451234;1.618301;-1.821941
-0.4596763;2.764179;1.540537;-16.61443
-0.4402246;3.74765;2.255472;-11.04418
-0.1670311;3.446925;2.354362;-4.058073