ydiffs;heights;distances;angles
-1.122551;3.347744;1.96882;-29.69025
-0.7483993;3.602833;2.084762;-19.74741
-0.8840036;2.828902;1.84347;-25.61923
-1.063176;3.537865;2.340163;-24.43311
-1.023898;3.385146;1.419128;-35.81039
-0.8678564;3.887699;1.781803;-25.96915
-0.925733;3.328538;2.01613;-24.66285
-0.9461854;3.296192;1.345346;-35.11882
-0.844183;3.878084;2.2109;-20.89825