ydiffs;heights;distances;angles
-0.9423488;3.054771;2.009129;-25.12816
-0.7414629;3.754934;1.665632;-23.99643
-0.96918;3.357665;1.888845;-27.16269
-0.8552819;3.497479;2.334707;-20.11948
-0.4748348;3.591815;1.775491;-14.9727
-0.4556007;3.456115;2.026937;-12.668
-0.7262271;4;2.0179;-19.79343
-0.6144309;3.4053;1.755952;-19.28562
-0.179295;3.717951;2.239573;-4.577206