ydiffs;heights;distances;angles
-0.03758719;2.977316;1.82857;-1.177578
0.06189897;3.845924;2.01676;1.757987
0.5109991;3.485503;2.046747;14.01813
0.3475385;3.367864;2.031823;9.706372
0.06132473;3.611387;1.985778;1.768845
0.08648786;3.277819;2.230942;2.220098
0.2345414;3.651519;1.909357;7.003011
0.1551509;3.328602;1.710252;5.183578
0.01879944;3.267896;1.528034;0.7048758