ydiffs;heights;distances;angles
-0.470764;3.042069;1.984405;-13.34567
0.006523505;3.873422;1.534685;0.2435465
-0.02395189;3.041819;1.851916;-0.7409977
-0.2800491;3.741514;1.875804;-8.491286
-0.08946723;3.887307;1.722289;-2.973655
0.3414997;3.531415;1.482538;12.97171
0.3253617;3.266614;2.220455;8.336188
0.02737811;3.624106;2.10713;0.7444068
0.170398;3.298289;1.507178;6.450333