ydiffs;heights;distances;angles
1.15602;3.13344;2.060727;29.29141
-0.2509305;3.662211;2.099469;-6.815711
1.473752;3.266472;1.997062;36.42585
1.205242;3.205427;2.330115;27.35008
0.01181962;3.764054;1.647465;0.4110571
1.453025;4;2.159743;33.93176
-0.007909957;3.161175;1.679099;-0.2699089
0.4405193;3.785347;1.982961;12.52499
0.3648525;2.982777;2.255515;9.188581