ydiffs;heights;distances;angles
-0.1313336;3.33081;1.876882;-4.002711
-0.06271277;3.671356;2.091368;-1.717584
0.2647077;3.601557;1.589298;9.45617
0.1610237;3.803355;1.862186;4.942089
-0.2354615;3.483714;2.470745;-5.443835
-0.2435433;3.284399;1.643306;-8.430062
0.06011299;2.913393;1.880195;1.831219
-0.07236741;3.92221;2.066492;-2.005647
-0.4886266;3.232899;2.068212;-13.29271