ydiffs;heights;distances;angles
-0.5247248;3.630568;1.87427;-15.64024
-0.7869678;3.272319;1.689227;-24.97961
-0.7835805;4;2.355914;-18.3972
-0.5098283;3.437474;2.240908;-12.81718
-0.5934949;3.571802;1.531088;-21.1878
-0.916357;3.655473;1.890245;-25.86328
-0.9046726;3.519731;1.812207;-26.52885
-0.7031599;3.858328;1.769724;-21.66929
-0.7986755;3.282618;2.302666;-19.12901