ydiffs;heights;distances;angles
-1.099284;3.396286;2.111344;-27.50401
-0.8041427;3.960403;2.256892;-19.61125
-0.8925278;2.848627;1.66079;-28.2541
-0.6401813;3.222285;1.667157;-21.00658
-0.6937891;3.520701;2.50128;-15.50261
-0.5623006;3.422888;2.206526;-14.29669
-0.6604948;3.719449;2.707417;-13.70994
-0.4537928;3.341578;2.15489;-11.89201
-0.5427318;3.554564;1.740344;-17.32026