ydiffs;heights;distances;angles
-0.3643909;2.884727;2.353713;-8.800403
-0.3408742;3.87682;2.047431;-9.452404
-0.116033;3.244742;2.324455;-2.85774
-0.171509;3.848176;1.70706;-5.737279
0.08806691;3.452776;1.607794;3.135243
-0.03738971;3.986942;2.154009;-0.9944515
0.211925;3.326977;1.776528;6.802763
0.09287392;4;1.848113;2.876887
0.3736578;3.538038;2.366371;8.973104