ydiffs;heights;distances;angles
0.0821098;3.321272;1.417221;3.31585
1.810413;3.455628;1.563543;49.18483
-0.9176993;3.581769;2.012886;-24.50882
0.9202464;3.076054;1.995883;24.75312
0.5687305;3.737788;1.924633;16.46245
1.616149;3.608535;1.592788;45.4171
-0.7797159;3.226215;1.71681;-24.42591
2.808652;3.660154;1.6621;59.38387
3.475426;3.539748;2.412443;55.23381