ydiffs;heights;distances;angles
-1.37992;3.766427;1.903533;-35.93933
2.07489;2.927078;1.838731;48.45321
-0.2086301;3.213085;1.671175;-7.11601
1.55145;3.580973;2.20033;35.18763
-0.2230102;3.410102;1.805288;-7.042167
0.08165321;3.436035;1.897272;2.464328
0.01412192;4;2.091281;0.3868989
0.1413267;3.297533;1.335977;6.03859
-0.09037784;3.595882;1.728368;-2.993319