ydiffs;heights;distances;angles
-0.2360809;3.068861;1.986969;-6.775811
-0.3497928;3.91372;2.292058;-8.677004
-0.2536876;3.053285;1.579535;-9.124294
-0.4184053;3.026999;1.940663;-12.16669
-0.2900066;3.51791;2.138936;-7.721336
-0.5389104;3.747054;1.749691;-17.119
-0.4219344;3.645092;1.922067;-12.38125
-0.6368365;3.667954;1.918255;-18.36552
-0.5470105;3.343157;1.371182;-21.74871