ydiffs;heights;distances;angles
-1.022027;3.017371;1.778958;-29.87774
-0.7829527;3.861581;1.966519;-21.70955
-0.9381453;3.307616;1.507871;-31.88845
-0.8193088;3.653802;2.069785;-21.59576
-0.8658835;3.354055;2.060402;-22.79457
-0.8854948;3.653331;1.808709;-26.08512
-0.8306034;4;2.508103;-18.32322
-0.8821999;3.09745;1.628127;-28.45103
-0.7766051;3.556149;1.671893;-24.91517