ydiffs;heights;distances;angles
-0.2697566;3.384839;1.992836;-7.708882
-0.06035203;3.29847;2.168809;-1.593974
0.2053417;3.522;1.36919;8.529262
0.2449691;3.742171;1.635866;8.516694
0.09644874;3.192525;1.805727;3.057417
0.1660446;3.698874;2.110483;4.498542
0.6256067;3.093795;2.236714;15.62625
0.3195772;3.873849;2.043619;8.887821
0.2988164;3.830308;2.127611;7.994722