ydiffs;heights;distances;angles
-1.002621;3.289523;1.987399;-26.77044
-0.6530981;3.610914;1.93054;-18.69058
-0.7598368;3.415024;2.062994;-20.21964
-0.5287828;3.676011;1.727193;-17.02205
-0.5740412;3.566835;1.637013;-19.32392
-0.6803348;3.054076;1.856307;-20.12784
-0.5846251;3.96098;2.074701;-15.73718
-0.3208512;3.400383;1.759181;-10.33638
-0.4000187;3.678157;2.152622;-10.52711