ydiffs;heights;distances;angles
-0.1903395;2.674572;1.82543;-5.952779
-0.1838193;3.675662;1.957482;-5.364685
0.05340438;3.411851;1.79134;1.707627
-0.02358417;3.494762;1.676212;-0.8060941
0.2761556;3.24838;2.343848;6.719691
0.149162;3.804799;1.584637;5.377411
0.442314;3.275537;1.544078;15.9848
0.2690475;3.554259;2.326391;6.596959
0.6176456;3.763659;1.870178;18.27634