ydiffs;heights;distances;angles
-0.7090237;3.084109;1.822622;-21.25668
1.252258;3.562681;1.943367;32.79673
1.111754;3.511642;1.844596;31.07774
2.051708;3.805268;2.165681;43.45197
-0.5724047;3.643791;1.961547;-16.26793
-0.9364436;3.734935;1.585528;-30.56692
2.555408;3.228782;1.783842;55.08243
-0.08722299;2.982851;2.08049;-2.400677
0.688794;3.767019;1.683972;22.246