ydiffs;heights;distances;angles
0.1084036;3.455387;1.873851;3.310912
-0.3962883;3.408397;2.250155;-9.988277
0.2689628;3.560856;1.963652;7.799311
0.3834706;3.299156;2.037315;10.6597
0.05102978;3.817694;1.799428;1.62441
0.1800565;3.208146;2.271343;4.532538
-0.06350815;3.526127;1.323632;-2.746956
0.0509037;3.479327;2.111066;1.381294
-0.1930728;3.753119;1.949429;-5.656168