ydiffs;heights;distances;angles
-0.3775531;3.065656;1.947144;-10.97353
-0.4915438;3.610774;1.745876;-15.72433
-0.3848436;3.263387;1.746499;-12.42663
-0.5697491;4;2.122531;-15.02565
-0.4411925;3.162041;1.484601;-16.55086
-0.6341022;3.541456;1.602154;-21.59273
-0.5284117;3.934413;2.247154;-13.23254
-0.74789;3.315744;1.783038;-22.75547
-0.6621494;3.683226;2.048461;-17.91303