ydiffs;heights;distances;angles
-1.05241;3.517932;2.223061;-25.33313
-0.8675085;3.575681;1.717233;-26.80191
-0.9352357;3.228484;1.866896;-26.60892
-0.8734227;4;1.706027;-27.11077
-0.9012837;3.466933;1.663808;-28.44438
-0.880979;3.398466;2.068571;-23.06856
-0.8913879;3.806708;2.06089;-23.38972
-0.8819686;3.111864;2.437626;-19.89087
-0.8613226;3.615353;2.565606;-18.55788