ydiffs;heights;distances;angles
-0.9251176;3.176485;2.110123;-23.67355
-0.6924314;3.099134;1.681373;-22.38309
-0.6341108;3.826065;2.192395;-16.13156
-0.5555177;3.458616;2.393652;-13.06588
-0.4817457;3.152529;1.90239;-14.21038
-0.4054829;3.34198;1.987795;-11.52938
-0.3386099;4;1.652171;-11.58229
-0.2673364;3.498752;1.698679;-8.943791
-0.2027955;3.586929;2.209515;-5.244073