ydiffs;heights;distances;angles
-0.2163085;3.20084;1.785006;-6.909461
-0.02721487;3.573914;2.408556;-0.6473715
-0.3122024;3.264385;2.045782;-8.676839
-0.1783679;3.565083;1.911612;-5.330698
-0.004021151;2.928141;1.992419;-0.1156356
0.1526482;3.800539;1.882183;4.636636
0.3369667;3.683117;1.707819;11.16156
0.4877645;3.38555;1.89743;14.41664
1.450785;3.50897;1.863097;37.90773