ydiffs;heights;distances;angles
-2.042987;3.836023;2.084883;-44.41849
2.518112;3.233294;1.75014;55.19989
0.525017;3.162851;1.562838;18.56917
0.2140175;3.307594;2.041775;5.983856
2.174552;3.663898;2.249976;44.02339
-1.741708;3.555179;1.788537;-44.24002
2.382406;3.25321;2.023512;49.65688
0.1766836;3.68182;1.80082;5.60352
1.343128;3.185719;2.010614;33.74367