ydiffs;heights;distances;angles
0.1468499;3.805236;1.345402;6.229145
0.113111;2.879804;2.158626;2.999528
0.08962497;3.802934;1.675228;3.062415
0.06885739;3.480287;1.563738;2.521325
0.03598379;3.798602;1.989992;1.035931
-0.03733741;3.272619;2.117073;-1.010383
-0.1025907;3.677181;1.899884;-3.090879
-0.1656821;3.301139;1.951569;-4.852596
-0.2175737;3.539227;1.953578;-6.354951