ydiffs;heights;distances;angles
-0.1843293;3.375124;1.560767;-6.735533
0.9439271;3.629682;1.777427;27.97115
-0.1854729;3.512167;2.279003;-4.652668
3.180551;3.6813;2.189878;55.45174
-0.4314145;3.292165;2.097505;-11.6225
-0.4879967;3.833279;1.787247;-15.272
1.509886;4;1.957956;37.63776
2.275939;3.391593;2.05984;47.85331
-0.7459372;3.347776;2.165303;-19.0086