ydiffs;heights;distances;angles
-0.599328;3.197125;2.181393;-15.3627
-0.5278055;3.366539;1.544136;-18.87109
-0.5807227;3.452723;1.980798;-16.33988
-0.6169364;3.773327;1.944239;-17.60502
-0.6409412;3.284229;1.785485;-19.74678
-1.020658;3.292313;2.134851;-25.55216
-0.8703038;4;1.830645;-25.4268
-0.8527191;3.409697;1.85151;-24.7286
-0.8644135;3.556198;1.418011;-31.36631