ydiffs;heights;distances;angles
-1.169346;3.442384;2.134289;-28.7177
-0.9909703;3.593716;1.420804;-34.89468
-0.8949561;3.694124;2.245409;-21.73082
-0.8979211;3.520959;2.059215;-23.55962
-0.87707;3.801547;1.792628;-26.07089
-0.8198621;3.430266;2.543051;-17.86896
-0.819329;3.654102;1.81852;-24.25381
-0.7614712;3.678405;1.789404;-23.05192
-0.6853488;3.829325;2.053937;-18.4526