ydiffs;heights;distances;angles
-0.7152845;3.601614;1.939863;-20.24041
-0.5250415;3.660417;2.507909;-11.82434
-0.5236681;3.582654;2.044137;-14.36905
-0.3937333;3.160028;1.558954;-14.17434
-0.2696999;3.795575;2.413637;-6.375784
-0.2366202;3.84277;1.839099;-7.331451
-0.1798383;3.575298;1.688079;-6.08103
-0.1114905;3.477402;1.43009;-4.45779
-0.04474552;3.562142;1.432975;-1.788515