ydiffs;heights;distances;angles
-0.03428508;3.242227;2.417228;-0.8126079
0.1554438;3.626948;1.762136;5.041202
0.244099;3.420075;1.66713;8.329985
0.3662101;3.676089;1.951094;10.63044
0.5068007;4;1.598342;17.59273
-1.232531;3.874239;2.110447;-30.28553
1.018438;3.93461;1.900054;28.19153
-0.502472;3.490272;2.194885;-12.89445
1.41159;3.396159;2.044031;34.62862