ydiffs;heights;distances;angles
-0.5497764;3.990996;2.180003;-14.15431
0.1276738;3.277078;1.68174;4.341435
1.665284;2.848577;1.54431;47.15853
0.08062743;3.226366;1.925029;2.39836
1.549379;3.6265;1.957515;38.36172
-0.4385056;3.587502;1.522969;-16.0626
0.8981262;3.542676;1.922407;25.04143
0.6003748;3.164222;1.405414;23.13155
0.2930855;3.943341;1.777974;9.360593