ydiffs;heights;distances;angles
-0.03672453;3.594536;1.87913;-1.11961
-0.004944042;3.344214;1.974317;-0.1434785
-0.05781603;4;1.564421;-2.116506
-0.07863653;3.076912;2.199275;-2.047776
-0.115564;3.50737;2.163548;-3.057496
-0.1920425;2.867419;2.046896;-5.359877
-0.2450348;3.618178;1.771309;-7.876051
-0.3030416;3.54801;2.317806;-7.448887
-0.3758559;3.879082;1.878457;-11.31476