ydiffs;heights;distances;angles
-0.7538238;3.34943;1.717428;-23.69792
-0.6484387;3.71437;1.747872;-20.35423
-0.7116371;2.672756;2.087489;-18.82454
-0.7537714;3.28044;1.444781;-27.55196
-0.7089778;3.911862;2.116921;-18.51621
-0.7862143;3.932321;1.925139;-22.21479
-0.8457114;3.57456;1.512208;-29.21637
-0.8225611;2.85721;1.944383;-22.93054
-0.8651002;3.605469;1.925076;-24.19843