ydiffs;heights;distances;angles
-1.31969;3.494322;1.891765;-34.89952
-1.136382;3.660198;2.116802;-28.22865
-1.183939;4;2.564905;-24.77765
-1.182956;3.405523;1.756503;-33.95916
-0.07165058;3.160951;2.399263;-1.710549
-0.3287908;3.767074;1.56695;-11.85037
-0.4814652;3.35252;1.700737;-15.8064
-0.5083205;3.860214;1.643416;-17.18722
-0.5753452;3.291046;1.897121;-16.87113