ydiffs;heights;distances;angles
-1.030405;3.511228;2.148438;-25.62268
0.4218879;3.374853;1.784522;13.30136
0.1226601;3.658658;2.425534;2.895002
0.011192;3.354973;2.010416;0.3189627
0.01408802;3.666153;1.713321;0.4711119
-0.05966003;3.500258;1.960703;-1.742851
-0.1290368;3.455166;2.107532;-3.503647
-0.1950481;3.051023;1.887604;-5.899495
-0.2590099;3.959787;2.137263;-6.909846