ydiffs;heights;distances;angles
1.35346;3.306427;1.908534;35.34282
-0.3973618;3.479046;1.470935;-15.11718
0.6073621;3.834765;2.255378;15.07192
0.4728241;3.05239;1.584436;16.61604
0.3015884;3.20895;1.743574;9.813427
0.2413924;3.931349;1.571327;8.73369
0.3187293;3.489922;1.967556;9.201553
0.4204292;3.291841;2.147046;11.07933
0.5379062;2.875741;1.79707;16.6637