ydiffs;heights;distances;angles
0.2473926;3.502927;1.55973;9.012744
0.83679;3.423824;1.649969;26.89207
-0.8370115;3.423172;2.030623;-22.40118
1.147589;3.153797;2.320904;26.31045
0.335207;2.923523;1.761958;10.77162
1.812629;3.572416;2.163804;39.95308
-0.7823311;3.799093;1.717547;-24.48895
2.191944;3.057863;1.667994;52.73012
1.037137;4;1.8759;28.93708