ydiffs;heights;distances;angles
1.461783;3.541803;1.922786;37.24364
1.178411;3.881243;2.263107;27.50621
1.528498;3.000167;2.217321;34.58022
-1.047045;3.629087;2.233866;-25.11317
-0.4737805;2.855911;1.635081;-16.15945
-0.1235212;2.791988;1.702648;-4.149342
-0.05493204;3.440786;2.170653;-1.449657
-0.002229152;3.646459;1.881895;-0.06786826
0.1222711;3.373063;1.822297;3.838635