ydiffs;heights;distances;angles
-1.212579;3.437272;1.72596;-35.09008
-0.8023572;3.785148;1.547759;-27.40219
-0.5820104;4;1.984614;-16.34437
-0.5545558;3.449394;1.845086;-16.72858
-0.4418108;3.590723;1.947793;-12.77995
-0.3742821;3.500413;1.773472;-11.9171
-0.3068726;3.844448;1.785349;-9.752917
-0.2352663;3.256812;1.751763;-7.649199
-1.349969;3.303202;2.035862;-33.54815