ydiffs;heights;distances;angles
-1.286078;3.49051;1.902905;-34.05278
-1.024738;3.26015;2.079199;-26.23649
-1.006426;3.783855;1.439889;-34.95205
-0.8457675;3.467343;1.49534;-29.4926
-0.7273865;3.955484;2.152598;-18.67068
-0.7970363;3.362808;2.178708;-20.09403
-0.9085236;4;2.074876;-23.64712
-0.9505234;3.739952;2.051551;-24.8592
-0.9914027;3.113356;1.886183;-27.72702