ydiffs;heights;distances;angles
-0.8912659;3.068049;1.866855;-25.52055
-0.8032177;3.620109;2.377738;-18.66536
0.42945;3.748824;1.398283;17.07311
0.1745927;3.543039;1.65325;6.028421
0.05929547;3.083947;1.870683;1.81551
0.04034121;4;2.073003;1.114851
-0.02293061;3.266829;1.748362;-0.7514188
-0.0908781;3.580793;2.030318;-2.562878
-0.1568737;3.165252;2.392439;-3.751549