ydiffs;heights;distances;angles
-1.310749;3.146192;2.012283;-33.07918
0.9822781;3.064488;2.002636;26.12761
2.395731;3.450524;2.261888;46.64602
1.284419;3.456542;1.774126;35.9035
0.3009508;3.290617;1.787298;9.557985
0.3349634;3.612019;2.049914;9.280321
0.3235632;3.267195;2.456862;7.502547
0.2908224;3.372531;1.646766;10.01529
0.37949;3.614453;2.042189;10.52692