ydiffs;heights;distances;angles
0.5042228;3.537819;1.984537;14.25582
2.318698;3.638535;2.109176;47.70915
-1.000385;3.442419;1.858071;-28.29802
1.804437;3.444512;2.003297;42.01043
-1.105323;3.385302;1.752249;-32.24382
1.255424;3.801807;1.763341;35.44925
-0.5259527;3.984173;2.424142;-12.24142
2.272786;3.182307;2.233827;45.4953
-1.189731;3.606487;1.86008;-32.6035