ydiffs;heights;distances;angles
0.3794883;3.329135;1.819122;11.78352
0.02068132;3.087018;1.997144;0.5933023
0.1354573;3.400465;1.803344;4.295679
0.5147144;3.25463;1.717256;16.68508
0.3419329;3.620627;2.579337;7.551452
0.03613076;3.525437;1.578254;1.311436
0.06616227;3.984987;1.514816;2.500906
0.2137862;4;2.233329;5.467997
0.1399972;3.183602;1.689548;4.736749