{"count":1,"self":85.7704704,"total":8815.4655074,"children":{"InitializeActuators":{"count":2,"self":0.0040141,"total":0.0040141,"children":null},"InitializeSensors":{"count":2,"self":0.0039886999999999995,"total":0.0039886999999999995,"children":null},"AgentInfo.ToProto":{"count":64349,"self":0.31764129999999996,"total":1.7084971,"children":{"GenerateSensorData":{"count":64349,"self":1.1851915,"total":1.3908558,"children":{"RayPerceptionSensor.Perceive":{"count":64349,"self":0.2056643,"total":0.2056643,"children":null}}}}},"AgentSendState":{"count":292176,"self":3.1185248,"total":6.3426548,"children":{"CollectObservations":{"count":108656,"self":0.344134,"total":0.344134,"children":null},"WriteActionMask":{"count":108656,"self":0.054589599999999995,"total":0.054589599999999995,"children":null},"RequestDecision":{"count":108656,"self":0.2387232,"total":2.8254064,"children":{"AgentInfo.ToProto":{"count":108656,"self":0.4939848,"total":2.5866832,"children":{"GenerateSensorData":{"count":108656,"self":1.8403052,"total":2.0926983999999997,"children":{"RayPerceptionSensor.Perceive":{"count":108656,"self":0.2523931,"total":0.2523931,"children":null}}}}}}}}},"DecideAction":{"count":292176,"self":8713.911500799999,"total":8713.9114187,"children":null},"AgentAct":{"count":292176,"self":7.7194768,"total":7.7204742,"children":{"AgentInfo.ToProto":{"count":36,"self":0,"total":0.00099739999999999985,"children":{"GenerateSensorData":{"count":36,"self":0.00099739999999999985,"total":0.00099739999999999985,"children":{"RayPerceptionSensor.Perceive":{"count":36,"self":0,"total":0,"children":null}}}}}}}},"gauges":{"Generator.CumulativeReward":{"count":45241,"max":19.9999981,"min":-5.99999857,"runningAverage":-0.9465878,"value":-1,"weightedAverage":-1.00000024},"Solver.CumulativeReward":{"count":19144,"max":26.09917,"min":-1.9981997,"runningAverage":0.251420826,"value":0.00059999997,"weightedAverage":0.000514285755}},"metadata":{"timer_format_version":"0.1.0","start_time_seconds":"1683114461","unity_version":"2022.2.11f1","command_line_arguments":"Z:\\Git\\Flappy_bird\\Builds\\Windows\\Curr19\\Flappy_bird.exe -nographics -batchmode --mlagents-port 5021 -logFile Z:\\Git\\Flappy_bird\\TrainerConfig\\results\\Curr19\\run_logs\\Player-16.log","communication_protocol_version":"1.5.0","com.unity.ml-agents_version":"2.0.1","scene_name":"Inference","end_time_seconds":"1683123276"}}