{
    "name": "root",
    "gauges": {
        "Solver.Policy.Entropy.mean": {
            "value": 0.17533782124519348,
            "min": 0.11227595806121826,
            "max": 0.25266730785369873,
            "count": 959
        },
        "Solver.Policy.Entropy.sum": {
            "value": 193.748291015625,
            "min": 11.436905860900879,
            "max": 3618.58154296875,
            "count": 959
        },
        "Solver.Score.mean": {
            "value": 7.2631578947368425,
            "min": 0.03825136612021858,
            "max": 10.0,
            "count": 953
        },
        "Solver.Score.sum": {
            "value": 138.0,
            "min": 1.0,
            "max": 783.0,
            "count": 953
        },
        "Solver.Environment.LessonNumber.aux_input.mean": {
            "value": 0.0,
            "min": 0.0,
            "max": 0.0,
            "count": 956
        },
        "Solver.Environment.LessonNumber.aux_input.sum": {
            "value": 0.0,
            "min": 0.0,
            "max": 0.0,
            "count": 956
        },
        "Solver.Episode.mean": {
            "value": 1.0,
            "min": 1.0,
            "max": 1.0,
            "count": 780
        },
        "Solver.Episode.sum": {
            "value": 1.0,
            "min": 1.0,
            "max": 1.0,
            "count": 780
        },
        "Solver.Environment.EpisodeLength.mean": {
            "value": 57.421052631578945,
            "min": 11.304878048780488,
            "max": 75.77777777777777,
            "count": 953
        },
        "Solver.Environment.EpisodeLength.sum": {
            "value": 1091.0,
            "min": 21.0,
            "max": 5858.0,
            "count": 953
        },
        "Solver.Step.mean": {
            "value": 973997.0,
            "min": 984.0,
            "max": 973997.0,
            "count": 974
        },
        "Solver.Step.sum": {
            "value": 973997.0,
            "min": 984.0,
            "max": 973997.0,
            "count": 974
        },
        "Solver.Policy.ExtrinsicValueEstimate.mean": {
            "value": 1.8482799530029297,
            "min": 1.2617483139038086,
            "max": 2.295463800430298,
            "count": 974
        },
        "Solver.Policy.ExtrinsicValueEstimate.sum": {
            "value": 55.44839859008789,
            "min": 32.956947326660156,
            "max": 185.9325714111328,
            "count": 974
        },
        "Solver.Environment.CumulativeReward.mean": {
            "value": 2.866110941602124,
            "min": 0.5816049296178936,
            "max": 3.8370173688520466,
            "count": 951
        },
        "Solver.Environment.CumulativeReward.sum": {
            "value": 51.589996948838234,
            "min": 1.3799997568130493,
            "max": 301.31998417526484,
            "count": 951
        },
        "Solver.Policy.ExtrinsicReward.mean": {
            "value": 2.866110941602124,
            "min": 0.5816049296178936,
            "max": 3.8370173688520466,
            "count": 951
        },
        "Solver.Policy.ExtrinsicReward.sum": {
            "value": 51.589996948838234,
            "min": 1.3799997568130493,
            "max": 301.31998417526484,
            "count": 951
        },
        "Solver.IsTraining.mean": {
            "value": 0.0,
            "min": 0.0,
            "max": 0.0,
            "count": 974
        },
        "Solver.IsTraining.sum": {
            "value": 0.0,
            "min": 0.0,
            "max": 0.0,
            "count": 974
        }
    },
    "metadata": {
        "timer_format_version": "0.1.0",
        "start_time_seconds": "1683989662",
        "python_version": "3.9.13 (tags/v3.9.13:6de2ca5, May 17 2022, 16:36:42) [MSC v.1929 64 bit (AMD64)]",
        "command_line_arguments": "C:\\Users\\Kevinn\\test_ml_env\\Scripts\\mlagents-learn inference.yaml --num-envs=10 --run-id=InferPCG_2_aux_-0.5 --env=Z:\\Git\\Flappy_bird\\Builds\\Windows\\Inference\\Flappy_bird.exe --no-graphics --torch-device=cuda --time-scale=1 --inference --initialize-from=PCG_2",
        "mlagents_version": "0.30.0",
        "mlagents_envs_version": "0.30.0",
        "communication_protocol_version": "1.5.0",
        "pytorch_version": "2.0.1+cu118",
        "numpy_version": "1.21.2",
        "end_time_seconds": "1683990313"
    },
    "total": 650.9452919,
    "count": 1,
    "self": 3.1896815000001197,
    "children": {
        "run_training.setup": {
            "total": 2.6418172999999996,
            "count": 1,
            "self": 2.6418172999999996
        },
        "TrainerController.start_learning": {
            "total": 645.1137931,
            "count": 1,
            "self": 1.1508834000059096,
            "children": {
                "TrainerController._reset_env": {
                    "total": 6.6665673000000005,
                    "count": 1,
                    "self": 6.6665673000000005
                },
                "TrainerController.advance": {
                    "total": 637.2963041999941,
                    "count": 19121,
                    "self": 1.9809502999951292,
                    "children": {
                        "env_step": {
                            "total": 635.315353899999,
                            "count": 19121,
                            "self": 457.4562474000114,
                            "children": {
                                "SubprocessEnvManager._take_step": {
                                    "total": 177.11518149998844,
                                    "count": 26885,
                                    "self": 2.775122899987622,
                                    "children": {
                                        "TorchPolicy.evaluate": {
                                            "total": 174.34005860000082,
                                            "count": 15261,
                                            "self": 174.34005860000082
                                        }
                                    }
                                },
                                "workers": {
                                    "total": 0.7439249999990949,
                                    "count": 19121,
                                    "self": 0.0,
                                    "children": {
                                        "worker_root": {
                                            "total": 6402.384428299995,
                                            "count": 26877,
                                            "is_parallel": true,
                                            "self": 843.7945803999692,
                                            "children": {
                                                "steps_from_proto": {
                                                    "total": 0.28690909999999814,
                                                    "count": 10,
                                                    "is_parallel": true,
                                                    "self": 0.004553600000003044,
                                                    "children": {
                                                        "_process_maybe_compressed_observation": {
                                                            "total": 0.2679752999999998,
                                                            "count": 20,
                                                            "is_parallel": true,
                                                            "self": 0.011675200000008878,