ydiffs;heights;distances;angles
-0.1699426;3.854935;2.233244;-4.351636
-0.8474182;3.326246;2.206483;-21.0097
0.2820971;3.629806;1.959339;8.192896
0.4013798;3.535978;2.2395;10.16109
0.02612904;3.918173;2.067461;0.7240785
0.1576358;3.355991;2.24968;4.008181
-0.018225;3.864606;1.850624;-0.5642324
0.05589296;3.568841;1.456399;2.197791
-0.101547;3.631819;2.491005;-2.334398