ydiffs;heights;distances;angles
-0.5086563;4;2.206948;-12.97885
-0.4223646;3.549305;2.58498;-9.279663
-0.3558859;3.66504;2.027025;-9.957963
-0.2402856;3.392612;1.922897;-7.122773
-0.2045849;4;1.999101;-5.843219
-0.2049269;3.91699;1.905287;-6.138962
-0.2135094;3.262681;2.367618;-5.152936
-0.1847014;3.935857;1.807783;-5.833676
-0.201277;3.508144;1.834838;-6.260168