ydiffs;heights;distances;angles
-1.481903;3.420514;2.010643;-36.39131
1.537194;3.512261;2.073788;36.54767
-1.36474;3.437702;1.914199;-35.48721
1.158449;3.973017;1.873793;31.72591
-0.6160894;4;2.651962;-13.07865
2.182493;3.34599;2.400412;42.27761
-1.353013;3.73793;2.095846;-32.84502
3.626941;3.793895;2.322897;57.36222
0.9655519;3.610013;1.889387;27.06884