ydiffs;heights;distances;angles
-0.2411463;3.404968;1.901285;-7.228419
0.2446437;3.300374;1.815829;7.673164
0.1119437;3.702986;2.724754;2.352616
-0.1163808;3.6509;1.728786;-3.851305
0.00502036;4;1.682774;0.1709348
0.1357637;4;2.417259;3.214602
0.04162901;3.326564;1.86854;1.276276
-0.1036646;3.814463;2.179183;-2.723529
-0.07377508;3.446994;2.081882;-2.029526