ydiffs;heights;distances;angles
-0.2770491;3.014907;1.841939;-8.55383
-0.06773373;4;1.971802;-1.967405
-0.1593481;3.807808;1.835531;-4.961583
-0.009189608;3.634076;1.90818;-0.2759287
0.3870216;3.833374;2.116181;10.3641
0.4310862;3.532972;1.96112;12.39738
0.05523191;3.858415;2.063684;1.533084
0.2030593;3.617723;2.112299;5.491078
0.7921497;3.120861;2.138508;20.32572