ydiffs;heights;distances;angles
-2.121126;3.004184;1.576661;-53.37609
2.018458;3.276422;1.724433;49.49168
-0.838719;3.61452;1.788683;-25.12203
0.9160604;3.633613;1.958717;25.06473
0.04402359;3.647991;2.095379;1.203598
1.251326;3.77834;2.119223;30.56035
-2.990819;3.522201;2.311125;-52.30531
-0.04043399;3.034722;1.841562;-1.257804
0.602056;3.926406;1.641639;20.14005