ydiffs;heights;distances;angles
-0.8474871;3.69592;1.846743;-24.65082
2.083607;2.950905;2.003679;46.1203
-0.112676;3.534434;2.347872;-2.747555
0.2281881;3.520614;2.217259;5.875879
-2.828111;4;2.302194;-50.85305
2.214141;3.772563;2.309673;43.79023
1.340307;3.9416;2.480034;28.38852
-0.2412333;3.886536;2.301848;-5.982751
1.251316;3.645142;1.99963;32.03725