ydiffs;heights;distances;angles
-0.3864872;3.178077;1.901386;-11.48975
1.832815;3.150421;2.767128;33.51861
-2.400821;4;2.692151;-41.72612
-1.139478;2.904144;1.761599;-32.89653
1.942348;3.818961;1.293852;56.33131
-0.226847;3.79192;2.21801;-5.839622
1.050932;3.547526;1.725883;31.33824
-2.551755;3.780116;2.070749;-50.94068
2.766977;3.730015;1.95605;54.74249