ydiffs;heights;distances;angles
-0.2393438;3.351633;2.412619;-5.665488
-0.9858185;2.972008;2.10844;-25.05883
-0.4745862;3.315369;2.121699;-12.60849
1.934245;4;2.123867;42.3247
-0.1663724;3.561514;2.135324;-4.455164
0.0173196;3.651462;2.141012;0.4634809
0.248587;3.436406;2.19411;6.463902
0.2737425;4;2.056322;7.582768
-0.1563775;3.952719;2.249359;-3.976857