ydiffs;heights;distances;angles
-0.3148462;3.457586;2.125372;-8.426344
-0.3212517;4;1.936145;-9.420879
-0.2190597;3.505269;3;-4.176321
-0.1181835;3.856926;2.50231;-2.704057
-0.05483335;3.409385;2.57338;-1.220668
-0.0346788;3.502964;1.928106;-1.030408
-0.06433439;3.733277;1.858442;-1.982638
-0.07515286;3.397294;2.106463;-2.043291
-0.07858234;3.987972;2.134066;-2.10884