ydiffs;heights;distances;angles
-0.3913005;3.751844;1.817075;-12.15285
0.2056689;3.625299;2.057372;5.708711
1.973879;3.823559;2.437271;39.00306
0.2021037;3.084344;2.66691;4.333704
2.34431;3.257453;1.968348;49.98224
-1.932223;3.893665;1.999125;-44.02506
1.572587;4;2.094379;36.90144
-0.3955997;3.67173;2.059022;-10.8757
0.7775401;3.99882;2.143262;19.93994