ydiffs;heights;distances;angles
2.807649;3.403373;1.633791;59.80457
0.1182851;3.314488;2.109187;3.209838
0.4899138;3.900996;1.92524;14.27698
-0.215317;3.537684;2.207031;-5.57212
1.476708;3.742243;2.17528;34.17097
-0.3445531;3.887214;1.503623;-12.90643
1.468469;3.073961;1.984795;36.49624
0.6452819;4;1.903854;18.72329
-1.214736;3.429871;1.762197;-34.57968