ydiffs;heights;distances;angles
-0.4064783;3.557848;1.998731;-11.49537
-0.3119057;3.7073;2.160015;-8.216702
-0.1410649;3.522165;1.987734;-4.059345
-0.1051566;3.584372;2.356982;-2.554554
0.1499522;3.270543;2.135769;4.016144
0.02231263;3.937846;2.740987;0.4663981
0.2761037;4;2.263432;6.95484
0.1423468;3.705504;1.875901;4.339394
-0.1274346;3.262933;2.089367;-3.490258