ydiffs;heights;distances;angles
1.386416;3.364885;1.877243;36.4473
-0.3184213;3.520015;2.212255;-8.190625
1.199173;3.236364;1.264259;43.48656
-0.2381874;3.584631;1.707694;-7.940331
-1.332546;3.74522;2.436225;-28.67741
3.481437;3.944568;2.352533;55.95168
-0.476001;3.66866;2.090607;-12.82675
0.6054768;3.826197;2.355646;14.41482
-0.3195212;3.385294;2.047596;-8.869307