ydiffs;heights;distances;angles
1.846123;3.26131;2.135907;40.83776
-0.1977003;4;1.858451;-6.072234
-0.1691275;3.636929;1.767702;-5.465223
0.2066614;3.418173;1.799075;6.552897
0.2913679;4;2.492804;6.666687
-0.1767163;3.766252;1.864467;-5.414383
-0.05365107;2.913539;2.278171;-1.34907
0.01291966;4;2.007852;0.3686686
0.02789035;3.54739;2.142155;0.7459353