ydiffs;heights;distances;angles
-0.47521;3.514418;1.913948;-13.94388
-0.2543892;3.714075;1.584964;-9.118295
-0.1823859;3.845571;1.964949;-5.302981
-0.1494481;3.724775;1.569857;-5.438087
-0.07337141;3.346074;1.786696;-2.351554
-0.1008342;3.950695;2.481462;-2.326933
0.06092357;3.465353;2.308223;1.511922
-0.01327627;3.668222;2.016496;-0.3772203
-0.05391724;3.64955;2.426751;-1.272781