ydiffs;heights;distances;angles
-0.1960105;3.1001;1.818069;-6.153432
-0.09803896;3.590414;1.916806;-2.927958
-0.07063124;3.519448;2.04831;-1.97493
1.586441;3.421647;2.126138;36.72886
-1.226832;3.679661;2.186952;-29.29147
1.244649;3.40549;2.076815;30.93453
0.3826664;3.149686;2.011663;10.77035
1.097362;3.521297;2.062422;28.01629
-0.5330705;3.270931;1.788929;-16.59317