ydiffs;heights;distances;angles
0.5678585;3.744515;1.785344;17.64413
-1.380341;3.417132;1.961595;-35.1334
3.088629;3.14674;1.952798;57.69672
-1.921282;3.479443;1.969067;-44.29627
-1.230833;2.734665;1.996028;-31.6597
1.862326;3.810263;2.150463;40.89294
-0.7841805;3.620157;2.415477;-17.98594
0.5302868;3.691547;2.262184;13.19271
-1.235534;3.693649;1.986943;-31.87445