ydiffs;heights;distances;angles
0.4408164;3.648098;2.159731;11.53602
-1.593765;3.405445;2.09755;-37.22838
-1.235821;3.758653;1.877341;-33.3562
-0.9114557;3.554828;1.910453;-25.50529
-0.9765627;3.84594;2.241604;-23.54052
-0.7580612;2.994328;2.201824;-18.99796
-0.867398;3.713006;2.227412;-21.27692
-0.9301084;3.202213;2.081827;-24.0739
-0.9478359;4;1.895935;-26.56187