ydiffs;heights;distances;angles
-1.101159;3.700778;1.485034;-36.55709
-0.8801297;3.467916;2.332386;-20.67409
-0.3542198;4;1.926718;-10.41728
-0.4502506;3.244009;1.753442;-14.40133
-0.4427483;3.718626;2.096811;-11.92304
-0.5251521;3.882012;1.788852;-16.36062
0.06925973;3.762184;2.014892;1.968705
-0.1301041;3.89532;2.369403;-3.142959
-0.2603084;4;2.230019;-6.657963