ydiffs;heights;distances;angles
-0.2633842;3.384606;1.796119;-8.342439
-0.1779203;3.686609;2.147416;-4.736321
-0.1760309;2.779002;2.065434;-4.87138
-0.4470716;3.464965;1.721498;-14.55807
2.539513;3.681197;2.046722;51.1329
0.06359559;4;2.096406;1.737565
-0.1961538;3.63392;1.890027;-5.925148
-4.114913;3.841257;1.806778;-66.29465
2.396628;3.253793;2.237029;46.97268