ydiffs;heights;distances;angles
0.4600391;3.910841;1.856048;13.92075
0.6941741;3.652514;2.12726;18.0727
0.5281171;3.456621;1.789865;16.43921
-1.523125;3.813708;1.699718;-41.86367
0.6464773;3.701021;1.891024;18.87383
0.6379037;3.57291;2.34457;15.22044
1.881852;4;2.150016;41.19481
-1.200309;3.544067;2.241319;-28.1707
0.05701789;3.357239;2.667769;1.224389