ydiffs;heights;distances;angles
-0.1165462;3.85901;2.295652;-2.90631
-0.5642409;3.279879;1.939424;-16.22142
-0.2786807;3.901107;2.237156;-7.100711
-0.07436854;3.665437;1.956612;-2.176698
-0.02487519;3.752799;2.449676;-0.581789
-0.6229828;3.610983;2.112449;-16.43133
-0.4287063;3.676918;2.17274;-11.16174
-0.3110904;3.29247;2.319728;-7.638161
-0.2810103;4;1.839545;-8.685405