ydiffs;heights;distances;angles
2.230127;3.612671;2.363792;43.33339
1.318102;3.503428;1.907442;34.64569
-0.9306152;3.47301;2.014888;-24.79077
1.392207;4;2.099562;33.54811
-0.07740042;3.31294;2.147558;-2.064111
1.532276;3.393024;1.716836;41.74891
-0.1496316;4;1.942462;-4.404906
-1.739936;3.730167;2.331389;-36.73431
0.9879935;3.747619;1.566283;32.24326