ydiffs;heights;distances;angles
-1.021723;3.161113;1.947131;-27.68746
-0.6668847;3.740987;2.182412;-16.9917
-1.149552;4;1.55392;-36.49313
-0.8556874;3.374347;2.123755;-21.94512
-0.7489935;3.741511;1.819327;-22.37633
-0.7544748;3.673094;1.636691;-24.74855
-1.045031;3.838854;2.477213;-22.87282
-1.030757;3.550522;1.709914;-31.08208
-0.9508293;3.848909;1.870272;-26.94837