ydiffs;heights;distances;angles
-1.402748;3.551023;2.062802;-34.21652
-1.14292;2.954654;2.125806;-28.2643
-1.136954;4;1.362431;-39.84513
-0.6429798;3.485123;1.986531;-17.93519
-0.7394117;3.892926;1.923915;-21.0231
-0.8880877;3.531012;2.091443;-23.00749
-0.9107507;3.945263;2.14694;-22.98708
-0.4245449;4;1.971231;-12.15417
-0.5867929;3.128678;2.090517;-15.67904