ydiffs;heights;distances;angles
-0.5740413;3.56361;2.335727;-13.80768
-0.5044634;3.433147;1.494251;-18.65483
-0.533787;3.78734;1.731918;-17.12959
-0.5061498;3.580503;2.266287;-12.58976
0.1170988;3.727635;1.937272;3.459044
-0.1092578;3.628456;1.618421;-3.862113
-0.2104991;4;1.863941;-6.443244
-0.240822;3.472067;2.140894;-6.418029
0.3840265;3.087349;2.361557;9.23635