ydiffs;heights;distances;angles
-0.3605571;3.268393;1.87933;-10.86046
-0.9285807;3.885587;2.129672;-23.55819
1.242004;3.200141;2.151265;29.99941
0.3180462;3.179242;1.518713;11.82785
0.2103175;3.652651;2.344376;5.126368
-0.595074;3.504162;1.991654;-16.6353
2.127722;3.268663;2.125652;45.02789
0.02898655;3.633257;2.175859;0.763243
1.869701;3.392571;1.874108;44.93255