ydiffs;heights;distances;angles
-0.2099626;3.369476;2.368244;-5.066453
3.605888;3.427779;2.386283;56.50444
-0.3010606;3.676029;2.067877;-8.28345
-0.1949783;3.19552;2.090078;-5.329559
0.1413907;3.918078;2.088847;3.872353
0.1479438;3.52542;1.830441;4.620836
0.1942157;3.565639;1.827815;6.065244
-0.4195291;3.403356;2.449479;-9.718909
-0.2251934;4;1.779243;-7.213398