ydiffs;heights;distances;angles
-1.01865;3.288933;2.140821;-25.44613
-0.623975;3.743263;1.74441;-19.68212
-0.3936894;3.467249;1.614726;-13.70206
-0.2699505;3.942168;2.186082;-7.039588
-0.8572219;3.662655;1.836736;-25.01891
-0.6800478;3.935978;1.618646;-22.78892
-0.532443;3.220276;2.192962;-13.64712
-0.5352047;4;2.118956;-14.17526
-1.042762;3.826651;2.565868;-22.11669