ydiffs;heights;distances;angles
-1.172974;3.278379;2.402429;-26.02372
-1.237165;3.910422;1.956424;-32.30765
-1.146017;3.184775;2.199181;-27.5245
-0.9997832;3.761901;2.463566;-22.08868
-0.9546717;3.677378;2.027172;-25.21752
-1.054772;3.357752;2.041119;-27.32818
-0.9901239;4;2.045585;-25.82836
-1.057209;3.649965;2.271294;-24.96036
-1.061353;3.817973;2.115407;-26.64408