ydiffs;heights;distances;angles
-1.108955;3.11888;2.160774;-27.16785
-0.4632976;3.406834;1.589483;-16.25018
-0.4135584;3.711072;1.862685;-12.51791
-0.6447949;3.826608;2.088005;-17.16117
-0.4332782;3.273201;1.932086;-12.6397
-0.0343539;3.850902;1.643522;-1.197457
-0.0606133;3.549777;2.305304;-1.50613
-0.3597218;3.804785;2.414876;-8.472525
-0.2237092;3.435917;1.633053;-7.8003