ydiffs;heights;distances;angles
-0.4470724;3.54412;1.959817;-12.85039
-0.1650457;3.549106;2.155774;-4.378014
0.5249643;3.342859;1.843604;15.89425
0.9677694;3.521417;1.92744;26.66127
0.03935787;3.254419;2.389469;0.9436557
0.3069495;3.521484;2.37164;7.374512
2.258192;4;2.028964;48.06061
0.4617852;3.391821;2.870693;9.138424
-1.514451;3.537894;1.944438;-37.91371