ydiffs;heights;distances;angles
-1.616977;3.394969;2.119823;-37.33598
0.5848772;3.121543;2.196599;14.90992
0.8909738;3.463327;2.167189;22.34852
0.2191928;3.74883;1.787148;6.992377
0.2132562;3.528662;2.602017;4.685377
1.417045;3.960637;2.189056;32.91626
-0.08402619;3.344504;2.26396;-2.12554
-0.044466;3.783481;1.955524;-1.302605
0.01143156;3.664734;2.033833;0.3220388