ydiffs;heights;distances;angles
1.863945;3.698347;2.182352;40.50061
-1.500727;3.773297;2.375243;-32.28554
0.9200562;3.511482;2.065082;24.01441
0.5758288;3.590065;1.93645;16.56054
3.422305;3.773396;2.453719;54.36029
-0.2271026;3.441424;2.058893;-6.294464
0.789796;3.508461;2.317538;18.81865
3.307348;3.839953;2.554509;52.31844
-0.2898336;3.311019;2.263444;-7.297005