ydiffs;heights;distances;angles
-0.6473163;3.366554;2.038786;-17.61469
-0.4608129;3.695705;2.11308;-12.30225
-0.1362242;3.460077;2.378501;-3.277928
-0.5945337;3.059821;1.62693;-20.07397
-0.9224541;2.672143;1.607782;-29.84476
-0.7681379;3.787293;2.325133;-18.28164
-0.4300708;3.495813;2.4396;-9.997802
-0.4954534;3.372408;2.64697;-10.60181
-0.7833355;3.477541;2.24646;-19.22355