ydiffs;heights;distances;angles
-1.051417;3.602549;1.929275;-28.58951
-1.154357;3.623598;1.767784;-33.14442
-1.081051;3.528015;2.012912;-28.2384
-0.7883971;3.748978;2.212431;-19.61346
-0.8497019;2.983511;2.001497;-23.00284
-1.103575;3.701679;2.494156;-23.86769
-1.096932;3.534299;1.553173;-35.23173
-0.9205627;4;1.905454;-25.78612
-0.9735143;3.476661;2.156973;-24.29125