ydiffs;heights;distances;angles
-1.530239;3.78871;1.858179;-39.47198
-1.155941;3.671728;1.627508;-35.38435
-0.8425239;3.247543;2.046022;-22.3812
-0.7938412;3.903606;1.795259;-23.85442
-0.9392022;3.528555;2.042639;-24.6929
-0.8712054;3.664065;2.488142;-19.29734
-0.5515913;3.743003;1.921891;-16.01371
-0.5230988;3.606493;2.18348;-13.4725
-0.7950341;4;2.177697;-20.05614