ydiffs;heights;distances;angles
-0.4328531;3.899581;1.786747;-13.61798
0.1210856;3.586268;1.553685;4.456307
0.07782952;3.329302;2.348763;1.897881
-0.1591389;3.734486;2.254956;-4.036838
0.1123343;3.454427;1.674468;3.838025
0.6776431;3.694972;1.355402;26.5631
0.4312949;3.758386;2.02458;12.02592
0.1808808;3.153476;1.888596;5.470831
0.4433773;4;2.427656;10.3502