ydiffs;heights;distances;angles
-0.6296487;3.666146;2.238337;-15.7114
1.239304;3.326601;2.09745;30.57724
0.9677386;3.272707;2.503403;21.13497
-0.1599404;3.906895;1.837558;-4.974469
1.385686;4;2.33857;30.64824
-0.1396031;3.29214;1.894763;-4.213848
0.347532;3.959291;2.15896;9.144567
0.2725461;3.118146;2.452394;6.34153
0.4126697;3.521733;2.042508;11.42232