ydiffs;heights;distances;angles
-0.4095456;3.686867;2.189462;-10.59492
0.03946098;3.661929;1.679956;1.34559
-0.02732417;3.898054;1.989957;-0.7866808
-0.376476;3.607244;2.632346;-8.139203
-0.3068083;3.440204;1.806081;-9.641092
-0.01275551;3.053841;2.043743;-0.3575925
-0.1582451;4;2.246575;-4.029166
-0.5761347;3.380727;2.243917;-14.39988
-0.5646119;3.936208;2.071744;-15.24458