ydiffs;heights;distances;angles
-1.189743;3.267335;1.767525;-33.94498
-0.9520578;4;2.430412;-21.39162
-0.6565086;3.585778;2.502219;-14.70137
-1.107651;3.194856;1.526033;-35.97352
-1.380567;3.56775;1.935077;-35.5057
-1.260346;3.531768;1.858544;-34.1426
-0.9701126;3.913359;1.82247;-28.02666
-0.9799796;3.357765;2.389624;-22.29842
-1.147089;3.682316;1.973984;-30.16102