ydiffs;heights;distances;angles
-1.48144;3.50222;1.798356;-39.48083
-1.039407;3.812162;1.430921;-35.99429
-0.9829648;3.62461;2.009624;-26.06459
-0.9327575;3.871656;2.075779;-24.19691
-0.8991277;3.64883;2.230605;-21.95372
-0.8145771;4;2.426021;-18.56034
-0.8979227;2.996733;1.81648;-26.30411
-0.6986336;3.37519;1.803157;-21.17887
-0.7585182;3.671915;2.658046;-15.92699