ydiffs;heights;distances;angles
-0.9511579;3.317757;2.232235;-23.07891
-0.7549227;3.620595;1.814919;-22.58507
-0.4108845;3.561963;2.193643;-10.60897
-0.4611123;3.561582;2.031334;-12.78939
-0.2433779;3.103248;2.496223;-5.56865
-0.3683294;4;2.231862;-9.371189
-0.138471;3.402016;2.50248;-3.167146
-0.2493936;4;1.877698;-7.565676
0.001979707;3.605123;1.770483;0.0640666