ydiffs;heights;distances;angles
-0.3639614;4;1.941584;-10.61722
0.1005351;3.591987;2.467324;2.33332
0.01281454;4;1.948986;0.3767132
1.580566;3.220044;2.000143;38.31673
0.139476;3.52446;1.621068;4.917592
1.829469;3.644126;1.73895;46.45311
-1.05176;3.733504;2.271636;-24.84397
0.6981772;3.159478;2.092191;18.45418
0.4043446;3.842999;2.099825;10.89953