ydiffs;heights;distances;angles
1.59143;3.153236;1.83421;40.94614
0.9315286;3.461679;2.290393;22.13213
0.3889248;3.496849;1.955789;11.24702
-0.5766534;3.247086;1.651;-19.25304
2.953302;3.754952;1.982718;56.1243
3.844284;3.515307;2.173137;60.52095
1.164911;3.360519;1.937792;31.01235
-0.6019425;3.476668;2.56016;-13.23102
1.333767;3.715433;2.128226;32.07552