ydiffs;heights;distances;angles
2.477059;3.710259;1.719473;55.23319
3.012987;3.534677;2.58225;49.40211
-1.020187;3.650755;1.526803;-33.75027
0.9144674;3.528141;1.970852;24.89111
-1.140921;4;2.088763;-28.64419
2.072956;3.102679;1.979749;46.31749
0.2885566;3.587261;1.829183;8.964627
1.782883;3.936223;2.310685;37.65313
-0.08396353;3.674596;2.001075;-2.402677