ydiffs;heights;distances;angles
-0.2296646;3.296731;1.423741;-9.163483
-0.3177402;3.659237;1.827406;-9.863692
-0.1458069;3.44581;1.918366;-4.346454
-0.3164065;3.823777;1.873268;-9.587121
-0.1066207;3.289919;2.130069;-2.865552
-0.3627554;4;2.480361;-8.32058
-0.2729133;3.206882;1.746767;-8.880053
-0.4834635;3.170999;2.108166;-12.91624
-0.3714972;3.672014;2.302438;-9.165651