ydiffs;heights;distances;angles
-1.128074;3.646559;1.990722;-29.53874
-0.7742839;3.394826;1.423853;-28.53712
-0.8647519;3.615848;2.589607;-18.4658
-0.7929485;3.829507;1.750236;-24.37302
-0.8487953;3.260887;1.889085;-24.19513
-0.7709632;4;2.122338;-19.96413
-0.9299577;3.471588;1.660986;-29.24372
-0.8463465;3.825587;2.212317;-20.93491
-0.9365548;3.498581;2.209339;-22.97244