ydiffs;heights;distances;angles
-1.413349;3.054456;1.69088;-39.8911
-0.9601712;3.626351;1.719675;-29.17656
-0.940006;4;1.856779;-26.8511
-0.7843032;3.726043;1.982929;-21.58017
-0.8064774;3.539718;2.10536;-20.9598
-0.6733372;3.783237;2.095593;-17.81279
-0.7616461;3.578563;2.22738;-18.87797
-0.570726;3.840793;1.877031;-16.91231
-0.6503317;3.719536;1.784963;-20.01866