ydiffs;heights;distances;angles
-0.7374852;3.390501;1.838502;-21.85739
-0.5850099;3.745062;2.235846;-14.66276
-0.3307808;3.552661;2.820972;-6.687835
-0.3605833;3.852054;1.828112;-11.158
-0.06742898;2.888536;1.96031;-1.970031
-0.1977652;3.85;2.139031;-5.282293
0.03444802;3.574144;1.966628;1.003507
-0.08291681;3.650196;1.854047;-2.560679
0.1789019;3.394417;2.526403;4.050517