ydiffs;heights;distances;angles
-0.17801;3.531477;2.437273;-4.177268
0.3139358;3.819347;1.969545;9.056483
0.3232012;3.487158;2.098978;8.753669
1.801706;3.843196;2.472031;36.08593
-0.6997215;3.265899;2.036854;-18.95916
1.284476;3.756644;2.102273;31.42467
1.045152;3.657716;2.068479;26.80636
1.911039;3.965477;2.386194;38.69032
-0.757216;3.792246;2.193661;-19.04384