ydiffs;heights;distances;angles
-0.8071703;2.884622;2.24214;-19.79888
0.4173188;3.833447;1.777173;13.21487
-1.818991;3.57773;2.246331;-38.9992
1.097016;2.967095;1.758344;31.95971
-0.1381347;3.295524;1.912955;-4.130164
-0.802865;3.413636;2.368562;-18.72498
0.03363351;3.620116;2.052491;0.9388034
0.1998529;3.378339;2.165614;5.272586
-0.08132103;3.955315;1.964411;-2.370529