ydiffs;heights;distances;angles
-0.3541843;3.467989;2.194201;-9.169498
-0.4843662;3.800611;2.036852;-13.37656
-0.3173312;3.362007;1.871069;-9.625706
-0.4245571;3.894785;1.825778;-13.09063
-0.2340822;3.293642;2.08144;-6.416615
-0.5037779;3.783151;1.919931;-14.70261
-0.3955316;3.425059;1.908553;-11.70832
-0.6081824;4;2.290578;-14.86978
-0.5248559;3.306111;1.633243;-17.81523