ydiffs;heights;distances;angles
-1.259072;3.282057;1.853549;-34.18734
-0.8659912;3.751338;2.108843;-22.32538
-0.9802405;3.363428;2.179054;-24.22045
-0.8439523;3.810391;1.624592;-27.45123
-0.8622456;3.784914;2.331149;-20.29843
-0.8719578;3.750926;1.880917;-24.87155
-0.9298279;3.392991;2.018492;-24.73339
-0.897981;4;1.848619;-25.90853
-0.9716071;3.619539;1.798572;-28.37837