ydiffs;heights;distances;angles
-0.9824476;3.120656;1.975639;-26.44028
-0.6164853;3.399547;2.059865;-16.66162
-0.5010858;4;1.749835;-15.97969
-0.3374141;3.640698;1.836915;-10.40836
-0.2584491;3.744842;2.376819;-6.20581
-0.243879;3.451593;2.166293;-6.423254
-0.1810726;3.832892;1.846609;-5.600337
-0.1035872;3.424667;1.926782;-3.077361
-0.04428145;3.746747;2.595359;-0.9774731