ydiffs;heights;distances;angles
0.09676365;3.479648;2.149379;2.577678
0.06932291;3.413453;2.145688;1.850469
-0.3291462;3.762185;2.326477;-8.05267
-0.4519105;2.866126;2.253332;-11.34035
-0.2491586;3.561201;1.985265;-7.153444
-0.2071043;3.350287;1.803483;-6.550909
-0.2246263;3.330344;1.627376;-7.858863
-0.1147966;3.967197;1.887486;-3.480434
-0.000209324;3.973165;2.531396;-0.004737852