ydiffs;heights;distances;angles
-0.2054337;3.015747;2.050296;-5.721773
0.04282289;3.920636;1.961877;1.250426
0.1968362;3.787567;1.834492;6.124255
0.4171423;3.516636;2.065215;11.41924
1.392917;3.668842;2.058773;34.08136
-0.3546397;3.755565;1.549946;-12.88787
2.724069;3.377927;2.262791;50.28475
-1.962468;4;2.3191;-40.23856
2.574509;3.439744;1.873784;53.95205