ydiffs;heights;distances;angles
1.717987;3.664748;2.356516;36.09343
-2.139507;3.583421;1.936247;-47.855
2.18912;3.369315;2.090983;46.31348
0.02667851;3.78602;2.018661;0.7571736
1.241248;3.346714;2.19442;29.49417
0.112748;3.119041;2.553075;2.528634
0.2945452;3.812748;2.121351;7.904859
0.2443426;4;1.507922;9.204166
0.1074563;3.04132;2.350556;2.61747