ydiffs;heights;distances;angles
-0.4069012;3.789794;2.0806;-11.06562
-0.3271739;3.313367;2.210153;-8.420471
-0.401126;3.831796;2.227334;-10.2091
-0.6706597;2.844207;1.955668;-18.92844
-0.7002026;3.378381;2.006995;-19.23291
-0.6779384;3.433558;1.879858;-19.83096
-0.6165414;3.883907;1.752773;-19.37942
-0.5849208;3.360218;2.25383;-14.54862
-0.5874771;3.498232;1.679648;-19.2779