ydiffs;heights;distances;angles
-1.135487;3.254668;1.849652;-31.54544
-0.912928;3.454929;2.168838;-22.82767
-0.9455112;4;1.917262;-26.25053
-0.8823544;3.552748;1.979738;-24.02218
-0.8577606;3.726548;1.557572;-28.84174
-0.8739231;3.463786;1.649399;-27.91658
-0.8913543;4;2.428748;-20.15322
-0.9823421;3.6867;2.263331;-23.46205
-1.011768;3.765682;1.572486;-32.75801