ydiffs;heights;distances;angles
-1.386403;3.781589;1.849546;-36.8549
-1.026058;3.48508;2.605888;-21.49183
-1.006432;3.737987;1.903653;-27.86472
-0.8172233;3.831156;1.913372;-23.12789
-0.7240289;3.996122;2.198686;-18.22675
-0.7236462;3.396549;1.996821;-19.92047
-0.6664942;3.286974;1.524891;-23.60901
-0.5591781;3.86551;2.046582;-15.28168
-0.5280848;3.842371;2.685668;-11.12419