ydiffs;heights;distances;angles
-0.2395175;3.632099;1.861151;-7.33327
0.04457892;3.484588;1.767788;1.444541
0.1814953;3.774557;2.082797;4.980185
0.3709766;4;1.757935;11.91628
-1.324627;4;2.30988;-29.8326
0.9579343;4;2.034871;25.20914
-0.6075632;3.618991;2.410752;-14.14524
1.324234;3.5631;2.205974;30.97615
-0.7705838;3.401499;2.313157;-18.4245