ydiffs;heights;distances;angles
-0.1705746;3.304296;1.762524;-5.527792
1.435402;2.886999;1.641811;41.16254
-0.2031744;3.28751;2.102448;-5.519756
1.396133;3.760979;2.106894;33.53044
-0.5596103;3.731208;1.740343;-17.82528
0.8230739;3.720838;2.07757;21.61206
0.4958722;3.291795;1.60353;17.18359
0.1697117;4;1.978748;4.902103
0.165713;4;2.399173;3.951195