ydiffs;heights;distances;angles
-0.3773872;3.342351;2.074168;-10.31195
-0.2757272;4;1.655938;-9.453486
-0.2541128;3.157092;2.317666;-6.257011
-0.2570244;3.625905;2.307547;-6.355651
-0.2545238;3.007996;2.219063;-6.543162
-0.3229265;3.776422;1.937348;-9.463336
-0.3815589;3.703733;2.489753;-8.712888
-0.4530716;4;2.043292;-12.50226
-0.5080231;3.481269;1.939799;-14.67586