ydiffs;heights;distances;angles
-1.34718;3.670046;1.806635;-36.71132
-1.109606;3.510211;2.085868;-28.01134
-1.165746;3.907532;1.920663;-31.25565
-1.112738;3.270182;2.189053;-26.94511
-1.095043;3.754528;2.003336;-28.66146
-1.143462;3.839805;2.27569;-26.67806
-1.176815;4;2.727233;-23.34044
-1.225869;3.560822;1.899431;-32.83768
-0.13334;3.311277;2.536994;-3.008598