ydiffs;heights;distances;angles
-0.979816;3.849204;1.705791;-29.8733
-0.8111424;3.337119;1.958657;-22.49601
-0.8677699;3.870982;1.732731;-26.60219
-0.8383704;3.70656;2.107955;-21.68858
-0.8233326;3.764791;2.272659;-19.9143
0.4102641;3.541809;1.946753;11.90054
0.08166143;3.812706;2.63424;1.7756
-0.0729963;3.510513;2.194836;-1.904853
-0.08120853;3.823575;1.88603;-2.465515