ydiffs;heights;distances;angles
-0.3235602;3.910323;1.762152;-10.40455
-0.2099761;3.513188;2.077199;-5.772204
-0.1427508;3.410357;2.284556;-3.575488
0.1048765;3.646771;1.509855;3.973457
0.1937517;3.904137;1.817675;6.084363
-0.002687412;3.337944;1.990736;-0.07734689
0.07333955;3.859325;2.29318;1.831787
0.5358021;3.236149;2.423532;12.4666
0.2079601;4;2.241515;5.300534