ydiffs;heights;distances;angles
0.2834208;3.050242;1.659189;9.693641
0.1426615;3.273732;1.843421;4.425275
-0.04610686;4;1.695055;-1.558108
0.1806785;3.608335;2.118661;4.874365
0.360338;3.445733;2.33666;8.766566
0.431643;3.011489;1.985462;12.26535
2.466346;3.897117;1.918638;52.11967
-0.2107652;2.920352;2.002166;-6.009314
1.444185;3.728624;2.077446;34.80601