ydiffs;heights;distances;angles
-1.090833;3.782126;2.330707;-25.08084
-0.5434858;2.998258;1.665411;-18.07343
-0.1243073;2.93161;1.793587;-3.964633
-0.07215416;3.58766;2.335291;-1.769722
-0.01458681;3.81557;2.062407;-0.4052298
0.04632065;3.524783;1.999875;1.326834
0.1074802;3.821722;2.161894;2.846158
0.1724116;3.512858;1.880693;5.237923
-1.129261;3.655219;1.886242;-30.90825