ydiffs;heights;distances;angles
-1.016705;3.426136;1.91943;-27.90978
-0.6618866;3.64811;2.012365;-18.20654
-0.5644959;3.583067;1.86481;-16.84157
-0.4043612;3.981609;1.913706;-11.93096
-0.2814502;3.407745;1.909187;-8.386076
-1.427236;3.450955;2.203288;-32.93417
-1.235111;4;2.088852;-30.59528
-1.097438;3.627162;2.026965;-28.43198
-1.079123;3.754692;2.007989;-28.25425