ydiffs;heights;distances;angles
-1.510399;3.073102;1.943604;-37.85124
-1.232464;3.653685;2.128461;-30.07255
-1.237809;3.548072;1.931492;-32.65403
-1.151739;3.980296;3;-21.00245
-1.181595;3.306566;2.203103;-28.20609
-0.1320548;3.675847;1.618757;-4.663742
-0.359484;3.97899;2.139259;-9.538939
-0.5270014;3.873248;2.315206;-12.82352
-0.5672418;3.64212;2.199492;-14.46128