ydiffs;heights;distances;angles
-1.155028;3.12695;1.897808;-31.32518
-0.9756136;3.694677;2.457192;-21.65526
0.2925178;3.845191;1.483941;11.1513
0.07404664;3.663378;1.821187;2.328275
-0.02754884;3.232822;2.052808;-0.7688676
-0.04636668;4;2.253574;-1.178679
-0.1114585;3.414359;1.92243;-3.318177
-0.1747852;3.737305;2.206545;-4.529065
-0.2391397;3.311049;2.572826;-5.310286