ydiffs;heights;distances;angles
1.188545;3.242441;1.542908;37.60807
-0.4064541;3.462567;1.685139;-13.56068
0.8447185;3.742804;1.874776;24.25491
-0.3327521;3.612703;2.453584;-7.723264
3.133986;3.84641;2.356688;53.05764
-0.6273478;3.415105;2.353318;-14.92679
-0.571634;4;1.945405;-16.37479
1.457127;4;2.112561;34.59575
2.140055;3.519404;2.287618;43.09119