ydiffs;heights;distances;angles
1.848558;3.086433;1.723943;46.99775
0.6062592;4;2.025898;16.66005
-2.097802;3.4013;1.484385;-54.71713
0.4290302;3.805876;1.935327;12.49939
1.667648;3.819951;1.568798;46.74944
1.812623;3.561616;1.693048;46.95354
-1.480477;3.652738;2.173848;-34.25642
0.8970786;3.878968;1.684429;28.03848
0.05147427;3.534717;2.053528;1.43589