{
    "name": "root",
    "gauges": {
        "FlappyBird.Policy.Entropy.mean": {
            "value": 0.15740101039409637,
            "min": 0.15740101039409637,
            "max": 0.6570211052894592,
            "count": 41
        },
        "FlappyBird.Policy.Entropy.sum": {
            "value": 139.7720947265625,
            "min": 139.7720947265625,
            "max": 699.0704345703125,
            "count": 41
        },
        "FlappyBird.Environment.EpisodeLength.mean": {
            "value": 26.05263157894737,
            "min": 2.2275641025641026,
            "max": 51.65217391304348,
            "count": 41
        },
        "FlappyBird.Environment.EpisodeLength.sum": {
            "value": 990.0,
            "min": 695.0,
            "max": 1191.0,
            "count": 41
        },
        "FlappyBird.Step.mean": {
            "value": 40972.0,
            "min": 996.0,
            "max": 40972.0,
            "count": 41
        },
        "FlappyBird.Step.sum": {
            "value": 40972.0,
            "min": 996.0,
            "max": 40972.0,
            "count": 41
        },
        "FlappyBird.Policy.ExtrinsicValueEstimate.mean": {
            "value": 16.771953582763672,
            "min": 0.6758427023887634,
            "max": 24.97740364074707,
            "count": 41
        },
        "FlappyBird.Policy.ExtrinsicValueEstimate.sum": {
            "value": 788.2818603515625,
            "min": 209.51123046875,
            "max": 826.8724365234375,
            "count": 41
        },
        "FlappyBird.Environment.CumulativeReward.mean": {
            "value": 23.74054056889302,
            "min": 1.5825806285104445,
            "max": 49.51818191463297,
            "count": 41
        },
        "FlappyBird.Environment.CumulativeReward.sum": {
            "value": 878.4000010490417,
            "min": 490.59999483823776,
            "max": 1135.5999992489815,
            "count": 41
        },
        "FlappyBird.Policy.ExtrinsicReward.mean": {
            "value": 23.74054056889302,
            "min": 1.5825806285104445,
            "max": 49.51818191463297,
            "count": 41
        },
        "FlappyBird.Policy.ExtrinsicReward.sum": {
            "value": 878.4000010490417,
            "min": 490.59999483823776,
            "max": 1135.5999992489815,
            "count": 41
        },
        "FlappyBird.Losses.PolicyLoss.mean": {
            "value": 0.9142671360944709,
            "min": 0.8171992730349302,
            "max": 1.982766520475445,
            "count": 41
        },
        "FlappyBird.Losses.PolicyLoss.sum": {
            "value": 1.8285342721889417,
            "min": 0.8171992730349302,
            "max": 17.844898684279006,
            "count": 41
        },
        "FlappyBird.Losses.ValueLoss.mean": {
            "value": 43.298420422509174,
            "min": 6.4146598698723505,
            "max": 98.21797727048397,
            "count": 41
        },
        "FlappyBird.Losses.ValueLoss.sum": {
            "value": 86.59684084501835,
            "min": 43.08640605700081,
            "max": 171.3796449237998,
            "count": 41
        },
        "FlappyBird.Policy.LearningRate.mean": {
            "value": 0.0002997563610812129,
            "min": 0.0002997563610812129,
            "max": 0.0002999967753344083,
            "count": 41
        },
        "FlappyBird.Policy.LearningRate.sum": {
            "value": 0.0005995127221624258,
            "min": 0.000299764596078468,
            "max": 0.0026999709780096744,
            "count": 41
        },
        "FlappyBird.Policy.Epsilon.mean": {
            "value": 0.19991878700000004,
            "min": 0.19991878700000004,
            "max": 0.19999892511111111,
            "count": 41
        },
        "FlappyBird.Policy.Epsilon.sum": {
            "value": 0.3998375740000001,
            "min": 0.19992153200000004,
            "max": 1.799990326,
            "count": 41
        },
        "FlappyBird.Policy.Beta.mean": {
            "value": 0.0049959474713,
            "min": 0.0049959474713,
            "max": 0.004999946363044445,
            "count": 41
        },
        "FlappyBird.Policy.Beta.sum": {
            "value": 0.0099918949426,
            "min": 0.0049960844468,
            "max": 0.04499951726740001,
            "count": 41
        },
        "FlappyBird.IsTraining.mean": {
            "value": 1.0,
            "min": 1.0,
            "max": 1.0,
            "count": 41
        },
        "FlappyBird.IsTraining.sum": {
            "value": 1.0,
            "min": 1.0,
            "max": 1.0,
            "count": 41
        }
    },
    "metadata": {
        "timer_format_version": "0.1.0",
        "start_time_seconds": "1679348585",
        "python_version": "3.9.2 (default, Feb 28 2021, 17:03:44) \n[GCC 10.2.1 20210110]",
        "command_line_arguments": "/home/bears_bears/Unity_env/bin/mlagents-learn trainer_config.yaml --run-id Phase_4_mult_inst --force --time-scale 20",
        "mlagents_version": "0.30.0",
        "mlagents_envs_version": "0.30.0",
        "communication_protocol_version": "1.5.0",
        "pytorch_version": "1.11.0+cu102",
        "numpy_version": "1.21.2",
        "end_time_seconds": "1679348768"
    },
    "total": 182.58227043700026,
    "count": 1,
    "self": 0.008701323000423145,
    "children": {
        "run_training.setup": {
            "total": 0.03605708599934587,
            "count": 1,
            "self": 0.03605708599934587
        },
        "TrainerController.start_learning": {
            "total": 182.5375120280005,
            "count": 1,
            "self": 0.2292970278649591,
            "children": {
                "TrainerController._reset_env": {
                    "total": 17.66325421199872,
                    "count": 1,
                    "self": 17.66325421199872
                },
                "TrainerController.advance": {
                    "total": 164.42578253414104,
                    "count": 6862,
                    "self": 0.220566612915718,
                    "children": {
                        "env_step": {
                            "total": 87.72245982814275,
                            "count": 6862,
                            "self": 72.21985939889055,
                            "children": {
                                "SubprocessEnvManager._take_step": {
                                    "total": 15.382996140069736,
                                    "count": 6862,
                                    "self": 0.6909080670884578,
                                    "children": {
                                        "TorchPolicy.evaluate": {
                                            "total": 14.692088072981278,
                                            "count": 5196,
                                            "self": 14.692088072981278
                                        }
                                    }
                                },
                                "workers": {
                                    "total": 0.1196042891824618,
                                    "count": 6862,
                                    "self": 0.0,
                                    "children": {
                                        "worker_root": {
                                            "total": 181.36614379596722,
                                            "count": 6862,
                                            "is_parallel": true,
                                            "self": 120.9266533707414,
                                            "children": {
                                                "run_training.setup": {
                                                    "total": 0.0,
                                                    "count": 0,
                                                    "is_parallel": true,
                                                    "self": 0.0,