{"count":1,"self":58.131232,"total":6934.8465179999994,"children":{"InitializeActuators":{"count":2,"self":0.094595,"total":0.094595,"children":null},"InitializeSensors":{"count":2,"self":0.134357,"total":0.134357,"children":null},"AgentSendState":{"count":117951,"self":3.170525,"total":4.9483169999999994,"children":{"CollectObservations":{"count":26081,"self":0.24867299999999998,"total":0.24867299999999998,"children":null},"WriteActionMask":{"count":26081,"self":0.038876999999999995,"total":0.038876999999999995,"children":null},"RequestDecision":{"count":26081,"self":0.148747,"total":1.4902419999999998,"children":{"AgentInfo.ToProto":{"count":23591,"self":0.172673,"total":1.3414949999999999,"children":{"GenerateSensorData":{"count":23591,"self":1.044769,"total":1.168822,"children":{"RayPerceptionSensor.Perceive":{"count":47182,"self":0.124053,"total":0.124053,"children":null}}}}}}}}},"DecideAction":{"count":117951,"self":6870.980608,"total":6870.9804049999993,"children":null},"AgentAct":{"count":117951,"self":0.35590299999999997,"total":0.35590299999999997,"children":null},"AgentInfo.ToProto":{"count":515,"self":0.005336,"total":0.027053999999999998,"children":{"GenerateSensorData":{"count":515,"self":0.018276,"total":0.021717999999999998,"children":{"RayPerceptionSensor.Perceive":{"count":1030,"self":0.0034419999999999997,"total":0.0034419999999999997,"children":null}}}}}},"gauges":{"Generator.CumulativeReward":{"count":516,"max":0,"min":-1,"runningAverage":-0.958546162,"value":-0.94,"weightedAverage":-0.956705451},"Solver.CumulativeReward":{"count":515,"max":1.27239871,"min":-0.9991,"runningAverage":-0.5812004,"value":-0.372999728,"weightedAverage":-0.543075442}},"metadata":{"timer_format_version":"0.1.0","start_time_seconds":"1682852720","unity_version":"2022.2.11f1","command_line_arguments":"\/home\/bears_bears\/Unity_projects\/Flappy_bird\/Builds\/Linux_server\/6_rand\/Flappy_bird_RL_rand_6.x86_64 -nographics -batchmode --mlagents-port 5007 -logFile \/home\/bears_bears\/Unity_projects\/Flappy_bird\/TrainerConfig\/results\/rand6\/run_logs\/Player-2.log","communication_protocol_version":"1.5.0","com.unity.ml-agents_version":"2.0.1","scene_name":"Unit_test_Solver_Generator","end_time_seconds":"1682859644"}}