ydiffs;heights;distances;angles
0.5598572;3.885817;3;10.57089
-0.8885013;3.433189;3;-16.49756
-1.216491;3.825033;3;-22.07242
-1.946959;3.462787;3;-32.98301
-2.622652;4;3;-41.16052
1.239887;4;3;22.4551
0.6350885;3.823931;3;11.95283
0.1435883;3.433408;3;2.740243
-0.07056614;4;3;-1.347466