ydiffs;heights;distances;angles
-0.03902745;3.745398;1.661542;-1.345556
0.09738;3.754542;1.12;4.969167
-3.810942;3.909278;1.442014;-69.27397
-2.032926;3.778794;1.96437;-45.98256
-0.7023767;4;1.990189;-19.43894
-0.5746947;3.780406;1.257325;-24.56407
0.6418657;4;1.695835;20.73142
0.2355635;3.823929;1.185654;11.23709
0.01427079;3.286575;1.665245;0.4910001