ydiffs;heights;distances;angles
0.04466869;4;1.363786;1.875964
0.08269581;3.666722;1.778612;2.662026
-0.09953451;3.710778;1.959091;-2.908496
0.3690105;3.851678;1.702031;12.23275
0.3259906;3.608315;1.811833;10.19971
0.2771116;3.832999;1.805102;8.727673
0.3676251;3.583531;1.797463;11.55898
0.05494481;3.822948;2.324158;1.354262
0.1830145;3.516591;2.317868;4.514599