ydiffs;heights;distances;angles
-2.159309;3.897369;1.864195;-49.19499
-1.393246;3.472897;1.691848;-39.47163
-0.8771154;3.905259;1.988155;-23.80566
-0.8629148;3.814527;1.901427;-24.40973
-2.452823;4;2.458853;-44.92966
-2.156843;3.365904;2.046657;-46.50154
-1.793124;4;1.611331;-48.05661
-1.531877;3.729768;1.532197;-44.99403
0.3088827;4;1.872898;9.365052