ydiffs;heights;distances;angles
-0.8399594;3.628613;1.649713;-26.98314
0.2925853;4;1.79997;9.232682
-0.2443096;3.438908;1.666934;-8.338033
-0.429595;3.825704;1.601636;-15.01462
-0.292603;3.796134;2.135366;-7.80248
-2.083971;3.750777;1.655593;-51.53492
-1.933943;3.376833;1.427592;-53.56612
-1.742813;3.981763;1.703606;-45.65178
-1.938123;4;1.385879;-54.43287