ydiffs;heights;distances;angles
-1.305352;3.475447;1.222526;-46.87662
-1.133987;4;2.010659;-29.42246
1.005378;3.387807;1.710994;30.43844
0.2210172;4;1.561409;8.056684
-0.03402998;3.642447;1.459706;-1.335488
0.2111157;3.793141;1.789017;6.730153
-0.4486577;3.63592;1.348377;-18.40429
0.6552564;3.922644;1.859041;19.41603
0.3983408;3.621604;1.864947;12.05684