ydiffs;heights;distances;angles
0.06343067;3.218773;1.5582;2.33109
-0.02379085;4;1.404095;-0.9707211
-0.2380923;3.327973;2.062108;-6.586242
0.257372;3.964182;1.99932;7.335331
0.148495;3.621943;1.771818;4.79073
0.02088611;4;1.695263;0.705864
0.03423247;3.704295;1.677192;1.169278
0.1040444;3.750299;1.863628;3.195446
0.02740706;3.808804;1.688165;0.9301051