ydiffs;heights;distances;angles
-0.0463779;3.588345;1.461028;-1.818149
-0.09698154;4;2.434257;-2.281475
0.01251723;3.376492;2.213547;0.3239942
-0.1054683;3.880098;1.45648;-4.141737
0.3729978;4;2.370546;8.941993
0.2541966;3.483439;1.520565;9.490516
-0.2624878;2.940834;1.948472;-7.672394
0.4491896;3.24476;2.108251;12.02774
0.1980768;4;1.691689;6.678249