ydiffs;heights;distances;angles
0.3564872;3.644113;1.734205;11.61605
-1.87829;3.399653;1.796034;-46.28244
-1.739223;3.723344;2.186514;-38.49985
-0.5719885;4;2.01601;-15.83986
-1.064216;3.391757;1.365834;-37.92464
-2.19313;4;1.349893;-58.38729
-1.904773;3.819422;1.692118;-48.38349
-1.293182;4;1.749168;-36.47599
-1.744907;3.812822;1.842115;-43.44767