ydiffs;heights;distances;angles
-0.0194838;3.682037;1.809531;-0.6168981
-0.1135286;4;1.731658;-3.750978
-0.9752747;3.910885;2.233283;-23.5909
-0.8921718;4;1.705281;-27.61775
-0.1766444;3.774084;1.630371;-6.183657
-0.5118809;4;2.152538;-13.37667
-0.689151;3.940033;1.778036;-21.18589
-0.4025565;3.680274;1.620208;-13.95316
-0.906849;3.908188;1.704017;-28.02115