ydiffs;heights;distances;angles
-3.440358;3.687162;1.84609;-61.78207
-1.559732;3.175677;1.59791;-44.30728
-0.5132541;4;1.893144;-15.16894
-1.667359;3.836444;1.800719;-42.79787
-1.329091;3.70972;1.674477;-38.44025
1.080612;3.820029;1.309635;39.52689
0.246021;4;1.644589;8.508026
-0.1593135;3.383474;2.007405;-4.537649
0.2536685;4;1.311235;10.94905