ydiffs;heights;distances;angles
0.3664219;3.370301;1.686728;12.2564
0.2990677;4;1.759994;9.643893
-0.3399617;3.937022;1.649829;-11.64333
-0.01384485;3.429151;1.790823;-0.4429447
-0.1353562;3.427122;2.154951;-3.594126
-0.1103201;3.736662;1.537844;-4.10319
0.2128411;4;1.73911;6.977448
0.1426832;3.603668;1.393064;5.848066
-0.08127566;3.852042;1.520878;-3.058976