ydiffs;heights;distances;angles
0.1965409;3.806542;1.782352;6.292613
0.1975343;3.532409;1.575106;7.148155
-0.02194988;3.730078;1.639305;-0.7671304
0.3529765;2.409009;1.289457;15.30914
0.2873617;4;1.992515;8.206645
0.2154915;3.646286;2.165574;5.68267
0.2473206;3.273207;1.980204;7.119177
0.1708875;3.423782;1.771853;5.508889
0.2168481;4;2.186746;5.663205