ydiffs;heights;distances;angles
0.1427991;3.795294;2.183918;3.741053
0.2586276;3.503656;2.040147;7.224797
-0.02747619;4;1.496148;-1.052097
-0.2360398;3.694714;1.349266;-9.922879
-0.1267279;3.790527;1.502174;-4.822227
0.1005468;3.223858;1.941173;2.965096
-0.08952739;3.984268;1.865531;-2.747534
0.4382635;4;1.486999;16.42183
0.2330537;3.495017;1.898887;6.997018