ydiffs;heights;distances;angles
-1.747516;3.610811;1.670773;-46.28613
-0.6031244;4;1.675701;-19.795
-1.156271;3.719141;2.108644;-28.73809
-2.333867;3.843468;1.365898;-59.66166
-1.952403;4;1.899072;-45.79332
-1.421646;4;2.152486;-33.44346
-1.877342;3.588913;1.477042;-51.80529
0.3165011;3.728597;2.125452;8.469682
-0.2909944;3.735904;1.371125;-11.98212