ydiffs;heights;distances;angles
-0.8726007;3.262164;1.288985;-34.09672
-0.7267718;4;1.822255;-21.74364
-0.3185459;3.996572;1.819549;-9.930059
-0.6672555;3.796434;1.664822;-21.84076
-0.5275607;3.909902;1.343369;-21.44066
-0.2906182;4;1.95051;-8.474502
-0.8989248;4;2.018663;-24.00375
-0.6676133;3.468098;1.203053;-29.02733
0.1403254;3.998636;1.920696;4.178584