ydiffs;heights;distances;angles
-0.1898989;3.65947;1.748171;-6.199573
-2.188413;3.315158;1.554148;-54.61873
-1.749797;4;1.783869;-44.44757
-1.911883;3.624184;1.558457;-50.81506
-1.784454;3.988738;1.595241;-48.20438
-0.6273113;3.757517;1.791275;-19.30045
-0.7491572;3.92023;1.208884;-31.78689
-1.542946;3.676277;1.516013;-45.50445
-1.05167;4;1.784082;-30.51824