ydiffs;heights;distances;angles
0.2609834;3.421108;1.71341;8.660617
0.2262536;3.959482;1.64362;7.837829
0.2956924;3.166138;2.349087;7.174401
0.8476118;3.810522;1.443201;30.4263
-0.1046999;3.267385;2.100226;-2.853931
0.09175991;3.851616;1.350616;3.886664
-0.1840574;3.824665;2.025507;-5.192194
-0.05708177;3.144256;1.486953;-2.198415
-0.1932933;3.417561;2.013037;-5.484768