ydiffs;heights;distances;angles
0.3100918;3.329141;2.064846;8.540668
0.07558747;3.75813;1.77286;2.441379
-0.05145908;3.584095;1.648734;-1.787694
0.1100969;3.755195;1.650936;3.815265
0.1629622;3.214762;1.323594;7.018985
-0.06392843;4;1.783428;-2.052935
0.06259536;3.358785;1.900929;1.886001
-0.08153643;3.8843;2.017056;-2.314835
-0.004997316;3.597045;1.439742;-0.1988718