ydiffs;heights;distances;angles
0.645981;3.341439;1.12;29.97501
2.900484;3.915675;2.062772;54.58025
-0.4478334;3.72998;1.781296;-14.11219
0.1484768;3.748067;2.139392;3.970043
0.3893898;3.681293;1.828009;12.02503
0.2010061;3.889052;1.626081;7.046804
0.0667381;3.602512;1.645118;2.323065
0.1989996;3.910058;2.216009;5.131448
-1.669816;3.745314;2.012225;-39.6871