ydiffs;heights;distances;angles
0.1582618;3.226028;1.530114;5.905183
-0.2461345;3.878109;1.615258;-8.664133
-0.51274;3.667034;1.926229;-14.90583
-0.6790245;4;1.553894;-23.60448
-0.3560789;3.589518;1.779298;-11.31673
-0.8785865;3.941361;1.869587;-25.17053
-0.6591768;3.388356;1.399879;-25.21487
-0.624709;3.845764;2.311412;-15.12408
-0.9161087;3.942237;1.877798;-26.00605