ydiffs;heights;distances;angles
-0.1949721;3.679184;2.252966;-4.946064
-0.2918773;3.468261;1.164339;-14.07295
-0.2136113;3.12155;1.491878;-8.148386
-0.2768795;3.909203;2.147978;-7.345059
-2.581673;4;1.54976;-59.0239
-2.09075;3.671337;1.918649;-47.45787
-1.384203;4;2.280054;-31.26161
-1.847973;3.889741;1.751606;-46.53354
-1.174461;4;1.831988;-32.66335