ydiffs;heights;distances;angles
-1.241804;3.673086;1.861696;-33.70441
1.009295;4;2.101821;25.65033
0.1694195;3.566547;1.401226;6.894055
0.03456731;3.849269;1.538657;1.286984
0.2206447;3.59735;2.228602;5.654191
0.3569427;3.784404;1.871439;10.79842
0.2212926;3.771801;1.937078;6.517238
0.4107149;4;1.12;20.13848
0.2105591;3.280192;1.755307;6.840271