ydiffs;heights;distances;angles
0.5590816;3.440331;1.797405;17.27827
0.4057759;3.57152;1.788054;12.78598
0.237597;3.862709;1.783284;7.589145
0.3637816;2.886616;1.648017;12.4478
0.2989227;3.818911;1.848652;9.185095
0.3104537;3.579188;1.538921;11.40547
0.3226593;4;1.335408;13.58339
0.2929341;3.470405;1.916175;8.691767
-0.09659228;3.189417;1.977989;-2.795737