ydiffs;heights;distances;angles
0.183628;3.310569;2.016602;5.202899
0.1344422;3.834918;2.016336;3.814635
0.02203081;3.565897;1.295077;0.9745761
-0.06665041;3.95129;1.439626;-2.650732
0.0756384;4;1.681792;2.575135
-0.135228;3.848379;1.473764;-5.242602
-0.02572023;3.78703;1.781881;-0.826968
-0.2305313;4;2.074334;-6.34155
-0.1267388;3.284111;1.642561;-4.412158