ydiffs;heights;distances;angles
0.3553109;3.47291;1.591223;12.58733
0.285744;3.775668;1.808552;8.978291
0.03914868;3.20805;1.735159;1.292489
0.2108674;4;1.855871;6.482251
0.1158547;3.743867;1.989026;3.333539
0.1619852;3.083023;1.567242;5.900959
-1.812118;3.768366;1.639035;-47.87111
-1.051423;3.564634;1.851653;-29.58917
-1.457038;3.589239;1.735864;-40.00921