ydiffs;heights;distances;angles
-1.900786;3.838338;1.412469;-53.38405
-1.762136;3.810085;1.222978;-55.23813
-1.739177;4;1.93654;-41.92653
0.3938312;4;1.303911;16.80633
-0.2136817;3.465593;1.879902;-6.484775
-0.7509022;3.797279;1.379067;-28.5683
-0.2131238;3.757881;1.543452;-7.861834
-0.6471238;4;1.663689;-21.2545
-0.5280864;3.594511;1.635999;-17.88964