ydiffs;heights;distances;angles
-1.746938;3.747071;1.736848;-45.16594
-1.538718;4;1.56391;-44.53479
-1.046863;4;1.612619;-32.9904
-1.371876;3.57047;2.264821;-31.20466
-0.8090079;4;1.816521;-24.00634
-1.094785;3.768129;1.534606;-35.50399
0.84612;3.891232;1.939537;23.56916
0.2615302;3.777346;1.862806;7.991852
0.08890701;4;1.791025;2.841847