ydiffs;heights;distances;angles
0.3878271;3.567311;1.515157;14.35745
2.197289;3.311453;1.868784;49.61899
-0.1669537;3.599762;2.182409;-4.374592
-0.5363138;3.149108;1.45492;-20.23494
-0.00223838;4;2.004887;-0.06396853
0.1229297;3.762106;2.116576;3.323975
-0.1436912;3.230368;1.827939;-4.494682
0.0968548;3.620119;1.977689;2.803748
0.02359875;3.90528;1.635864;0.8264837