ydiffs;heights;distances;angles
-0.1243385;3.877122;1.386767;-5.123478
0.4374632;3.315477;2.024935;12.19072
0.3690325;3.998583;1.834329;11.37499
0.2011074;3.022828;1.99344;5.760773
0.2468282;3.841114;1.233666;11.31418
0.1840812;3.995993;1.93453;5.435644
0.1601218;3.770182;1.725539;5.301593
0.1629297;3.479045;1.732992;5.370958
0.1173959;4;1.817853;3.694998