ydiffs;heights;distances;angles
-1.378823;3.396892;1.62472;-40.3197
-1.235958;3.883564;1.649808;-36.8388
-1.620761;3.691096;1.528715;-46.67404
-1.7113;4;1.635619;-46.29536
-1.744581;3.806872;1.450544;-50.25793
-1.773322;4;1.567493;-48.52555
0.5975866;3.99008;1.742104;18.93329
-0.2346026;3.263842;2.088139;-6.410304
-0.6147316;4;1.721644;-19.64965