ydiffs;heights;distances;angles
-0.5254254;3.5609;1.903281;-15.43286
-0.5620247;4;1.570612;-19.68914
-0.9796953;3.471363;1.359823;-35.77116
-0.8364965;3.776663;1.873764;-24.05722
-0.6187242;4;1.868271;-18.32357
-0.5916049;3.683425;1.82848;-17.929
-0.4988966;3.927663;1.651786;-16.80614
-0.383287;3.513611;1.816931;-11.91207
-0.3275389;4;1.656;-11.18808