ydiffs;heights;distances;angles
-2.554123;3.33167;1.496406;-59.63487
-1.902551;3.659783;2.164595;-41.31356
-1.530954;4;1.66913;-42.52758
-1.593267;3.530573;1.46177;-47.46464
-1.385935;3.828096;1.599928;-40.9007
-1.21629;3.792873;2.00393;-31.25575
-1.15397;4;1.469551;-38.14089
-0.941712;3.406071;1.80939;-27.49509
0.747619;4;2.188863;18.8579