ydiffs;heights;distances;angles
0.3883939;3.842358;1.805582;12.13976
0.3168035;3.995048;1.716945;10.45439
0.1593448;3.548607;1.834607;4.963969
0.3078034;3.765286;1.956087;8.942549
0.3090705;3.573402;1.948947;9.011116
-0.4823242;3.861433;1.889837;-14.31738
-0.150691;3.832255;2.05965;-4.184499
0.003740047;3.493512;1.743827;0.1228841
-0.05738204;4;2.252447;-1.459318