ydiffs;heights;distances;angles
0.2887856;3.767812;1.859;8.830012
-0.1616601;3.539387;1.366678;-6.745992
-0.12236;3.909508;1.84712;-3.789944
0.05632191;3.607912;1.951959;1.652756
0.06511836;3.931729;1.581218;2.358246
0.3860525;4;1.785035;12.20351
0.3122367;3.740784;1.487662;11.85342
0.2862837;4;1.542861;10.5119
-1.88534;4;1.718604;-47.6489