ydiffs;heights;distances;angles
0.2077276;3.215798;2.131781;5.565515
0.204778;3.901983;1.457013;8.000315
-0.04568914;3.962304;1.936866;-1.351312
0.0002301238;3.430241;1.564135;0.008429655
0.0393343;3.678092;1.708814;1.318629
-0.04534611;3.702147;1.889159;-1.375026
-0.09075076;4;1.662932;-3.123689
-0.1200022;3.564596;1.544943;-4.441484
-0.1674224;3.849528;2.091226;-4.577305