ydiffs;heights;distances;angles
-1.318852;3.887555;1.461445;-42.06405
-1.139203;3.717656;1.835539;-31.82525
-1.548314;4;1.535189;-45.24389
-1.657846;3.369054;1.761607;-43.26193
-1.69276;4;1.383047;-50.7499
-1.723281;3.937089;1.432191;-50.27059
-1.712421;4;1.361491;-51.51292
0.5648321;4;1.326788;23.06012
-0.323166;3.730994;2.134295;-8.610085