ydiffs;heights;distances;angles
-0.5673022;3.61125;1.441628;-21.48038
-0.5224872;3.784691;1.680361;-17.27242
-0.8862748;4;1.831393;-25.82396
-0.9855553;3.228517;1.761502;-29.22689
-0.7403589;3.351638;2.445731;-16.84184
-0.666689;4;1.558695;-23.15749
-0.5484501;3.822916;1.623314;-18.66797
-0.4066482;3.910965;1.82456;-12.56443
-0.3832406;3.615458;1.649586;-13.07924