ydiffs;heights;distances;angles
-0.1471106;3.811733;1.12;-7.482891
-2.372054;3.850666;2.391356;-44.76783
-2.122395;3.77657;2.115384;-45.09478
-1.607755;4;1.699968;-43.40312
-1.409037;3.390181;1.539627;-42.46415
-1.231822;4;1.491787;-39.54772
-1.065222;3.800744;2.040432;-27.56713
-1.012391;4;2.201245;-24.69854
-0.950603;3.74601;1.414709;-33.89883