ydiffs;heights;distances;angles
0.4663934;3.292839;1.611933;16.13717
0.3854776;3.544274;2.139572;10.21317
-0.4501541;4;1.920369;-13.19252
-0.263279;3.461488;1.559138;-9.584659
-0.001689733;3.930736;2.149715;-0.04503599
-0.06134191;3.669843;2.082047;-1.687578
-0.05364648;4;1.458019;-2.107196
0.02682492;3.718252;1.847893;0.8316751
0.05593834;3.787565;1.788484;1.791454