ydiffs;heights;distances;angles
0.1510759;3.417813;1.35769;6.349423
0.1377097;3.043667;1.643855;4.788625
0.002980037;3.46856;1.644993;0.1037958
0.1252782;3.679303;1.788017;4.007904
0.1874777;4;1.544054;6.922918
0.1740154;3.505987;1.947852;5.105083
0.202799;3.803133;1.861532;6.217396
0.2349318;3.37333;1.399141;9.531702
0.2182246;3.711022;2.020149;6.165411