ydiffs;heights;distances;angles
0.488962;3.857076;1.997878;13.75229
0.3823296;3.569687;1.779073;12.12862
0.2044168;3.803554;1.802353;6.470644
0.3252481;3.495213;1.825944;10.09993
0.4067442;4;1.716492;13.33106
-3.527853;3.322925;1.485624;-67.16341
-2.410033;4;1.809582;-53.09881
-1.441818;4;1.494212;-43.97766
-1.207723;3.980848;1.450414;-39.78329