ydiffs;heights;distances;angles
-0.06143276;3.349819;2.257919;-1.558501
0.03956264;3.971695;2.098677;1.079968
-0.1529889;3.60137;1.358685;-6.424482
0.009733411;3.960831;1.237261;0.4507312
0.08053721;3.698982;1.945729;2.370222
-0.05499016;3.543845;1.860247;-1.693209
-0.0954452;3.861516;1.669922;-3.27121
-0.1241194;3.594275;1.599262;-4.437852
-0.1897672;3.823956;1.910164;-5.673491