ydiffs;heights;distances;angles
-0.473777;4;1.608792;-16.4093
-0.4851534;3.802432;1.586954;-16.9991
-0.7591568;3.885513;2.074932;-20.09609
-0.9452172;3.629198;1.505957;-32.11453
-1.063457;4;1.414147;-36.94364
-1.270628;3.909947;2.182234;-30.21055
-1.715938;3.980972;1.774716;-44.03531
-2.054266;4;2.028562;-45.3607
-2.294416;4;1.350888;-59.51161