ydiffs;heights;distances;angles
0.489655;3.309698;1.908851;14.3872
0.3336479;3.716335;2.223199;8.535002
0.1980334;3.610915;1.892991;5.97222
0.2753534;3.890606;1.960962;7.99307
0.2740952;3.236449;1.485849;10.45188
0.2059398;3.73293;1.499661;7.819195
0.1882004;3.743365;1.827555;5.879556
0.2010077;3.76519;1.902121;6.032376
0.1835199;3.879584;2.023054;5.18336