ydiffs;heights;distances;angles
0.3943101;3.747987;1.756627;12.65148
0.3099305;3.479108;1.689807;10.39321
-2.287511;4;1.562512;-55.6645
-1.303965;3.768126;2.001331;-33.08621
-0.6859655;4;1.974862;-19.15459
-0.794714;3.730571;1.723188;-24.75859
-2.504095;4;1.904629;-52.74318
-2.026815;3.555942;1.411481;-55.14652
-1.538695;3.721292;1.853908;-39.69179