ydiffs;heights;distances;angles
0.232985;3.609392;2.154034;6.173236
0.1398974;3.763372;1.447144;5.521702
-0.05952448;3.396248;1.430015;-2.383565
-0.05072466;3.869459;2.042168;-1.422856
-0.06235892;3.955473;1.483238;-2.407435
-0.01551791;3.304044;1.844666;-0.4819788
0.04158568;3.795033;1.899075;1.254454
0.08651289;3.68968;1.520689;3.256081
0.1142462;4;1.775173;3.682351