ydiffs;heights;distances;angles
0.3537983;4;1.441647;13.7886
0.2506067;3.596786;1.680447;8.482064
0.1156729;3.28845;1.54102;4.292716
0.2470047;3.397714;1.805962;7.788124
0.2965794;4;1.673053;10.0523
0.2824344;3.717557;2.049837;7.845037
0.3158263;3.785889;1.396179;12.74622
0.3080572;3.497618;1.209562;14.2886
0.2897511;4;2.026401;8.137453