ydiffs;heights;distances;angles
-2.239373;3.645445;1.567019;-55.0173
-1.313598;4;1.786472;-36.32717
-1.19339;3.298563;1.429754;-39.85113
-0.9231134;4;1.951678;-25.31342
-0.7171264;3.874312;1.698258;-22.89296
-0.5908853;3.633106;1.468739;-21.91532
-0.4068081;4;1.925075;-11.93223
-0.3440558;3.694857;1.225914;-15.6769
-0.2419632;4;1.362;-10.07366