ydiffs;heights;distances;angles
0.05533998;3.646675;1.760368;1.800591
0.09835861;4;2.646622;2.128351
-0.1286268;3.191482;1.732232;-4.246701
-0.02073159;3.242845;1.624151;-0.7313163
-0.04962594;4;1.421448;-1.999513
-0.1615821;3.760403;2.542109;-3.636954
-0.297281;3.437247;2.039044;-8.294955
-0.3049799;3.656147;1.897487;-9.13096
-0.3457945;3.940153;1.770684;-11.05014