ydiffs;heights;distances;angles
-0.6859602;3.686634;2.088155;-18.18538
-0.7526869;3.753656;2.164983;-19.17073
-1.181702;4;1.810871;-33.12685
-1.312006;3.377022;1.596932;-39.40582
-1.477823;4;2.166817;-34.29496
-1.881996;3.763192;1.421143;-52.94263
-2.108939;3.996629;1.485309;-54.84327
-2.187464;3.810533;2.034293;-47.07787
1.539151;4;1.785201;40.76701