ydiffs;heights;distances;angles
0.4576838;3.881346;1.526862;16.68634
0.2724868;3.925127;1.650746;9.373226
0.1217261;3.359077;2.254514;3.090522
0.2346814;3.927233;1.99324;6.715015
0.2581721;3.726793;1.740429;8.437623
0.182821;4;1.448911;7.191477
0.1515874;3.852028;1.457045;5.939546
0.1405478;3.484768;1.484161;5.40969
0.1194948;4;2.18013;3.137291