ydiffs;heights;distances;angles
0.1858326;3.317667;1.264762;8.358715
0.04456352;3.926614;1.12;2.278532
-0.08529646;3.740981;1.759189;-2.775883
-0.02789448;3.279399;1.121835;-1.424369
0.178387;4;1.635959;6.223018
0.06308141;3.478732;1.914083;1.887583
0.1748196;3.887386;1.290272;7.716049
0.1078869;3.61672;2.051076;3.01099
0.2162618;3.816318;2.044486;6.038184