ydiffs;heights;distances;angles
0.3693542;4;1.62421;12.81149
0.3332004;2.958154;1.738622;10.84898
0.1310825;3.69103;1.969075;3.808594
0.3239352;3.417797;1.629373;11.24435
0.3066739;3.729617;2.298171;7.600795
0.4026795;3.578225;1.844104;12.31779
0.3280958;3.815911;1.63715;11.33233
-3.184449;3.72699;1.462045;-65.3392
-2.617918;3.97482;2.08608;-51.45052