ydiffs;heights;distances;angles
-0.9432294;3.635252;1.526058;-31.71948
-1.01009;3.930803;1.589815;-32.42986
-0.4682757;3.54465;2.180344;-12.12137
-0.878417;4;1.743958;-26.73401
-0.2541196;3.960018;1.601679;-9.015304
-0.4729995;3.30883;1.245921;-20.78868
-0.0699456;3.915428;1.754682;-2.282731
-0.2899605;3.639245;1.863136;-8.846
-0.06432267;4;1.908339;-1.930486