ydiffs;heights;distances;angles
0.06051216;3.642032;1.793246;1.932683
-0.02994261;3.760435;2.216827;-0.773845
-0.1558796;3.875206;1.815199;-4.908215
-0.3163151;3.492833;1.704558;-10.5128
-0.09293153;4;1.858498;-2.86261
-0.4759181;3.733509;1.515576;-17.43323
-0.2492728;4;1.690404;-8.38858
-0.6923412;3.647375;2.260661;-17.02753
-0.4921162;4;1.491943;-18.25509