ydiffs;heights;distances;angles
-0.1100376;3.79755;1.799075;-3.500046
-0.0003992755;3.540868;1.772965;-0.01290313
-0.2362188;4;1.900015;-7.086916
-1.031609;3.633847;2.282681;-24.31957
-0.5766399;3.616929;1.904913;-16.84169
-0.3562346;3.49723;1.370189;-14.57365
-0.3083143;4;2.114758;-8.294814
-0.4690394;4;1.316424;-19.61089
-0.5442564;3.560825;1.59247;-18.86883