ydiffs;heights;distances;angles
0.4985309;3.892143;2.100932;13.34885
0.4025795;3.625373;1.414114;15.89095
0.06099051;3.680992;1.899294;1.839262
0.2336982;3.69343;1.912137;6.968037
0.2368983;4;1.505436;8.942839
0.2060529;3.398276;1.805297;6.511445
0.1227519;3.537058;2.380777;2.951533
0.2142586;3.905985;1.965444;6.221406
0.09656742;3.607043;1.858242;2.974819