ydiffs;heights;distances;angles
0.2233976;4;1.459879;8.700182
-0.02256901;3.848197;2.048254;-0.631297
-0.0819564;3.709343;2.167426;-2.165481
0.01317222;3.870265;1.439571;0.5242475
-0.03207907;3.601084;2.047486;-0.8976109
0.1271053;3.863921;2.055104;3.539154
0.04102948;3.595283;1.276414;1.841101
0.160186;3.811713;2.052246;4.463115
0.1040496;3.755902;1.650693;3.606803