ydiffs;heights;distances;angles
-2.648581;3.602845;1.721472;-56.97774
-2.238211;3.575235;1.476394;-56.58991
-1.418185;3.568084;1.585959;-41.80349
-1.910133;4;2.200026;-40.96555
-0.9480861;3.418417;1.775813;-28.09724
-1.409925;4;1.980112;-35.45251
-0.5525559;3.681569;2.096457;-14.76546
-0.964138;4;1.412927;-34.30844
-0.2672141;4;1.818704;-8.358411