ydiffs;heights;distances;angles
-0.3676223;3.660031;1.856086;-11.20319
0.07269271;4;1.55207;2.681544
-0.3484209;3.776039;1.487522;-13.18268
-0.0167503;3.872964;2.027778;-0.4732765
-0.06855217;3.673149;1.894829;-2.071975
-0.1276694;3.512156;1.457999;-5.00433
-0.009966543;4;1.560015;-0.3660433
-0.2878908;3.514277;2.176492;-7.534934
-0.1530616;3.961769;1.52815;-5.719746