ydiffs;heights;distances;angles
-0.6551318;3.391131;2.054008;-17.69024
-0.3213401;4;1.748044;-10.4163
-1.103493;4;1.97847;-29.15064
-0.7065337;3.665227;1.854274;-20.85833
-1.423092;4;1.651558;-40.75037
-0.9664347;3.815803;1.191354;-39.04919
-1.835067;4;1.896439;-44.05775
-1.436192;3.674699;1.479751;-44.14418
-2.28232;3.844181;1.846485;-51.02581