ydiffs;heights;distances;angles
0.3262285;3.674897;2.165839;8.565759
0.2908831;3.511879;1.515307;10.86649
0.03436188;3.090247;2.243857;0.8773453
0.1783674;4;1.580165;6.440226
0.1115219;3.754127;1.455747;4.380761
0.1302697;4;1.868593;3.987947
0.01887372;3.718086;1.735185;0.6231855
0.1061226;4;1.860561;3.264495
-0.05547126;3.694719;1.973261;-1.610244