ydiffs;heights;distances;angles
0.2412653;3.12947;1.99856;6.883413
0.008045973;3.616979;1.858618;0.2480323
-0.09251283;4;2.087376;-2.537697
0.2453939;3.729321;2.235646;6.263948
0.2403991;3.895232;1.472074;9.274891
0.0227066;3.45953;1.481458;0.8781148
0.1322983;4;2.062566;3.67007
0.3363122;4;1.686539;11.2774
0.2629232;3.547652;1.874339;7.985073