ydiffs;heights;distances;angles
0.5936182;3.920218;1.84782;17.80979
0.4802945;3.362613;1.581316;16.89516
0.0700436;3.577;1.78495;2.247203
0.2771607;3.624919;1.891655;8.335528
-2.728671;4;1.796274;-56.64324
-1.726885;3.879216;1.346175;-52.06218
-2.085545;4;1.451507;-55.16269
-1.889522;3.40445;2.147699;-41.34097
-0.4223466;4;1.479358;-15.93369