ydiffs;heights;distances;angles
-0.4019627;3.893428;1.957171;-11.60599
0.2499595;3.631863;1.573437;9.026694
-0.1463006;3.899848;2.10719;-3.97163
-0.4113815;3.589062;1.91425;-12.12867
-0.0849476;4;1.703473;-2.85482
-0.1866618;3.945218;1.722292;-6.185563
-0.328806;3.668308;1.803583;-10.33196
0.01763572;3.970223;1.790348;0.5643707
-0.1466276;3.687316;1.661728;-5.042608