ydiffs;heights;distances;angles
-0.1265019;4;1.200651;-6.014556
-0.2431224;3.206522;1.958436;-7.076557
-1.721517;3.47709;1.52897;-48.39003
-1.582775;3.856617;1.85154;-40.52523
-0.4223205;3.7405;1.940798;-12.27628
-1.0164;4;1.535754;-33.49758
-2.536756;3.35351;1.816366;-54.39661
-2.253217;4;1.531407;-55.79787
-1.372019;3.965874;1.576421;-41.03428