ydiffs;heights;distances;angles
0.09571891;4;1.607549;3.407562
-0.05556945;3.581627;1.822914;-1.746055
-0.5056595;3.918607;1.632085;-17.21425
-0.3899297;2.977498;1.331837;-16.31876
-2.114791;3.731411;2.049067;-45.9043
-2.053366;3.39535;1.946318;-46.53311
-1.978789;3.664902;1.40081;-54.70484
-1.970495;4;1.934032;-45.53505
-0.4292861;4;1.673332;-14.38868