ydiffs;heights;distances;angles
0.4214508;3.163224;1.618405;14.59628
0.3993628;3.31874;1.368212;16.27181
0.1562844;3.940029;2.083951;4.288827
0.1230046;3.782292;1.364158;5.152365
0.2123508;3.87376;1.781425;6.797741
0.2855719;3.618953;1.75598;9.237045
0.2154704;4;1.729484;7.101688
0.03870393;3.992;1.845913;1.201166
0.07539002;3.41482;1.559738;2.767241