ydiffs;heights;distances;angles
0.05424325;4;1.450147;2.14217
-0.03045847;3.443401;2.01381;-0.8665212
0.05415755;3.795469;1.840998;1.685012
-0.007731222;3.094477;1.920678;-0.2306289
-0.09782811;3.552541;2.040118;-2.745356
-0.005889466;3.637778;1.464383;-0.2304313
-0.1738028;3.357631;1.452981;-6.821201
-0.03385033;4;2.233794;-0.8681788
0.2278418;3.656348;1.323189;9.770035