ydiffs;heights;distances;angles
0.267986;3.772185;1.724102;8.835077
0.3619412;4;1.877601;10.91096
0.1490771;3.441334;1.68228;5.064101
0.1161763;3.841504;1.949163;3.410976
0.2473538;3.918521;2.153787;6.551487
0.3944091;4;1.562953;14.16282
0.3343239;3.147303;2.411979;7.891474
0.2275373;3.85431;1.592259;8.132632
0.3064319;3.702531;1.670698;10.39341