ydiffs;heights;distances;angles
-2.599241;3.852168;1.900117;-53.83216
-1.990736;3.62658;2.046451;-44.20935
-0.6476262;3.909184;2.142;-16.82251
-0.7300705;3.596789;1.92906;-20.72961
-1.747036;4;1.382119;-51.65169
-1.065658;3.514356;2.043229;-27.54455
0.03019536;3.767317;1.64786;1.04977
-0.3410692;4;1.896816;-10.19351
-0.942073;3.6637;2.148343;-23.67801