ydiffs;heights;distances;angles
-0.6842034;3.509355;1.752034;-21.33162
-0.0395765;4;2.383421;-0.9513041
-0.5111117;3.527415;1.708828;-16.65197
-1.500054;3.446432;1.863148;-38.83818
-1.4029;4;1.607167;-41.11779
-0.4062438;3.761212;1.412727;-16.04312
-0.8852158;3.968202;1.804358;-26.13251
-2.445391;3.778253;1.55406;-57.56382
-2.200886;4;1.939427;-48.61341