ydiffs;heights;distances;angles
-1.701601;3.838078;1.610858;-46.5692
1.247795;3.86603;1.191863;46.31333
0.1898246;3.985473;1.881319;5.76163
-0.1661778;3.580579;1.853351;-5.123633
0.2440043;3.992629;1.601141;8.664867
0.4929818;3.175239;1.796144;15.34785
0.2510124;4;1.688593;8.455206
0.2317978;3.73625;1.566331;8.417975
0.2457686;4;1.371329;10.16064