ydiffs;heights;distances;angles
0.01707239;3.731502;1.726184;0.5666511
-0.0647199;3.529541;1.37308;-2.69863
0.2276481;4;1.472023;8.791139
0.07715199;3.536086;1.414132;3.122838
-0.09475623;3.92457;1.342903;-4.036141
-0.04050067;3.062353;2.010783;-1.153881
-0.006815977;3.337678;1.540526;-0.2535005
0.02750127;3.876503;1.858168;0.8479276
0.0857042;3.510457;1.960702;2.502861