{
    "name": "root",
    "gauges": {
        "Generator.Policy.Entropy.mean": {
            "value": 0.9109593033790588,
            "min": 0.9109593033790588,
            "max": 1.4405043125152588,
            "count": 116
        },
        "Generator.Policy.Entropy.sum": {
            "value": 874.5209350585938,
            "min": 874.5209350585938,
            "max": 1612.86279296875,
            "count": 116
        },
        "Generator.Environment.EpisodeLength.mean": {
            "value": 9.0,
            "min": 9.0,
            "max": 9.0,
            "count": 116
        },
        "Generator.Environment.EpisodeLength.sum": {
            "value": 864.0,
            "min": 864.0,
            "max": 1008.0,
            "count": 116
        },
        "Generator.Step.mean": {
            "value": 115990.0,
            "min": 990.0,
            "max": 115990.0,
            "count": 116
        },
        "Generator.Step.sum": {
            "value": 115990.0,
            "min": 990.0,
            "max": 115990.0,
            "count": 116
        },
        "Generator.Policy.ExtrinsicValueEstimate.mean": {
            "value": 1.3048456907272339,
            "min": 0.05207959562540054,
            "max": 1.4999028444290161,
            "count": 116
        },
        "Generator.Policy.ExtrinsicValueEstimate.sum": {
            "value": 130.4845733642578,
            "min": 5.155879974365234,
            "max": 149.9902801513672,
            "count": 116
        },
        "Generator.Environment.CumulativeReward.mean": {
            "value": 0.45000001788139343,
            "min": 0.133799998331815,
            "max": 0.45000001788139343,
            "count": 116
        },
        "Generator.Environment.CumulativeReward.sum": {
            "value": 45.00000178813934,
            "min": 13.3799998331815,
            "max": 45.00000178813934,
            "count": 116
        },
        "Generator.Policy.ExtrinsicReward.mean": {
            "value": 0.45000001788139343,
            "min": 0.133799998331815,
            "max": 0.45000001788139343,
            "count": 116
        },
        "Generator.Policy.ExtrinsicReward.sum": {
            "value": 45.00000178813934,
            "min": 13.3799998331815,
            "max": 45.00000178813934,
            "count": 116
        },
        "Generator.IsTraining.mean": {
            "value": 1.0,
            "min": 1.0,
            "max": 1.0,
            "count": 116
        },
        "Generator.IsTraining.sum": {
            "value": 1.0,
            "min": 1.0,
            "max": 1.0,
            "count": 116
        },
        "Generator.Losses.PolicyLoss.mean": {
            "value": 0.06301786536278087,
            "min": 0.048607861269071385,
            "max": 0.09246857012234007,
            "count": 55
        },
        "Generator.Losses.PolicyLoss.sum": {
            "value": 0.06301786536278087,
            "min": 0.048607861269071385,
            "max": 0.09246857012234007,
            "count": 55
        },
        "Generator.Losses.ValueLoss.mean": {
            "value": 7.024624761697851e-05,
            "min": 3.8758879820003735e-05,
            "max": 3.8784119014938674,
            "count": 55
        },
        "Generator.Losses.ValueLoss.sum": {
            "value": 7.024624761697851e-05,
            "min": 3.8758879820003735e-05,
            "max": 3.8784119014938674,
            "count": 55
        },
        "Generator.Policy.LearningRate.mean": {
            "value": 0.00061696002288,
            "min": 0.00061696002288,
            "max": 0.000796672000416,
            "count": 55
        },
        "Generator.Policy.LearningRate.sum": {
            "value": 0.00061696002288,
            "min": 0.00061696002288,
            "max": 0.000796672000416,
            "count": 55
        },
        "Generator.Policy.Epsilon.mean": {
            "value": 0.17711999999999997,
            "min": 0.17711999999999997,
            "max": 0.199584,
            "count": 55
        },
        "Generator.Policy.Epsilon.sum": {
            "value": 0.17711999999999997,
            "min": 0.17711999999999997,
            "max": 0.199584,
            "count": 55
        },
        "Generator.Policy.Beta.mean": {
            "value": 0.00023364799999999996,
            "min": 0.00023364799999999996,
            "max": 0.00029879360000000004,
            "count": 55
        },
        "Generator.Policy.Beta.sum": {
            "value": 0.00023364799999999996,
            "min": 0.00023364799999999996,
            "max": 0.00029879360000000004,
            "count": 55
        }
    },
    "metadata": {
        "timer_format_version": "0.1.0",
        "start_time_seconds": "1682262229",
        "python_version": "3.9.2 (default, Feb 28 2021, 17:03:44) \n[GCC 10.2.1 20210110]",
        "command_line_arguments": "/home/bears_bears/Unity_env/bin/mlagents-learn ARLPCG.yaml --run-id G7 --force",
        "mlagents_version": "0.30.0",
        "mlagents_envs_version": "0.30.0",
        "communication_protocol_version": "1.5.0",
        "pytorch_version": "1.11.0+cu102",
        "numpy_version": "1.21.2",
        "end_time_seconds": "1682262518"
    },
    "total": 289.006937372993,
    "count": 1,
    "self": 0.009114838991081342,
    "children": {
        "run_training.setup": {
            "total": 0.03590492601506412,
            "count": 1,
            "self": 0.03590492601506412
        },
        "TrainerController.start_learning": {
            "total": 288.96191760798683,
            "count": 1,
            "self": 0.24222498081508093,
            "children": {
                "TrainerController._reset_env": {
                    "total": 35.72103945398703,
                    "count": 1,
                    "self": 35.72103945398703
                },
                "TrainerController.advance": {
                    "total": 252.88627873919904,
                    "count": 7280,
                    "self": 0.2748484465992078,
                    "children": {
                        "env_step": {
                            "total": 170.2321620809671,
                            "count": 7280,
                            "self": 156.91610263538314,
                            "children": {
                                "SubprocessEnvManager._take_step": {
                                    "total": 13.17148779478157,
                                    "count": 7280,
                                    "self": 0.9495240445830859,
                                    "children": {
                                        "TorchPolicy.evaluate": {
                                            "total": 12.221963750198483,
                                            "count": 7280,
                                            "self": 12.221963750198483
                                        }
                                    }
                                },
                                "workers": {
                                    "total": 0.14457165080239065,
                                    "count": 7280,
                                    "self": 0.0,
                                    "children": {
                                        "worker_root": {
                                            "total": 287.8496976586466,
                                            "count": 7280,
                                            "is_parallel": true,
                                            "self": 149.59588938369416,
                                            "children": {
                                                "run_training.setup": {
                                                    "total": 0.0,
                                                    "count": 0,
                                                    "is_parallel": true,
                                                    "self": 0.0,