{
    "name": "root",
    "gauges": {
        "Solver.Policy.Entropy.mean": {
            "value": 0.21024304628372192,
            "min": 0.18126718699932098,
            "max": 0.2892439365386963,
            "count": 1475
        },
        "Solver.Policy.Entropy.sum": {
            "value": 232.31857299804688,
            "min": 25.907482147216797,
            "max": 3778.97216796875,
            "count": 1475
        },
        "Solver.Score.mean": {
            "value": 8.294117647058824,
            "min": 0.06099290780141844,
            "max": 10.0,
            "count": 1473
        },
        "Solver.Score.sum": {
            "value": 141.0,
            "min": 1.0,
            "max": 628.0,
            "count": 1473
        },
        "Solver.Episode.mean": {
            "value": 1.0,
            "min": 1.0,
            "max": 1.0,
            "count": 1218
        },
        "Solver.Episode.sum": {
            "value": 1.0,
            "min": 1.0,
            "max": 1.0,
            "count": 1218
        },
        "Solver.Environment.LessonNumber.aux_input.mean": {
            "value": 0.0,
            "min": 0.0,
            "max": 0.0,
            "count": 1473
        },
        "Solver.Environment.LessonNumber.aux_input.sum": {
            "value": 0.0,
            "min": 0.0,
            "max": 0.0,
            "count": 1473
        },
        "Solver.Environment.EpisodeLength.mean": {
            "value": 68.6470588235294,
            "min": 17.345454545454544,
            "max": 80.17647058823529,
            "count": 1473
        },
        "Solver.Environment.EpisodeLength.sum": {
            "value": 1167.0,
            "min": 21.0,
            "max": 4949.0,
            "count": 1473
        },
        "Solver.Step.mean": {
            "value": 1483950.0,
            "min": 989.0,
            "max": 1483950.0,
            "count": 1484
        },
        "Solver.Step.sum": {
            "value": 1483950.0,
            "min": 989.0,
            "max": 1483950.0,
            "count": 1484
        },
        "Solver.Policy.ExtrinsicValueEstimate.mean": {
            "value": 2.2110915184020996,
            "min": 1.9874403476715088,
            "max": 18.242313385009766,
            "count": 1484
        },
        "Solver.Policy.ExtrinsicValueEstimate.sum": {
            "value": 57.488380432128906,
            "min": 41.35124969482422,
            "max": 747.934814453125,
            "count": 1484
        },
        "Solver.Environment.CumulativeReward.mean": {
            "value": 3.3672219945324793,
            "min": 0.8955555447825679,
            "max": 4.021090674400329,
            "count": 1470
        },
        "Solver.Environment.CumulativeReward.sum": {
            "value": 60.609995901584625,
            "min": 1.0999999046325684,
            "max": 221.15998709201813,
            "count": 1470
        },
        "Solver.Policy.ExtrinsicReward.mean": {
            "value": 3.3672219945324793,
            "min": 0.8955555447825679,
            "max": 4.021090674400329,
            "count": 1470
        },
        "Solver.Policy.ExtrinsicReward.sum": {
            "value": 60.609995901584625,
            "min": 1.0999999046325684,
            "max": 221.15998709201813,
            "count": 1470
        },
        "Solver.IsTraining.mean": {
            "value": 0.0,
            "min": 0.0,
            "max": 0.0,
            "count": 1484
        },
        "Solver.IsTraining.sum": {
            "value": 0.0,
            "min": 0.0,
            "max": 0.0,
            "count": 1484
        }
    },
    "metadata": {
        "timer_format_version": "0.1.0",
        "start_time_seconds": "1683987132",
        "python_version": "3.9.13 (tags/v3.9.13:6de2ca5, May 17 2022, 16:36:42) [MSC v.1929 64 bit (AMD64)]",
        "command_line_arguments": "C:\\Users\\Kevinn\\test_ml_env\\Scripts\\mlagents-learn inference.yaml --num-envs=10 --run-id=InferCurr42d_0.5 --env=Z:\\Git\\Flappy_bird\\Builds\\Windows\\Inference\\Flappy_bird.exe --no-graphics --torch-device=cuda --time-scale=1 --inference --initialize-from=Curr42d --force",
        "mlagents_version": "0.30.0",
        "mlagents_envs_version": "0.30.0",
        "communication_protocol_version": "1.5.0",
        "pytorch_version": "2.0.1+cu118",
        "numpy_version": "1.21.2",
        "end_time_seconds": "1683988399"
    },
    "total": 1267.5001725,
    "count": 1,
    "self": 3.730648100000053,
    "children": {
        "run_training.setup": {
            "total": 2.209848,
            "count": 1,
            "self": 2.209848
        },
        "TrainerController.start_learning": {
            "total": 1261.5596764,
            "count": 1,
            "self": 1.9051308999892171,
            "children": {
                "TrainerController._reset_env": {
                    "total": 6.8074611,
                    "count": 1,
                    "self": 6.8074611
                },
                "TrainerController.advance": {
                    "total": 1252.8470483000108,
                    "count": 29522,
                    "self": 4.842079800012698,
                    "children": {
                        "env_step": {
                            "total": 1248.004968499998,
                            "count": 29522,
                            "self": 963.1870234000023,
                            "children": {
                                "SubprocessEnvManager._take_step": {
                                    "total": 283.5056397999918,
                                    "count": 40909,
                                    "self": 4.6132028999925865,
                                    "children": {
                                        "TorchPolicy.evaluate": {
                                            "total": 278.8924368999992,
                                            "count": 23113,
                                            "self": 278.8924368999992
                                        }
                                    }
                                },
                                "workers": {
                                    "total": 1.3123053000039082,
                                    "count": 29521,
                                    "self": 0.0,
                                    "children": {
                                        "worker_root": {
                                            "total": 12564.988317900012,
                                            "count": 40899,
                                            "is_parallel": true,
                                            "self": 3842.382018199998,
                                            "children": {
                                                "steps_from_proto": {
                                                    "total": 0.3023265000000004,
                                                    "count": 10,
                                                    "is_parallel": true,
                                                    "self": 0.004695100000001062,
                                                    "children": {
                                                        "_process_maybe_compressed_observation": {
                                                            "total": 0.28073309999999996,
                                                            "count": 20,
                                                            "is_parallel": true,
                                                            "self": 0.01363069999998956,