{
    "name": "root",
    "gauges": {
        "Solver.Policy.Entropy.mean": {
            "value": 0.12173549830913544,
            "min": 0.0740659162402153,
            "max": 0.13524900376796722,
            "count": 43
        },
        "Solver.Policy.Entropy.sum": {
            "value": 124.65715026855469,
            "min": 42.66196823120117,
            "max": 155.80685424804688,
            "count": 43
        },
        "Solver.Environment.EpisodeLength.mean": {
            "value": 99.0,
            "min": 40.2,
            "max": 99.0,
            "count": 43
        },
        "Solver.Environment.EpisodeLength.sum": {
            "value": 594.0,
            "min": 201.0,
            "max": 1584.0,
            "count": 43
        },
        "Solver.Step.mean": {
            "value": 227984.0,
            "min": 185993.0,
            "max": 227984.0,
            "count": 43
        },
        "Solver.Step.sum": {
            "value": 227984.0,
            "min": 185993.0,
            "max": 227984.0,
            "count": 43
        },
        "Solver.Policy.ExtrinsicValueEstimate.mean": {
            "value": 0.5081273317337036,
            "min": 0.40324097871780396,
            "max": 0.6604706048965454,
            "count": 43
        },
        "Solver.Policy.ExtrinsicValueEstimate.sum": {
            "value": 9.6544189453125,
            "min": 3.2259278297424316,
            "max": 15.190823554992676,
            "count": 43
        },
        "Solver.Environment.CumulativeReward.mean": {
            "value": 0.4968750197440386,
            "min": -0.7389999866485596,
            "max": 0.907187532633543,
            "count": 43
        },
        "Solver.Environment.CumulativeReward.sum": {
            "value": 3.9750001579523087,
            "min": -3.694999933242798,
            "max": 14.515000522136688,
            "count": 43
        },
        "Solver.Policy.ExtrinsicReward.mean": {
            "value": 0.4968750197440386,
            "min": -0.7389999866485596,
            "max": 0.907187532633543,
            "count": 43
        },
        "Solver.Policy.ExtrinsicReward.sum": {
            "value": 3.9750001579523087,
            "min": -3.694999933242798,
            "max": 14.515000522136688,
            "count": 43
        },
        "Solver.IsTraining.mean": {
            "value": 1.0,
            "min": 1.0,
            "max": 1.0,
            "count": 43
        },
        "Solver.IsTraining.sum": {
            "value": 1.0,
            "min": 1.0,
            "max": 1.0,
            "count": 43
        },
        "Solver.Losses.PolicyLoss.mean": {
            "value": 0.06643813231494278,
            "min": 0.05100699306543296,
            "max": 0.09044610328661899,
            "count": 19
        },
        "Solver.Losses.PolicyLoss.sum": {
            "value": 0.06643813231494278,
            "min": 0.05100699306543296,
            "max": 0.09044610328661899,
            "count": 19
        },
        "Solver.Losses.ValueLoss.mean": {
            "value": 4.634299758284518e-05,
            "min": 1.1894164738161331e-05,
            "max": 0.054150056542345774,
            "count": 19
        },
        "Solver.Losses.ValueLoss.sum": {
            "value": 4.634299758284518e-05,
            "min": 1.1894164738161331e-05,
            "max": 0.054150056542345774,
            "count": 19
        },
        "Solver.Policy.LearningRate.mean": {
            "value": 0.00016420804526400004,
            "min": 0.00016420804526400004,
            "max": 0.00018719463760179993,
            "count": 19
        },
        "Solver.Policy.LearningRate.sum": {
            "value": 0.00016420804526400004,
            "min": 0.00016420804526400004,
            "max": 0.00018719463760179993,
            "count": 19
        },
        "Solver.Policy.Epsilon.mean": {
            "value": 0.154736,
            "min": 0.154736,
            "max": 0.16239820000000002,
            "count": 19
        },
        "Solver.Policy.Epsilon.sum": {
            "value": 0.154736,
            "min": 0.154736,
            "max": 0.16239820000000002,
            "count": 19
        },
        "Solver.Policy.Beta.mean": {
            "value": 0.0027413264000000007,
            "min": 0.0027413264000000007,
            "max": 0.0031236701800000013,
            "count": 19
        },
        "Solver.Policy.Beta.sum": {
            "value": 0.0027413264000000007,
            "min": 0.0027413264000000007,
            "max": 0.0031236701800000013,
            "count": 19
        }
    },
    "metadata": {
        "timer_format_version": "0.1.0",
        "start_time_seconds": "1682281987",
        "python_version": "3.9.2 (default, Feb 28 2021, 17:03:44) \n[GCC 10.2.1 20210110]",
        "command_line_arguments": "/home/bears_bears/Unity_env/bin/mlagents-learn ARLPCG.yaml --run-id ARL_v0.4 --resume",
        "mlagents_version": "0.30.0",
        "mlagents_envs_version": "0.30.0",
        "communication_protocol_version": "1.5.0",
        "pytorch_version": "1.11.0+cu102",
        "numpy_version": "1.21.2",
        "end_time_seconds": "1682282182"
    },
    "total": 194.57328309500008,
    "count": 1,
    "self": 0.009748644020874053,
    "children": {
        "run_training.setup": {
            "total": 0.02969848198699765,
            "count": 1,
            "self": 0.02969848198699765
        },
        "TrainerController.start_learning": {
            "total": 194.5338359689922,
            "count": 1,
            "self": 0.09090093322447501,
            "children": {
                "TrainerController._reset_env": {
                    "total": 38.59299078898039,
                    "count": 1,
                    "self": 38.59299078898039
                },
                "TrainerController.advance": {
                    "total": 155.69455378281418,
                    "count": 3015,
                    "self": 0.12247221104917116,
                    "children": {
                        "env_step": {
                            "total": 134.3908931555925,
                            "count": 3015,
                            "self": 127.92768567812163,
                            "children": {
                                "SubprocessEnvManager._take_step": {
                                    "total": 6.409845681482693,
                                    "count": 3015,
                                    "self": 0.3557397416443564,
                                    "children": {
                                        "TorchPolicy.evaluate": {
                                            "total": 6.054105939838337,
                                            "count": 2915,
                                            "self": 6.054105939838337
                                        }
                                    }
                                },
                                "workers": {
                                    "total": 0.053361795988166705,
                                    "count": 3014,
                                    "self": 0.0,
                                    "children": {
                                        "worker_root": {
                                            "total": 134.15205418944242,
                                            "count": 3014,
                                            "is_parallel": true,
                                            "self": 73.11172178460401,
                                            "children": {
                                                "run_training.setup": {
                                                    "total": 0.0,
                                                    "count": 0,
                                                    "is_parallel": true,
                                                    "self": 0.0,