{
    "name": "root",
    "gauges": {
        "Solver.Policy.Entropy.mean": {
            "value": 0.14739517867565155,
            "min": 0.09274829924106598,
            "max": 0.2728199362754822,
            "count": 1036
        },
        "Solver.Policy.Entropy.sum": {
            "value": 143.71029663085938,
            "min": 6.246215343475342,
            "max": 3138.702392578125,
            "count": 1036
        },
        "Solver.Score.mean": {
            "value": 7.866666666666666,
            "min": 0.07909604519774012,
            "max": 10.0,
            "count": 1034
        },
        "Solver.Score.sum": {
            "value": 118.0,
            "min": 1.0,
            "max": 908.0,
            "count": 1034
        },
        "Solver.Episode.mean": {
            "value": 1.0,
            "min": 1.0,
            "max": 1.0,
            "count": 874
        },
        "Solver.Episode.sum": {
            "value": 1.0,
            "min": 1.0,
            "max": 1.0,
            "count": 874
        },
        "Solver.Environment.LessonNumber.aux_input.mean": {
            "value": 0.0,
            "min": 0.0,
            "max": 0.0,
            "count": 1033
        },
        "Solver.Environment.LessonNumber.aux_input.sum": {
            "value": 0.0,
            "min": 0.0,
            "max": 0.0,
            "count": 1033
        },
        "Solver.Environment.EpisodeLength.mean": {
            "value": 59.53333333333333,
            "min": 16.0,
            "max": 73.0,
            "count": 1034
        },
        "Solver.Environment.EpisodeLength.sum": {
            "value": 893.0,
            "min": 16.0,
            "max": 6707.0,
            "count": 1034
        },
        "Solver.Step.mean": {
            "value": 1045994.0,
            "min": 993.0,
            "max": 1045994.0,
            "count": 1046
        },
        "Solver.Step.sum": {
            "value": 1045994.0,
            "min": 993.0,
            "max": 1045994.0,
            "count": 1046
        },
        "Solver.Policy.ExtrinsicValueEstimate.mean": {
            "value": 2.1374545097351074,
            "min": 1.58655846118927,
            "max": 3.1472384929656982,
            "count": 1046
        },
        "Solver.Policy.ExtrinsicValueEstimate.sum": {
            "value": 70.53599548339844,
            "min": 44.443904876708984,
            "max": 156.73965454101562,
            "count": 1046
        },
        "Solver.Environment.CumulativeReward.mean": {
            "value": 3.0633331565629867,
            "min": 0.8499999642372131,
            "max": 3.7999998331069946,
            "count": 1029
        },
        "Solver.Environment.CumulativeReward.sum": {
            "value": 64.32999628782272,
            "min": 0.8499999642372131,
            "max": 336.05998143553734,
            "count": 1029
        },
        "Solver.Policy.ExtrinsicReward.mean": {
            "value": 3.0633331565629867,
            "min": 0.8499999642372131,
            "max": 3.7999998331069946,
            "count": 1029
        },
        "Solver.Policy.ExtrinsicReward.sum": {
            "value": 64.32999628782272,
            "min": 0.8499999642372131,
            "max": 336.05998143553734,
            "count": 1029
        },
        "Solver.IsTraining.mean": {
            "value": 0.0,
            "min": 0.0,
            "max": 0.0,
            "count": 1046
        },
        "Solver.IsTraining.sum": {
            "value": 0.0,
            "min": 0.0,
            "max": 0.0,
            "count": 1046
        }
    },
    "metadata": {
        "timer_format_version": "0.1.0",
        "start_time_seconds": "1683999915",
        "python_version": "3.9.13 (tags/v3.9.13:6de2ca5, May 17 2022, 16:36:42) [MSC v.1929 64 bit (AMD64)]",
        "command_line_arguments": "C:\\Users\\Kevinn\\test_ml_env\\Scripts\\mlagents-learn inference.yaml --num-envs=10 --run-id=InferPCG_Const_1_aux_-1 --env=Z:\\Git\\Flappy_bird\\Builds\\Windows\\Inference\\Flappy_bird.exe --no-graphics --torch-device=cuda --time-scale=1 --inference --initialize-from=PCG_Const_1",
        "mlagents_version": "0.30.0",
        "mlagents_envs_version": "0.30.0",
        "communication_protocol_version": "1.5.0",
        "pytorch_version": "2.0.1+cu118",
        "numpy_version": "1.21.2",
        "end_time_seconds": "1684000620"
    },
    "total": 704.1209152,
    "count": 1,
    "self": 2.822913500000027,
    "children": {
        "run_training.setup": {
            "total": 2.2069689,
            "count": 1,
            "self": 2.2069689
        },
        "TrainerController.start_learning": {
            "total": 699.0910328,
            "count": 1,
            "self": 1.4058195999989493,
            "children": {
                "TrainerController._reset_env": {
                    "total": 6.738896799999999,
                    "count": 1,
                    "self": 6.738896799999999
                },
                "TrainerController.advance": {
                    "total": 690.9462745000011,
                    "count": 21918,
                    "self": 3.5078911000071002,
                    "children": {
                        "env_step": {
                            "total": 687.438383399994,
                            "count": 21918,
                            "self": 508.22514459999127,
                            "children": {
                                "SubprocessEnvManager._take_step": {
                                    "total": 178.36851030000258,
                                    "count": 30005,
                                    "self": 2.995876500006375,
                                    "children": {
                                        "TorchPolicy.evaluate": {
                                            "total": 175.3726337999962,
                                            "count": 16348,
                                            "self": 175.3726337999962
                                        }
                                    }
                                },
                                "workers": {
                                    "total": 0.844728500000171,
                                    "count": 21917,
                                    "self": 0.0,
                                    "children": {
                                        "worker_root": {
                                            "total": 6943.003601399933,
                                            "count": 29996,
                                            "is_parallel": true,
                                            "self": 844.3146985999701,
                                            "children": {
                                                "steps_from_proto": {
                                                    "total": 0.3268234999999988,
                                                    "count": 10,
                                                    "is_parallel": true,
                                                    "self": 0.004501099999997038,
                                                    "children": {
                                                        "_process_maybe_compressed_observation": {
                                                            "total": 0.305442600000001,
                                                            "count": 20,
                                                            "is_parallel": true,
                                                            "self": 0.013919000000011117,