{
    "name": "root",
    "gauges": {
        "Solver.Policy.Entropy.mean": {
            "value": 0.08261142671108246,
            "min": 0.06046001985669136,
            "max": 0.6922701597213745,
            "count": 942
        },
        "Solver.Policy.Entropy.sum": {
            "value": 120.44746398925781,
            "min": 38.43427276611328,
            "max": 916.458740234375,
            "count": 942
        },
        "Solver.Environment.EpisodeLength.mean": {
            "value": 44.851851851851855,
            "min": 18.692307692307693,
            "max": 70.76190476190476,
            "count": 942
        },
        "Solver.Environment.EpisodeLength.sum": {
            "value": 1211.0,
            "min": 510.0,
            "max": 1628.0,
            "count": 942
        },
        "Solver.Step.mean": {
            "value": 941973.0,
            "min": 993.0,
            "max": 941973.0,
            "count": 942
        },
        "Solver.Step.sum": {
            "value": 941973.0,
            "min": 993.0,
            "max": 941973.0,
            "count": 942
        },
        "Solver.Policy.ExtrinsicValueEstimate.mean": {
            "value": -0.46598973870277405,
            "min": -0.8188525438308716,
            "max": 1.112534523010254,
            "count": 942
        },
        "Solver.Policy.ExtrinsicValueEstimate.sum": {
            "value": -12.11573314666748,
            "min": -30.67618179321289,
            "max": 54.4506950378418,
            "count": 942
        },
        "Solver.Environment.CumulativeReward.mean": {
            "value": -0.6166739023250082,
            "min": -0.9845450906192555,
            "max": -0.09409995990640976,
            "count": 942
        },
        "Solver.Environment.CumulativeReward.sum": {
            "value": -14.18349975347519,
            "min": -50.21179962158203,
            "max": -1.599699318408966,
            "count": 942
        },
        "Solver.Policy.ExtrinsicReward.mean": {
            "value": -0.6166739023250082,
            "min": -0.9845450906192555,
            "max": -0.09409995990640976,
            "count": 942
        },
        "Solver.Policy.ExtrinsicReward.sum": {
            "value": -14.18349975347519,
            "min": -50.21179962158203,
            "max": -1.599699318408966,
            "count": 942
        },
        "Solver.Score.mean": {
            "value": 4.547445255474453,
            "min": 1.0,
            "max": 6.63855421686747,
            "count": 942
        },
        "Solver.Score.sum": {
            "value": 623.0,
            "min": 9.0,
            "max": 770.0,
            "count": 942
        },
        "Solver.IsTraining.mean": {
            "value": 1.0,
            "min": 1.0,
            "max": 1.0,
            "count": 942
        },
        "Solver.IsTraining.sum": {
            "value": 1.0,
            "min": 1.0,
            "max": 1.0,
            "count": 942
        },
        "Solver.Losses.PolicyLoss.mean": {
            "value": 0.05831597693031654,
            "min": 0.04878708646477511,
            "max": 0.09443627930401514,
            "count": 451
        },
        "Solver.Losses.PolicyLoss.sum": {
            "value": 0.05831597693031654,
            "min": 0.04878708646477511,
            "max": 0.09443627930401514,
            "count": 451
        },
        "Solver.Losses.ValueLoss.mean": {
            "value": 0.02985959849320352,
            "min": 0.008008021453861147,
            "max": 0.33102751181771356,
            "count": 451
        },
        "Solver.Losses.ValueLoss.sum": {
            "value": 0.02985959849320352,
            "min": 0.008008021453861147,
            "max": 0.33102751181771356,
            "count": 451
        },
        "Solver.Policy.LearningRate.mean": {
            "value": 0.00011161546279486665,
            "min": 0.00011161546279486665,
            "max": 0.00029958960013679996,
            "count": 451
        },
        "Solver.Policy.LearningRate.sum": {
            "value": 0.00011161546279486665,
            "min": 0.00011161546279486665,
            "max": 0.00029958960013679996,
            "count": 451
        },
        "Solver.Policy.Epsilon.mean": {
            "value": 0.1372051333333333,
            "min": 0.1372051333333333,
            "max": 0.19986320000000002,
            "count": 451
        },
        "Solver.Policy.Epsilon.sum": {
            "value": 0.1372051333333333,
            "min": 0.1372051333333333,
            "max": 0.19986320000000002,
            "count": 451
        },
        "Solver.Policy.Beta.mean": {
            "value": 0.00011789488666666664,
            "min": 0.00011789488666666664,
            "max": 0.00029960328,
            "count": 451
        },
        "Solver.Policy.Beta.sum": {
            "value": 0.00011789488666666664,
            "min": 0.00011789488666666664,
            "max": 0.00029960328,
            "count": 451
        }
    },
    "metadata": {
        "timer_format_version": "0.1.0",
        "start_time_seconds": "1682852714",
        "python_version": "3.9.2 (default, Feb 28 2021, 17:03:44) \n[GCC 10.2.1 20210110]",
        "command_line_arguments": "/home/bears_bears/Unity_env/bin/mlagents-learn ARLPCG_rand_6.yaml --num-envs 40 --run-id rand6 --env /home/bears_bears/Unity_projects/Flappy_bird/Builds/Linux_server/6_rand/Flappy_bird_RL_rand_6.x86_64 --no-graphics --time-scale 20",
        "mlagents_version": "0.30.0",
        "mlagents_envs_version": "0.30.0",
        "communication_protocol_version": "1.5.0",
        "pytorch_version": "1.11.0+cu102",
        "numpy_version": "1.21.2",
        "end_time_seconds": "1682859638"
    },
    "total": 6924.221234705001,
    "count": 1,
    "self": 13.523067444002663,
    "children": {
        "run_training.setup": {
            "total": 0.8963593320004293,
            "count": 1,
            "self": 0.8963593320004293
        },
        "TrainerController.start_learning": {
            "total": 6909.801807928998,
            "count": 1,
            "self": 4.787278293821146,
            "children": {
                "TrainerController._reset_env": {
                    "total": 31.4630161770001,
                    "count": 1,
                    "self": 31.4630161770001
                },
                "TrainerController.advance": {
                    "total": 6871.035232077174,
                    "count": 23968,
                    "self": 0.6692497115072911,
                    "children": {
                        "env_step": {
                            "total": 6870.365982365667,
                            "count": 23968,
                            "self": 896.2143390197198,
                            "children": {
                                "SubprocessEnvManager._take_step": {
                                    "total": 5965.797724982265,
                                    "count": 958555,
                                    "self": 143.74479236000843,
                                    "children": {
                                        "TorchPolicy.evaluate": {
                                            "total": 5822.052932622257,
                                            "count": 943838,
                                            "self": 5822.052932622257
                                        }
                                    }
                                },
                                "workers": {
                                    "total": 8.353918363682169,
                                    "count": 23967,
                                    "self": 0.0,
                                    "children": {
                                        "worker_root": {
                                            "total": 276258.20107369067,
                                            "count": 958547,
                                            "is_parallel": true,