{"count":1,"self":189.2690304,"total":4011.8782898,"children":{"InitializeActuators":{"count":41,"self":0.0019944999999999997,"total":0.0019944999999999997,"children":null},"InitializeSensors":{"count":41,"self":0.0109979,"total":0.0109979,"children":null},"AgentSendState":{"count":36556,"self":17.5069888,"total":1030.8171201999999,"children":{"GridSensor.Update":{"count":299792,"self":914.58836479999991,"total":914.5883805,"children":null},"CollectObservations":{"count":299792,"self":1.678658,"total":1.6786580999999998,"children":null},"WriteActionMask":{"count":299792,"self":0.404951,"total":0.404951,"children":null},"RequestDecision":{"count":299792,"self":0.96759109999999993,"total":96.638141499999989,"children":{"AgentInfo.ToProto":{"count":299792,"self":1.9901672,"total":95.6705504,"children":{"GenerateSensorData":{"count":299792,"self":39.2093856,"total":93.6803833,"children":{"GridSensor.Write":{"count":299792,"self":53.284518399999996,"total":53.2845188,"children":null},"RayPerceptionSensor.Perceive":{"count":299792,"self":1.1864797999999999,"total":1.1864797999999999,"children":null}}}}}}}}},"DecideAction":{"count":36556,"self":2787.8084608,"total":2787.8084117,"children":null},"AgentAct":{"count":36556,"self":2.9406524,"total":3.5943305,"children":{"AgentInfo.ToProto":{"count":2395,"self":0.0099854,"total":0.65367809999999993,"children":{"GenerateSensorData":{"count":2395,"self":0.21217709999999998,"total":0.6436927,"children":{"GridSensor.Write":{"count":2395,"self":0.4185065,"total":0.4185065,"children":null},"RayPerceptionSensor.Perceive":{"count":2395,"self":0.0130091,"total":0.0130091,"children":null}}}}}}},"AgentInfo.ToProto":{"count":1353,"self":0.0096867999999999989,"total":0.37218029999999996,"children":{"GenerateSensorData":{"count":1353,"self":0.1218151,"total":0.36249349999999997,"children":{"GridSensor.Write":{"count":1353,"self":0.2366882,"total":0.2366882,"children":null},"RayPerceptionSensor.Perceive":{"count":1353,"self":0.0039902,"total":0.0039902,"children":null}}}}}},"gauges":{"Solver.CumulativeReward":{"count":3748,"max":5.500008,"min":-1.81000113,"runningAverage":3.575179,"value":4.500008,"weightedAverage":4.19065762}},"metadata":{"timer_format_version":"0.1.0","start_time_seconds":"1683570045","unity_version":"2022.2.11f1","command_line_arguments":"Z:\\Git\\Flappy_bird\\Builds\\Windows\\PCG_1\\Flappy_bird.exe -nographics -batchmode --mlagents-port 5010 -logFile Z:\\Git\\Flappy_bird\\TrainerConfig\\results\\PCG_1\\run_logs\\Player-5.log","communication_protocol_version":"1.5.0","com.unity.ml-agents_version":"2.0.1","scene_name":"RuledPCG","end_time_seconds":"1683574056"}}