{"count":1,"self":33.386086399999996,"total":1253.9512567,"children":{"InitializeActuators":{"count":1,"self":0.0019949,"total":0.0019949,"children":null},"InitializeSensors":{"count":1,"self":0.0059838,"total":0.0059838,"children":null},"AgentSendState":{"count":84566,"self":0.6414972,"total":31.103096599999997,"children":{"GridSensor.Update":{"count":16914,"self":26.471912,"total":26.471912099999997,"children":null},"CollectObservations":{"count":16914,"self":0.06983389999999999,"total":0.06983389999999999,"children":null},"WriteActionMask":{"count":16914,"self":0.0159638,"total":0.0159638,"children":null},"RequestDecision":{"count":16914,"self":0.036485199999999995,"total":3.9038896,"children":{"AgentInfo.ToProto":{"count":16914,"self":0.091002699999999992,"total":3.8674044,"children":{"GenerateSensorData":{"count":16914,"self":1.8950448,"total":3.7764016999999996,"children":{"GridSensor.Write":{"count":16914,"self":1.8232111999999998,"total":1.8232111999999998,"children":null},"RayPerceptionSensor.Perceive":{"count":16914,"self":0.058145699999999995,"total":0.058145699999999995,"children":null}}}}}}}}},"DecideAction":{"count":84566,"self":1189.1928063999999,"total":1189.1928176,"children":null},"AgentAct":{"count":84566,"self":0.17498049999999998,"total":0.1809467,"children":{"AgentInfo.ToProto":{"count":33,"self":0,"total":0.0059662,"children":{"GenerateSensorData":{"count":33,"self":0.0039914,"total":0.0059662,"children":{"GridSensor.Write":{"count":33,"self":0.0019748,"total":0.0019748,"children":null},"RayPerceptionSensor.Perceive":{"count":33,"self":0,"total":0,"children":null}}}}}}},"AgentInfo.ToProto":{"count":383,"self":0,"total":0.0778309,"children":{"GenerateSensorData":{"count":383,"self":0.0292088,"total":0.0778309,"children":{"GridSensor.Write":{"count":383,"self":0.048622099999999994,"total":0.048622099999999994,"children":null},"RayPerceptionSensor.Perceive":{"count":383,"self":0,"total":0,"children":null}}}}}},"gauges":{"Solver.CumulativeReward":{"count":416,"max":5.39000559,"min":-1.17000163,"runningAverage":1.08127367,"value":0.279999137,"weightedAverage":1.6896081}},"metadata":{"timer_format_version":"0.1.0","start_time_seconds":"1683581057","unity_version":"2022.2.11f1","command_line_arguments":"Z:\\Git\\Flappy_bird\\Builds\\Windows\\PCG_1\\Flappy_bird.exe -nographics -batchmode --mlagents-port 5012 -logFile Z:\\Git\\Flappy_bird\\TrainerConfig\\results\\PCG_1\\run_logs\\Player-7.log","communication_protocol_version":"1.5.0","com.unity.ml-agents_version":"2.0.1","scene_name":"RuledPCG","end_time_seconds":"1683582311"}}