{"count":1,"self":109.70195199999999,"total":6360.5992612,"children":{"InitializeActuators":{"count":2,"self":0.0025072,"total":0.0025072,"children":null},"InitializeSensors":{"count":2,"self":0.0049866,"total":0.0049866,"children":null},"AgentInfo.ToProto":{"count":7803,"self":0.028969599999999998,"total":0.13827509999999998,"children":{"GenerateSensorData":{"count":7803,"self":0.093351099999999992,"total":0.1093055,"children":{"RayPerceptionSensor.Perceive":{"count":3901,"self":0.0159544,"total":0.0159544,"children":null}}}}},"AgentSendState":{"count":389613,"self":3.0891234,"total":5.3999312,"children":{"CollectObservations":{"count":86906,"self":0.38128439999999997,"total":0.38128439999999997,"children":null},"WriteActionMask":{"count":86906,"self":0.052464199999999996,"total":0.052464199999999996,"children":null},"RequestDecision":{"count":86906,"self":0.13392779999999999,"total":1.8770592,"children":{"AgentInfo.ToProto":{"count":86906,"self":0.38161219999999996,"total":1.7431314,"children":{"GenerateSensorData":{"count":86906,"self":1.190914,"total":1.3615192,"children":{"RayPerceptionSensor.Perceive":{"count":77923,"self":0.17060519999999998,"total":0.17060519999999998,"children":null}}}}}}}}},"DecideAction":{"count":389613,"self":6243.2608255999994,"total":6243.2606562,"children":null},"AgentAct":{"count":389613,"self":2.0884443999999998,"total":2.0884443999999998,"children":null}},"gauges":{"Generator.CumulativeReward":{"count":3902,"max":4.00000048,"min":-2.00000048,"runningAverage":0.362659335,"value":-0.1,"weightedAverage":-0.07713927},"Solver.CumulativeReward":{"count":3901,"max":2.05080342,"min":-0.9987,"runningAverage":-0.620031953,"value":-0.9958,"weightedAverage":-0.9910569}},"metadata":{"timer_format_version":"0.1.0","start_time_seconds":"1683017344","unity_version":"2022.2.11f1","command_line_arguments":"Z:\\Git\\Flappy_bird\\Builds\\Windows\\Curr14\\Flappy_bird.exe -nographics -batchmode --mlagents-port 5007 -logFile Z:\\Git\\Flappy_bird\\TrainerConfig\\results\\curr14\\run_logs\\Player-2.log","communication_protocol_version":"1.5.0","com.unity.ml-agents_version":"2.0.1","scene_name":"Inference","end_time_seconds":"1683023704"}}