{
    "name": "root",
    "gauges": {
        "Generator.Policy.Entropy.mean": {
            "value": 1.419825553894043,
            "min": 1.4189382791519165,
            "max": 1.419825553894043,
            "count": 18
        },
        "Generator.Policy.Entropy.sum": {
            "value": 357.7960510253906,
            "min": 273.8551330566406,
            "max": 437.0330505371094,
            "count": 18
        },
        "Generator.theta.mean": {
            "value": 0.0639827308422398,
            "min": -0.03060541784525999,
            "max": 0.06766122025606545,
            "count": 18
        },
        "Generator.theta.sum": {
            "value": 16.12364817224443,
            "min": -7.590143625624478,
            "max": 16.12364817224443,
            "count": 18
        },
        "Generator.height.mean": {
            "value": 4.195311036374834,
            "min": 3.9973133510013796,
            "max": 4.630700811820945,
            "count": 18
        },
        "Generator.height.sum": {
            "value": 1057.2183811664581,
            "min": 893.7252566814423,
            "max": 1405.2341666221619,
            "count": 18
        },
        "Generator.distance.mean": {
            "value": 2.7150955857738617,
            "min": 2.5552380342375147,
            "max": 2.7598919520130405,
            "count": 18
        },
        "Generator.distance.sum": {
            "value": 684.2040876150131,
            "min": 527.3949264287949,
            "max": 850.0467212200165,
            "count": 18
        },
        "Generator.Y_difference.mean": {
            "value": 0.2087090349689658,
            "min": -0.12189772320280393,
            "max": 0.2526998111707945,
            "count": 18
        },
        "Generator.Y_difference.sum": {
            "value": 52.59467681217939,
            "min": -30.230635354295373,
            "max": 52.59467681217939,
            "count": 18
        },
        "Generator.Environment.LessonNumber.n_obstacles.mean": {
            "value": 0.0,
            "min": 0.0,
            "max": 0.0,
            "count": 18
        },
        "Generator.Environment.LessonNumber.n_obstacles.sum": {
            "value": 0.0,
            "min": 0.0,
            "max": 0.0,
            "count": 18
        },
        "Generator.Environment.LessonNumber.aux_input.mean": {
            "value": 0.0,
            "min": 0.0,
            "max": 0.0,
            "count": 18
        },
        "Generator.Environment.LessonNumber.aux_input.sum": {
            "value": 0.0,
            "min": 0.0,
            "max": 0.0,
            "count": 18
        },
        "Generator.Environment.EpisodeLength.mean": {
            "value": 2.652173913043478,
            "min": 0.22926829268292684,
            "max": 50.4,
            "count": 18
        },
        "Generator.Environment.EpisodeLength.sum": {
            "value": 183.0,
            "min": 47.0,
            "max": 252.0,
            "count": 18
        },
        "Generator.Step.mean": {
            "value": 4499.0,
            "min": 249.0,
            "max": 4499.0,
            "count": 18
        },
        "Generator.Step.sum": {
            "value": 4499.0,
            "min": 249.0,
            "max": 4499.0,
            "count": 18
        },
        "Generator.Policy.ExtrinsicValueEstimate.mean": {
            "value": -0.1024692952632904,
            "min": -0.9265788197517395,
            "max": -0.1024692952632904,
            "count": 18
        },
        "Generator.Policy.ExtrinsicValueEstimate.sum": {
            "value": -7.070381164550781,
            "min": -30.116806030273438,
            "max": -5.559473037719727,
            "count": 18
        },
        "Generator.Environment.CumulativeReward.mean": {
            "value": 5.056661358778028,
            "min": 0.15030302626617026,
            "max": 5.056661358778028,
            "count": 18
        },
        "Generator.Environment.CumulativeReward.sum": {
            "value": 348.9096337556839,
            "min": 4.739999931305647,
            "max": 423.3197827041149,
            "count": 18
        },
        "Generator.Policy.ExtrinsicReward.mean": {
            "value": 5.056661358778028,
            "min": 0.15030302626617026,
            "max": 5.056661358778028,
            "count": 18
        },
        "Generator.Policy.ExtrinsicReward.sum": {
            "value": 348.9096337556839,
            "min": 4.739999931305647,
            "max": 423.3197827041149,
            "count": 18
        },
        "Generator.Score.mean": {
            "value": 2.6618357487922704,
            "min": 1.2222222222222223,
            "max": 2.6618357487922704,
            "count": 5
        },
        "Generator.Score.sum": {
            "value": 551.0,
            "min": 11.0,
            "max": 551.0,
            "count": 5
        },
        "Generator.IsTraining.mean": {
            "value": 1.0,
            "min": 1.0,
            "max": 1.0,
            "count": 18
        },
        "Generator.IsTraining.sum": {
            "value": 1.0,
            "min": 1.0,
            "max": 1.0,
            "count": 18
        },
        "Generator.Losses.PolicyLoss.mean": {
            "value": 0.038611250929534435,
            "min": 0.038611250929534435,
            "max": 0.038611250929534435,
            "count": 1
        },
        "Generator.Losses.PolicyLoss.sum": {
            "value": 0.038611250929534435,
            "min": 0.038611250929534435,
            "max": 0.038611250929534435,
            "count": 1
        },
        "Generator.Losses.ValueLoss.mean": {
            "value": 3.7671547134717307,
            "min": 3.7671547134717307,
            "max": 3.7671547134717307,
            "count": 1
        },
        "Generator.Losses.ValueLoss.sum": {
            "value": 3.7671547134717307,
            "min": 3.7671547134717307,
            "max": 3.7671547134717307,
            "count": 1
        },
        "Generator.Policy.LearningRate.mean": {
            "value": 0.0028770300040990003,
            "min": 0.0028770300040990003,
            "max": 0.0028770300040990003,
            "count": 1
        },
        "Generator.Policy.LearningRate.sum": {
            "value": 0.0028770300040990003,
            "min": 0.0028770300040990003,
            "max": 0.0028770300040990003,
            "count": 1
        },
        "Generator.Policy.Epsilon.mean": {
            "value": 0.19590100000000002,
            "min": 0.19590100000000002,
            "max": 0.19590100000000002,
            "count": 1
        },
        "Generator.Policy.Epsilon.sum": {
            "value": 0.19590100000000002,
            "min": 0.19590100000000002,
            "max": 0.19590100000000002,
            "count": 1
        },
        "Generator.Policy.Beta.mean": {
            "value": 0.0067134799,
            "min": 0.0067134799,
            "max": 0.0067134799,
            "count": 1
        },
        "Generator.Policy.Beta.sum": {
            "value": 0.0067134799,
            "min": 0.0067134799,
            "max": 0.0067134799,
            "count": 1
        }
    },
    "metadata": {
        "timer_format_version": "0.1.0",
        "start_time_seconds": "1683294552",
        "python_version": "3.9.2 (default, Feb 28 2021, 17:03:44) \n[GCC 10.2.1 20210110]",
        "command_line_arguments": "/home/bears_bears/Unity_env/bin/mlagents-learn ARLPCG_curriculum_6_GPU.yaml --num-envs=1 --run-id=curr30 --torch-device=cuda --time-scale=3 --force",
        "mlagents_version": "0.30.0",
        "mlagents_envs_version": "0.30.0",
        "communication_protocol_version": "1.5.0",
        "pytorch_version": "1.11.0+cu102",
        "numpy_version": "1.21.2",
        "end_time_seconds": "1683295475"
    },
    "total": 922.8303194800028,
    "count": 1,
    "self": 0.016456956996989902,
    "children": {
        "run_training.setup": {
            "total": 0.06871666900406126,
            "count": 1,