ydiffs;heights;distances;angles
-1.726751;3.152097;2.157854;-38.66738
0.8206584;3.139665;2.076197;21.5674
2.253852;3.533973;2.424066;42.91612
1.074916;3.584089;1.998022;28.2798
0.1475667;3.439518;2.003774;4.211909
0.2474268;3.781188;2.239008;6.306017
0.2297408;3.415559;2.653753;4.947875
0.1870661;3.522248;1.82773;5.843811
0.2829743;3.769583;2.231945;7.225623