ydiffs;heights;distances;angles
-1.534585;3.595132;2.611472;-30.43987
-0.7524987;3.372913;2.030525;-20.33436
-0.2030041;3.805022;1.919662;-6.036589
-0.1616515;3.539038;1.963834;-4.705651
-0.084045;4;2.282262;-2.108982
-0.02948786;3.334075;1.413335;-1.195247
0.03160318;3.686602;1.701429;1.064118
0.09318826;3.972902;2.271068;2.349688
-1.198445;3.672509;2.437166;-26.18506