ydiffs;heights;distances;angles
-0.579322;3.693925;1.617863;-19.70136
1.767589;3.887994;1.954123;42.13071
-0.2658971;3.210852;2.380935;-6.37225
1.127821;3.936491;2.050746;28.80887
-3.187255;3.883718;1.87846;-59.48634
0.7744037;3.78664;2.424629;17.71299
1.65939;3.956098;1.839021;42.06064
-0.2094244;3.965786;2.155863;-5.548405
0.1704465;3.349572;2.217728;4.394906