ydiffs;heights;distances;angles
0.1468552;3.81732;2.078059;4.042336
0.09099238;3.647168;1.690913;3.080262
-0.7563406;3.609981;1.395107;-28.4638
1.78722;3.276373;2.081009;40.65676
0.05521815;3.584288;1.845705;1.713613
-0.7939149;3.664934;2.144077;-20.31873
-0.253022;3.707986;1.899175;-7.588676
-0.3298702;3.579018;2.126704;-8.816811
-0.1341195;3.97927;2.079826;-3.689662