ydiffs;heights;distances;angles
-0.4786047;3.350531;1.864305;-14.39806
-0.03853692;3.671259;1.369527;-1.611812
-0.1293891;3.167642;2.137308;-3.464363
-1.210816;3.766988;2.223229;-28.57362
-0.9579828;3.512189;1.866394;-27.17053
-0.5673141;3.862615;1.904676;-16.58634
-0.752139;3.513679;2.015707;-20.46251
-0.5022181;4;1.652217;-16.9075
-0.6012259;3.3792;2.382606;-14.16234