ydiffs;heights;distances;angles
-2.344796;3.688255;1.992119;-49.64904
-1.542453;3.456882;1.704265;-42.14683
-1.117733;3.67466;1.933179;-30.03582
-0.9505871;3.309525;2.020911;-25.19115
-1.014203;4;1.80771;-29.2943
-0.9661849;3.358416;1.986723;-25.93462
-1.025529;3.989703;2.061359;-26.45041
-0.8536696;4;2.479132;-19.00074
-0.9805838;3.75941;1.998502;-26.13531