ydiffs;heights;distances;angles
-1.433508;3.160149;1.739035;-39.49917
-1.180831;3.92144;1.892952;-31.95607
-0.490311;3.759186;1.703368;-16.05836
-0.6382969;3.863668;2.169926;-16.39157
-0.3554038;3.97249;1.35947;-14.65084
-0.4220438;3.382896;1.166051;-19.89736
-0.811532;3.440695;1.738903;-25.01809
-0.8211854;3.548468;1.740857;-25.25387
-0.5476708;3.995583;1.841064;-16.56644