ydiffs;heights;distances;angles
-0.4700828;3.222832;1.532351;-17.05456
0.02063452;3.670471;1.526127;0.77464
-0.09982811;3.380857;2.196611;-2.602098
-0.4814012;4;1.920701;-14.07066
-0.339716;3.25563;1.825659;-10.54096
-0.06279892;3.707015;2.029134;-1.772661
-0.2323432;3.634901;2.032844;-6.520308
-0.2223382;3.636918;2.428617;-5.230806
1.338867;3.568465;1.384438;44.04132