ydiffs;heights;distances;angles
2.738255;3.595596;2.129836;52.12394
-2.125136;3.59405;2.409571;-41.41088
0.1657226;3.562607;1.684018;5.620327
0.4990896;3.637664;1.87584;14.89907
0.5703371;3.934984;1.147484;26.42887
-0.5811577;3.328229;1.624895;-19.68003
1.45539;3.306066;2.098773;34.7393
-0.2128789;4;2.248069;-5.409442
-0.3605074;3.438989;1.855119;-10.99729