ydiffs;heights;distances;angles
-0.6005171;4;1.93448;-17.24582
0.033183;3.47561;2.134235;0.8907607
0.05052941;3.796952;1.917464;1.509521
-0.1677091;3.55379;2.005905;-4.779254
0.02469059;3.848438;2.14226;0.6603325
-0.9074548;2.945803;2.455972;-20.27872
-0.6799036;3.447392;1.876733;-19.91446
-0.8308475;3.593463;1.627257;-27.04802
-0.6921304;4;2.370638;-16.27567