ydiffs;heights;distances;angles
-1.015839;3.705937;1.900985;-28.11894
-0.6146364;3.635559;1.894614;-17.97371
-1.364369;3.843159;1.789526;-37.3226
-1.099014;3.591061;1.908984;-29.92929
-1.073973;3.953698;1.981936;-28.45242
-1.109479;2.872087;2.07394;-28.1451
-0.8703228;3.841621;1.839584;-25.31923
-0.8205602;3.800409;1.445683;-29.57896
-1.00447;4;2.35426;-23.10604