ydiffs;heights;distances;angles
-1.438383;3.497756;1.979446;-36.00438
-1.186361;3.38611;1.590489;-36.71962
-0.3899077;3.72823;2.038247;-10.8296
-0.5853579;3.470765;1.846597;-17.58824
-0.2920572;3.903185;1.86318;-8.908732
-0.4105031;3.395648;2.361562;-9.861017
-0.8668306;2.747545;2.289266;-20.73917
-0.8535746;3.530091;2.196002;-21.24085
-0.5491253;3.975835;2.226177;-13.85639