ydiffs;heights;distances;angles
-1.046868;3.307458;1.793708;-30.26926
-0.6926663;3.590268;2.299479;-16.76375
-0.6713984;3.525064;2.064009;-18.01912
-0.5031556;3.769075;2.266099;-12.51864
-0.3680359;2.986608;1.791859;-11.60675
-1.441439;3.497777;2.37371;-31.26827
-1.273496;4;1.579626;-38.87579
-1.077834;3.232246;2.030908;-27.95557
-1.083945;3.819059;2.162576;-26.62134