ydiffs;heights;distances;angles
-0.4218719;3.021504;1.873053;-12.69305
0.03236105;3.807824;2.483044;0.7466829
-0.06965502;3.578755;1.91044;-2.08809
-0.3767562;3.859764;2.239135;-9.551108
-0.3289778;3.549704;1.609953;-11.54883
-0.02901059;3.856519;1.587569;-1.046883
-0.184449;3.503654;2.336359;-4.513979
0.5800536;3.420194;2.045628;15.83109
2.164169;3.870856;1.881889;48.99086