ydiffs;heights;distances;angles
-0.4748205;3.241631;1.586812;-16.65871
-0.1424212;3.664521;1.798938;-4.526642
-0.5665137;3.488773;2.026787;-15.61638
0.9132139;3.659161;1.83791;26.42169
0.3596701;3.960216;2.580691;7.934188
-1.232184;3.325131;2.07842;-30.66144
0.4350505;3.862349;1.733853;14.0856
0.3849033;3.631803;2.312124;9.451454
2.299886;3.614008;2.204983;46.20685