ydiffs;heights;distances;angles
-0.03163616;3.262938;2.095049;-0.8651254
-0.6479329;3.432821;2.082961;-17.27901
-0.3187273;3.8085;2.189029;-8.284173
-0.7803596;3.175983;1.798363;-23.45736
-0.6653875;3.613959;2.093072;-17.63546
-0.1444103;3.505615;1.913733;-4.315361
-0.04615114;3.755657;1.775144;-1.48927
-0.2833549;3.087265;2.539626;-6.366359
-0.06506483;3.933999;1.842419;-2.022554