ydiffs;heights;distances;angles
-1.30166;3.538185;1.614674;-38.87383
-0.855968;3.668472;1.919173;-24.03729
-0.4366089;3.537199;2.307115;-10.71618
-0.4245024;4;1.591822;-14.93198
-0.6153494;3.442188;1.898513;-17.95864
-0.4833612;3.694583;2.450554;-11.15811
-1.276839;3.508019;2.077508;-31.57494
-1.111322;3.636929;2.348736;-25.32153
-1.123061;3.983073;2.025836;-29.00263