ydiffs;heights;distances;angles
-1.308478;3.466377;2.294174;-29.6982
-1.217779;3.99687;1.886571;-32.84217
-1.087976;3.394299;2.134661;-27.00665
-1.107255;3.581331;1.845371;-30.96449
-0.9846274;3.883026;1.912184;-27.24497
-0.9276791;3.68309;2.07162;-24.12301
-0.9006484;3.907928;1.848786;-25.97334
-1.219158;3.787913;2.489339;-26.09338
-1.196323;3.747957;1.883547;-32.4214