ydiffs;heights;distances;angles
-0.9153228;3.632745;1.437652;-32.48405
-0.5401811;3.456374;2.282388;-13.31539
-0.5925642;3.721856;2.184069;-15.17961
-0.4524116;3.543716;1.676288;-15.10365
-0.9567694;4;2.037978;-25.14865
-0.8176941;3.238402;1.724545;-25.36799
-1.000711;3.615258;1.886995;-27.9379
-0.7821307;3.745358;1.889986;-22.48118
0.05629198;3.801537;2.079983;1.550256