ydiffs;heights;distances;angles
-0.2375963;3.298745;2.115674;-6.407632
-0.6666528;3.428288;2.001038;-18.42567
-0.4208711;3.519943;2.004372;-11.85849
-0.2029974;3.943935;1.895175;-6.1138
-0.1208664;3.113693;1.805911;-3.828996
-0.5215415;3.487445;1.774697;-16.37681
2.169118;3.525778;1.958891;47.91539
1.854818;3.504354;1.860795;44.90783
0.305066;3.588776;2.27171;7.648444