ydiffs;heights;distances;angles
0.01337113;3.435312;2.224183;0.3444411
-1.786361;3.499397;1.567101;-48.74086
1.038367;3.568886;2.310701;24.19787
0.5087143;3.628617;2.206048;12.9854
0.1359504;3.896045;2.16856;3.587268
0.1524432;3.38617;1.594906;5.459821
0.9418477;4;1.764603;28.09084
-0.3347312;3.713558;1.913784;-9.920987
2.115246;3.475066;2.316054;42.40537