ydiffs;heights;distances;angles
-0.5465404;3.658016;2.273256;-13.51858
-0.4519918;4;2.127972;-11.99169
-0.4770172;3.321876;2.274768;-11.84328
0.228995;3.294957;2.017251;6.476398
0.06942368;3.98562;2.207918;1.800961
-0.06531183;3.512711;1.971395;-1.897501
-0.09538907;3.661896;2.026804;-2.694568
-0.8301476;3.884369;2.501461;-18.35921
-0.7887257;3.729048;1.725638;-24.5634