ydiffs;heights;distances;angles
-0.6506091;3.331426;2.297569;-15.81068
-0.5661132;3.759923;2.090893;-15.14972
-0.6693003;3.38967;2.110354;-17.59646
-0.6061568;3.795615;2.031683;-16.61258
-1.246969;4;1.689555;-36.42903
-1.134299;3.33636;1.97252;-29.90108
-1.111956;3.74953;1.748201;-32.45871
-1.147175;3.789051;1.588017;-35.84415
-0.7420328;3.54049;1.767264;-22.77639