ydiffs;heights;distances;angles
-1.430443;3.471911;1.953978;-36.20664
-1.033968;3.222634;2.130481;-25.88828
-1.186768;3.723525;1.473608;-38.84618
-0.9249592;3.54655;1.9136;-25.7973
-1.102198;3.912697;2.033846;-28.45451
-1.090029;3.640883;2.013849;-28.42519
-1.232909;4;1.726478;-35.5313
-1.13327;3.184569;2.554609;-23.92292
-1.271895;4;1.63742;-37.8389