ydiffs;heights;distances;angles
-1.554565;3.295764;1.577322;-44.58368
-1.105189;3.56834;2.106454;-27.68456
-1.06046;2.920026;2.05321;-27.31586
-0.9635435;3.104281;1.84234;-27.60956
-0.8164054;4;2.055258;-21.66435
-1.206253;3.603946;1.838032;-33.27586
-1.126216;3.912611;2.071215;-28.53498
-1.069659;3.549544;2.05837;-27.45925
-1.063841;3.723715;1.853621;-29.85264