ydiffs;heights;distances;angles
-0.7877578;3.87122;2.113206;-20.44437
-0.4851953;3.566077;1.965252;-13.86826
-1.087646;3.846037;1.663975;-33.17036
-0.7597913;3.614711;2.200305;-19.0504
-0.606046;3.92422;2.344761;-14.49197
-0.6337859;3.65972;1.532598;-22.4669
0.1516042;3.744933;1.785641;4.852879
0.05790525;3.624187;2.049267;1.618551
0.03158095;3.954517;2.08158;0.8692034