ydiffs;heights;distances;angles
-0.619423;3.431596;1.82825;-18.71671
-0.2931138;3.888742;1.436844;-11.53004
-0.1888479;3.392668;2.240982;-4.816944
-0.4955065;2.703918;2.044205;-13.62545
2.791665;3.658597;1.979816;54.65619
1.440557;2.914872;1.604017;41.9268
-1.978922;3.353328;2.387585;-39.65324
0.1552196;3.303621;1.964321;4.518094
0.4541685;3.995291;1.749457;14.55303