ydiffs;heights;distances;angles
1.413628;3.483763;1.67228;40.20884
-0.2787654;3.361446;1.871487;-8.472142
-0.02882602;3.753515;2.506108;-0.6590044
0.1230636;3.247561;2.600224;2.709677
0.87112;4;1.755146;26.39629
0.9565147;3.815192;2.017669;25.36418
3.048584;3.826637;2.027086;56.37898
-0.897657;3.526678;2.060985;-23.53542
-0.2675923;3.236501;2.032916;-7.498721