ydiffs;heights;distances;angles
-0.7181677;3.567992;1.570168;-24.57854
0.1096131;3.313081;1.476902;4.24461
-0.1154248;4;2.592373;-2.549397
-0.1998803;3.958924;2.11787;-5.39149
-0.08127735;3.721478;1.73001;-2.689826
-0.8473932;3.444732;2.033158;-22.62573
-0.7867163;3.802961;2.145987;-20.13288
-0.7904741;3.510556;2.147188;-20.21087
-0.8842936;3.795912;1.700372;-27.47709