ydiffs;heights;distances;angles
-1.496888;3.515922;1.83714;-39.1729
-1.186232;3.628593;1.912101;-31.8147
-0.3060918;3.976022;2.023498;-8.601841
-0.4833037;3.724391;1.491885;-17.95
-0.5146445;3.393186;1.735945;-16.51318
-0.5358533;4;2.292704;-13.15509
-0.0971566;3.633912;1.962914;-2.833606
-0.2730521;3.720696;1.706678;-9.089737
-0.3489837;3.069842;2.258904;-8.782332