ydiffs;heights;distances;angles
-1.132436;3.290158;1.80757;-32.06699
-0.8632683;3.772936;1.754224;-26.20218
-0.8625938;3.701064;2.074867;-22.57434
-0.6175379;3.93646;1.830946;-18.63813
-0.5988021;3.462534;2.047473;-16.30204
-0.6816168;3.901337;1.932266;-19.43056
-0.7049015;3.63235;1.355779;-27.47099
1.600145;3.54037;2.237278;35.5731
-0.2396925;3.752691;2.30965;-5.924873