ydiffs;heights;distances;angles
0.3564029;3.919164;2.183683;9.269617
-1.297919;3.918233;2.004583;-32.92208
2.811433;3.148466;2.070523;53.62964
-1.739488;3.866526;1.926883;-42.07405
0.1597337;3.603235;1.642542;5.554423
0.1381811;3.911716;2.202612;3.589754
-0.1832229;3.497768;2.14912;-4.87296
-0.1890663;3.85492;1.891998;-5.706592
-0.9407988;3.503769;1.638542;-29.86307