ydiffs;heights;distances;angles
-0.2470358;3.617623;1.952451;-7.211089
-0.003792302;3.586596;2.32426;-0.09348467
0.06517133;3.368219;1.960005;1.904417
2.826421;2.778382;1.989604;54.85711
-2.397274;3.942606;2.342959;-45.65647
-0.4741167;3.558998;2.152351;-12.42264
-0.02095967;3.412379;1.964371;-0.6113177
-0.08990219;3.688126;2.19048;-2.350228
0.09012738;3.294653;1.969236;2.620467