ydiffs;heights;distances;angles
-0.6374866;3.398114;2.060446;-17.19168
0.5162843;3.634778;1.72716;16.64251
-0.5561402;3.221871;1.573728;-19.46292
0.9236629;4;1.856575;26.45076
-0.261871;3.930045;2.178561;-6.854276
1.147166;3.490982;1.641857;34.94201
-1.144771;3.595837;2.04089;-29.28884
-0.7787354;3.678994;2.060837;-20.70025
-0.500663;3.118422;2.063254;-13.63959