ydiffs;heights;distances;angles
-1.486121;3.474155;1.845219;-38.84763
-0.9815204;3.739148;1.85518;-27.88198
-1.030637;2.977752;2.109062;-26.04342
-0.9097819;4;1.868699;-25.95928
0.3346124;3.455515;1.689435;11.20311
0.1180274;3.9519;2.445827;2.762759
-0.2392528;3.565248;2.44732;-5.583557
-0.05414359;3.434212;1.936407;-1.601622
-0.2895129;3.36563;2.094042;-7.871557