ydiffs;heights;distances;angles
-1.168988;3.543288;1.74719;-33.7852
-0.8080768;3.292606;1.584486;-27.02127
-0.7343262;3.904939;2.385883;-17.1073
-0.2759159;3.932502;1.629;-9.613375
-0.2214805;3.272845;2.226851;-5.679906
-0.2174044;3.778093;2.088004;-5.944257
-0.1557325;3.624509;2.371303;-3.757437
-0.6570476;3.942804;2.220126;-16.48615
-0.5060621;3.402593;2.039234;-13.93713