ydiffs;heights;distances;angles
-0.4002778;3.269025;1.413674;-15.80932
-0.3633253;3.994124;2.233182;-9.240716
-1.021856;3.813497;1.348508;-37.15369
-0.7216036;3.385379;2.142102;-18.61697
-0.6483221;3.768972;1.670302;-21.21356
-0.7215645;3.569184;1.829356;-21.52608
-0.487455;4;2.066212;-13.27435
-0.6021421;3.374538;1.849633;-18.03249
-0.6507354;3.562966;2.078482;-17.3844