ydiffs;heights;distances;angles
-0.2659024;2.984667;1.992905;-7.599777
2.208521;3.141063;1.712798;52.20497
-2.900028;3.935346;1.714134;-59.41373
1.84589;2.992208;1.876258;44.53255
0.1063;3.664611;1.633909;3.722342
1.917756;3.662476;1.932871;44.77509
-0.2169432;3.449633;2.264101;-5.473298
-0.0215597;3.065202;2.11312;-0.5845562
0.05611692;4;1.864719;1.723741