ydiffs;heights;distances;angles
-0.6208702;3.405828;2.307683;-15.05855
0.6197582;3.724864;2.20006;15.73256
0.1653316;3.441233;2.16063;4.375751
0.09702922;3.841944;1.663713;3.33776
0.1436895;3.777501;1.994703;4.120216
0.2761076;3.499303;2.112722;7.445679
0.5311629;3.837733;2.0539;14.49969
-2.547006;3.484164;2.220157;-48.92221
0.1411949;4;1.636683;4.93064