ydiffs;heights;distances;angles
-0.2421701;3.000087;2.318501;-5.962987
-0.3240078;3.399286;1.920557;-9.575924
0.7946762;3.928285;2.001629;21.6538
-0.9562314;3.896308;1.874466;-27.02774
0.6514217;3.809494;2.073724;17.43914
-2.074724;3.658803;2.506896;-39.61139
2.140787;3.978259;2.023354;46.61537
0.1892089;3.485272;1.883046;5.737835
1.253658;3.409522;2.187901;29.81253