ydiffs;heights;distances;angles
-0.9805802;3.185724;1.741836;-29.37768
-0.664537;3.840691;2.375776;-15.62704
-0.9176561;4;1.702791;-28.32081
-0.7336854;3.765893;2.027805;-19.89076
-0.6394463;3.520487;1.974756;-17.94249
-0.6785727;4;1.996332;-18.7734
-0.2329139;3.87435;2.105599;-6.312196
-0.2570132;3.339332;1.994517;-7.342662
-0.2386442;2.955317;2.379858;-5.726288