ydiffs;heights;distances;angles
-0.8306945;3.318783;2.084616;-21.72669
-0.567916;3.687375;2.136645;-14.88494
-0.5305994;3.196686;1.984537;-14.96887
-0.5707926;3.63884;2.145606;-14.89728
-0.4192182;3.843724;1.773882;-13.29665
-0.6217401;3.510936;1.556991;-21.76789
-0.5026055;3.789135;2.034998;-13.87332
-0.1751852;3.327868;1.89977;-5.268569
-0.20814;4;1.966793;-6.040964