ydiffs;heights;distances;angles
1.741514;3.418797;1.799295;44.06509
-1.111642;3.387638;2.350237;-25.31375
0.8233176;3.737498;2.395844;18.96498
-0.3192242;4;2.078165;-8.732873
1.969477;3.990972;2.03531;44.05823
-0.628653;3.406166;2.143115;-16.34832
-0.6082395;4;1.985405;-17.03273
0.7530619;4;1.966154;20.95747
-0.162595;3.20294;2.108137;-4.410341