ydiffs;heights;distances;angles
-0.4624326;3.775115;1.437235;-17.83567
0.2774779;2.946568;1.629773;9.662278
0.007244337;3.576639;1.991051;0.2084668
-0.06375408;3.122598;2.143975;-1.703268
0.228483;3.829854;2.053509;6.348882
0.2484749;3.860288;2.685854;5.285529
0.09812828;2.938438;1.916367;2.931291
0.4275458;3.956817;2.861652;8.497436
0.3948683;3.576314;2.174171;10.29373