ydiffs;heights;distances;angles
-0.2374982;3.695439;2.098752;-6.456219
-0.1797593;3.39965;2.150052;-4.77921
0.1732013;3.682173;2.1565;4.591908
0.7413079;3.095376;1.826642;22.08884
-2.713936;3.612068;1.634175;-58.94608
-2.286535;3.780073;1.53175;-56.18187
0.1370081;3.609892;1.836855;4.265703
1.10164;4;1.739037;32.35332
-0.9785132;4;2.065296;-25.35105