ydiffs;heights;distances;angles
-0.6499831;3.575823;2.618232;-13.94198
-2.913695;2.770562;2.157762;-53.47789
0.7720553;3.778509;1.54516;26.54948
2.211822;3.850448;2.046104;47.22881
-0.9180711;3.748048;1.970284;-24.98357
0.3446857;3.840995;2.112851;9.265482
0.542332;3.68145;1.852468;16.31802
-0.01542161;4;1.723808;-0.5125686
0.176301;3.436034;2.279321;4.422909