ydiffs;heights;distances;angles
-1.040176;3.459259;1.981394;-27.69821
-0.8365568;3.837334;1.712368;-26.03726
-0.8505738;3.498883;1.79496;-25.35476
-0.7848442;3.902765;2.399354;-18.11326
-0.1482636;3.70659;1.744661;-4.857399
-0.3653596;4;1.99021;-10.40244
-0.1629138;4;2.387084;-3.904271
-0.2644552;3.23181;1.733127;-8.675756
-0.6082833;3.882019;2.4773;-13.79564