ydiffs;heights;distances;angles
-0.8570042;3.279464;2.053506;-22.65259
-0.6093274;3.085698;1.726778;-19.43639
-0.4942272;4;2.012868;-13.79515
-0.6386896;3.608788;2.121322;-16.75605
-0.4887484;3.574215;2.222589;-12.40198
-0.158269;3.482018;2.078392;-4.354654
-0.166622;3.723044;1.659002;-5.735276
-0.4213021;3.488224;1.776429;-13.3419
-0.2807655;3.801584;2.151453;-7.435106