ydiffs;heights;distances;angles
-1.217322;4;2.207018;-28.87976
-0.9119045;3.046665;1.349673;-34.04486
-0.6141444;3.785627;1.727342;-19.57249
-0.5658412;3.544641;1.964666;-16.06687
-0.719174;3.888627;2.08251;-19.05184
-0.6735992;3.604102;2.078883;-17.95335
4.830139;3.990297;1.954221;67.97229
-1.234874;3.349185;2.166706;-29.68018
1.045228;3.473502;1.913632;28.64341