ydiffs;heights;distances;angles
-0.5487388;3.339921;1.860249;-16.43507
-0.2233934;4;2.220396;-5.745181
0.4489907;3.552002;1.456827;17.12918
1.355431;3.812173;2.163294;32.06958
-0.1493203;3.286453;2.45806;-3.476287
0.2009837;3.908521;1.627773;7.038773
0.21434;3.94528;1.268387;9.591587
0.02994653;3.33472;2.197149;0.7808772
1.243578;3.411674;1.901815;33.18028