ydiffs;heights;distances;angles
-0.5370029;3.27414;1.940855;-15.4659
-0.05596153;3.428909;1.756725;-1.824574
-0.1590954;4;2.160468;-4.211621
0.5395738;3.265381;1.850904;16.25241
1.017072;4;2.374581;23.18625
-1.003855;3.930667;2.429374;-22.45118
2.302755;3.390915;2.226557;45.96381
1.506761;3.659914;1.836054;39.37407
-0.02008353;3.843979;2.345593;-0.4905682