ydiffs;heights;distances;angles
-1.714612;3.359689;2.436671;-35.1329
-1.151403;3.717616;1.78188;-32.86947
-0.5364436;3.526658;1.749025;-17.05131
-0.6125571;3.890046;2.080603;-16.40513
-0.7934147;3.200486;1.984573;-21.7911
-0.7602776;3.978365;2.053648;-20.31497
-0.6985558;3.662656;2.213385;-17.51597
-0.7509674;3.654497;1.802133;-22.62199
-0.1728349;3.928264;2.121544;-4.657406