ydiffs;heights;distances;angles
-0.8920302;2.977956;1.695578;-27.7485
-0.5592097;3.991848;1.786169;-17.38417
-0.5909839;3.36271;2.20005;-15.03601
-0.376595;3.693736;2.439368;-8.776161
-0.4120909;3.634067;1.891145;-12.2929
-0.2168349;4;2.124645;-5.82726
-0.3205816;3.479431;1.980031;-9.196797
-0.1065629;3.61777;2.400076;-2.542251
-0.2196004;3.906289;2.136515;-5.868502