ydiffs;heights;distances;angles
-0.9683332;3.252818;1.931742;-26.62344
-0.778099;3.93462;1.756287;-23.89509
-0.7158359;4;2.069634;-19.07925
-0.696447;3.354685;2.146411;-17.97672
-0.4803193;3.406143;1.724816;-15.56123
-0.5508504;3.737286;2.380952;-13.0266
1.342562;3.573156;1.604293;39.92447
1.771323;3.350256;2.304464;37.54763
-0.009377558;3.614943;2.474496;-0.2171319