ydiffs;heights;distances;angles
2.40348;3.719693;2.031019;49.8011
0.09368011;3.789663;1.539467;3.482286
-1.163801;2.755205;2.110152;-28.87783
0.07004415;3.858297;2.399623;1.671969
0.00805107;3.547579;1.631077;0.2828123
0.1438149;3.770618;1.841819;4.464772
0.01420395;3.48519;2.556137;0.3183782
0.435599;3.559641;1.700974;14.36406
0.1611393;3.588753;2.131413;4.323456