ydiffs;heights;distances;angles
-2.036825;2.844232;1.403214;-55.43619
2.951506;3.81028;1.511229;62.88666
-0.2559581;3.632379;2.226339;-6.558395
-1.156715;3.332178;2.229371;-27.42266
-0.1633165;3.490905;1.940523;-4.810739
-0.08331583;3.746514;1.815637;-2.627342
-0.4036943;3.402211;1.807117;-12.59263
-0.1247479;3.72515;1.653199;-4.315275
0.2404515;3.971635;2.052794;6.680825