ydiffs;heights;distances;angles
-0.5703046;3.888531;2.211136;-14.46274
0.2589247;3.636227;1.982091;7.442523
-1.469283;3.293449;1.917559;-37.46025
1.94574;3.971138;2.356018;39.55193
-0.04152114;4;2.145003;-1.108945
-2.149867;3.985186;2.062731;-46.18498
0.008923951;3.781277;2.166182;0.2360382
-0.2068793;3.089604;1.990473;-5.933718
-0.1579709;4;1.849521;-4.881887