ydiffs;heights;distances;angles
-2.503956;3.424644;1.859036;-53.40835
1.030146;3.774522;1.892907;28.55565
-0.4436105;3.278697;1.824222;-13.66778
1.104117;3.027192;2.457646;24.19238
-0.2988682;4;2.526559;-6.746202
-0.777749;4;2.050003;-20.7762
-0.4776812;3.558899;1.808621;-14.79475
-0.5818934;3.805613;1.993144;-16.27503
-0.5639841;3.724352;1.999628;-15.75082