ydiffs;heights;distances;angles
-1.085852;3.71463;2.529366;-23.23374
-0.8237604;3.590995;1.488989;-28.95289
-0.03639698;3.935024;1.502633;-1.387555
-0.04956461;3.753811;1.620128;-1.752304
-0.3520286;3.421601;1.657172;-11.99291
-0.1961553;4;2.30134;-4.871845
-0.4086347;3.584031;2.045873;-11.2954
-0.3272563;3.678044;2.085967;-8.916157
-0.4981631;3.305871;1.670484;-16.60536