ydiffs;heights;distances;angles
-0.8622613;2.862155;1.884409;-24.58772
-0.4078144;3.660036;2.043599;-11.28552
-0.4877112;3.552195;2.077459;-13.2117
-0.2105108;4;1.920088;-6.256692
-0.2573731;3.376394;2.487982;-5.906043
-0.09795515;3.775896;2.291832;-2.447388
-0.4537779;3.408196;1.843557;-13.82805
-0.8927466;3.535604;2.335644;-20.91822
-0.670899;3.383227;2.254201;-16.57414