ydiffs;heights;distances;angles
-0.9792947;3.396733;1.996067;-26.13313
-0.7232414;3.79012;1.950936;-20.34051
-0.5460737;3.388818;2.274184;-13.50216
-0.5533077;4;1.936839;-15.94334
-1.344935;3.388971;2.113269;-32.47365
3.327644;3.974186;2.209484;56.4167
0.8805441;3.31069;2.190048;21.90339
0.2436765;3.545821;1.962883;7.076617
-0.3290115;3.802492;1.859566;-10.03346