ydiffs;heights;distances;angles
1.121835;3.666955;2.05828;28.59193
-0.4029309;3.557963;1.947869;-11.68721
-0.3097598;3.202426;2.206125;-7.992594
0.2652424;4;2.087368;7.24178
0.1108903;3.265925;2.237244;2.837576
1.575011;4;2.373124;33.5717
0.1224035;3.468433;1.88666;3.712058
1.6986;3.209881;1.844679;42.63919
0.1229016;4;2.306482;3.050137