ydiffs;heights;distances;angles
0.008104932;3.351967;1.826423;0.254254
0.7235421;3.662213;1.392015;27.46453
-0.3332183;3.157989;1.84059;-10.26162
0.03396875;4;2.012515;0.9669897
-0.06015693;3.823785;2.131295;-1.616774
-0.005424835;3.664058;1.373059;-0.2263694
1.200035;4;1.697537;35.25754
-0.3599619;3.071146;1.920798;-10.61425
0.9961286;3.336542;2.265958;23.73058