ydiffs;heights;distances;angles
0.2082319;3.831689;2.057988;5.777652
2.631466;3.323343;1.992652;52.86554
-1.569387;3.45333;1.637841;-43.77728
-0.6746221;3.870883;1.58283;-23.08432
-0.2580585;3.421158;2.157574;-6.820512
-0.6230583;3.710042;2.203667;-15.78756
-0.6011722;3.616275;2.016682;-16.5993
-0.6329466;3.781403;2.031186;-17.30779
-0.6020274;3.142129;1.997747;-16.77035