ydiffs;heights;distances;angles
-0.3764451;3.409812;2.298142;-9.30267
-0.2020907;3.661101;2.196983;-5.255594
-0.5039464;3.35949;1.979858;-14.28062
-0.2447268;3.904791;2.465983;-5.667536
-0.3996565;3.653735;2.318811;-9.779083
-0.3467104;3.733775;1.659833;-11.79845
-0.4851128;3.267164;1.631166;-16.56261
-0.3819253;3.913089;2.276722;-9.522834
-0.55831;3.798121;1.721061;-17.97299