ydiffs;heights;distances;angles
-0.7752176;3.318873;1.652561;-25.13131
-0.4333323;3.645951;2.051076;-11.92949
-0.3844326;3.582099;1.92224;-11.30949
-0.2569133;4;2.272636;-6.4497
-0.1404988;3.180645;2.102858;-3.822436
-0.8971834;3.581149;1.674137;-28.18721
-0.7080015;3.8295;2.125633;-18.42178
-0.646523;3.58332;2.174376;-16.55918
-0.6928506;3.812754;1.953911;-19.52435