ydiffs;heights;distances;angles
-1.211949;3.510661;2.039971;-30.7146
-1.256236;3.508085;2.035756;-31.67814
1.780383;4;1.581553;48.38461
-1.559057;4;1.869645;-39.824
1.117809;4;2.508692;24.01653
-0.5635967;4;1.865226;-16.81272
4.063008;3.391061;1.688794;67.42973
-0.6344829;3.874476;2.432419;-14.61952
-0.2463616;3.277929;1.861147;-7.540453