ydiffs;heights;distances;angles
-1.042151;3.978365;2.00995;-27.40656
-0.8635653;3.59186;1.584571;-28.58967
-0.5319728;3.811976;1.964047;-15.15525
-0.6250101;3.478149;2.177556;-16.01473
-0.3267885;3.837064;1.854192;-9.995339
-0.4584929;3.444004;1.520794;-16.77714
-1.462973;3.678955;1.830893;-38.62655
-1.272237;3.78873;2.281901;-29.14114
-1.121489;3.248551;1.782192;-32.18119