ydiffs;heights;distances;angles
-0.1516794;4;1.932631;-4.487566
0.1416355;3.405886;2.022079;4.006711
0.7539259;3.759877;2.227662;18.69778
-0.02341443;4;2.002746;-0.6698239
0.4545986;3.252277;1.910415;13.38506
0.6308879;3.905135;1.856735;18.76691
0.2496037;3.411034;2.347392;6.069587
0.1478865;3.946659;1.481985;5.698648
0.08515748;3.552012;2.21248;2.204204