ydiffs;heights;distances;angles
-0.4535808;3.803388;1.993629;-12.81747
2.692319;3.370491;2.026345;53.03344
-0.318239;3.644658;2.319993;-7.810653
-0.004027422;3.94445;2.365841;-0.09753575
-0.0103155;3.488765;1.739908;-0.3396891
2.246222;3.5872;1.640018;53.86596
-1.304077;2.807949;1.926885;-34.08936
1.253194;3.356017;2.233187;29.29977
0.4023154;3.832355;2.142113;10.63694