ydiffs;heights;distances;angles
-1.130722;3.363754;1.503284;-36.94931
-0.02311368;3.004704;2.292176;-0.5777354
-0.2832229;4;1.753509;-9.17505
-0.3385885;3.637817;1.985437;-9.677892
-0.2932692;3.59027;2.163756;-7.718669
-0.3739537;3.45529;2.111995;-10.04083
-0.4296383;4;2.118685;-11.4633
-0.470044;3.558029;2.046162;-12.93752
-0.5081298;3.924244;1.922983;-14.80155