ydiffs;heights;distances;angles
-0.7315021;4;1.90266;-21.02989
-0.4703272;3.234152;1.943045;-13.60711
-0.4296861;3.707647;1.682959;-14.32255
-0.2707126;3.445535;2.266503;-6.811177
-0.140713;3.843569;2.53264;-3.180073
-0.128317;3.56229;1.7363;-4.22662
-0.8819549;3.231917;2.661292;-18.33525
-0.7540103;4;1.828472;-22.40987
-0.6311053;3.63108;1.83125;-19.01554