ydiffs;heights;distances;angles
-0.9781261;3.73398;1.864137;-27.68632
-0.6737641;3.402711;2.056679;-18.1387
-0.6478707;3.936126;2.258077;-16.00885
0.5046817;3.398545;2.426258;11.75044
0.9081897;4;2.519537;19.82215
0.3333293;4;1.942146;9.738753
1.872941;3.257581;1.970784;43.54184
0.1911211;3.435059;2.340162;4.668984
0.8041928;3.615858;2.002895;21.87621