ydiffs;heights;distances;angles
-1.605381;3.71852;1.845368;-41.02168
-1.001572;3.250563;2.118298;-25.30568
-1.129491;3.921443;2.12236;-28.02131
-1.039542;4;1.718584;-31.16903
-0.8450109;3.32024;2.377348;-19.56738
-1.144633;3.755794;2.582685;-23.90269
-1.105626;3.392143;1.882179;-30.43073
-1.199405;3.956795;2.005649;-30.87999
-1.113228;3.706104;1.898704;-30.3835