ydiffs;heights;distances;angles
-0.6977646;3.451168;1.772518;-21.48744
-0.4156055;3.633016;2.09491;-11.22111
-0.8091227;3.132127;2.105772;-21.0188
-0.5615508;4;2.581682;-12.27146
-0.7727528;3.556909;2.844611;-15.19792
-0.7028485;3.830113;2.196452;-17.74429
-0.9381199;3.553081;1.80513;-27.46075
-0.7570768;3.827373;2.218868;-18.83962
0.3301369;2.646443;2.05371;9.132252