{
    "name": "root",
    "gauges": {
        "Generator.Policy.Entropy.mean": {
            "value": 1.4176565408706665,
            "min": 1.4176565408706665,
            "max": 1.4189382791519165,
            "count": 4
        },
        "Generator.Policy.Entropy.sum": {
            "value": 1417.656494140625,
            "min": 1417.656494140625,
            "max": 1418.938232421875,
            "count": 4
        },
        "Generator.Environment.EpisodeLength.mean": {
            "value": 7.0,
            "min": 7.0,
            "max": 7.0,
            "count": 4
        },
        "Generator.Environment.EpisodeLength.sum": {
            "value": 875.0,
            "min": 875.0,
            "max": 875.0,
            "count": 4
        },
        "Generator.Step.mean": {
            "value": 3992.0,
            "min": 992.0,
            "max": 3992.0,
            "count": 4
        },
        "Generator.Step.sum": {
            "value": 3992.0,
            "min": 992.0,
            "max": 3992.0,
            "count": 4
        },
        "Generator.Policy.ExtrinsicValueEstimate.mean": {
            "value": -5.250718116760254,
            "min": -5.250718116760254,
            "max": 7.041631698608398,
            "count": 4
        },
        "Generator.Policy.ExtrinsicValueEstimate.sum": {
            "value": -656.3397827148438,
            "min": -656.3397827148438,
            "max": 880.2039794921875,
            "count": 4
        },
        "Generator.Environment.CumulativeReward.mean": {
            "value": -18.724998809814455,
            "min": -19.698092948913573,
            "max": -18.04945375061035,
            "count": 4
        },
        "Generator.Environment.CumulativeReward.sum": {
            "value": -2340.6248512268066,
            "min": -2462.261618614197,
            "max": -2256.181718826294,
            "count": 4
        },
        "Generator.Policy.ExtrinsicReward.mean": {
            "value": -18.724998809814455,
            "min": -19.698092948913573,
            "max": -18.04945375061035,
            "count": 4
        },
        "Generator.Policy.ExtrinsicReward.sum": {
            "value": -2340.6248512268066,
            "min": -2462.261618614197,
            "max": -2256.181718826294,
            "count": 4
        },
        "Generator.IsTraining.mean": {
            "value": 1.0,
            "min": 1.0,
            "max": 1.0,
            "count": 4
        },
        "Generator.IsTraining.sum": {
            "value": 1.0,
            "min": 1.0,
            "max": 1.0,
            "count": 4
        },
        "Generator.Losses.PolicyLoss.mean": {
            "value": 0.05801970075784387,
            "min": 0.05801970075784387,
            "max": 0.05801970075784387,
            "count": 1
        },
        "Generator.Losses.PolicyLoss.sum": {
            "value": 0.05801970075784387,
            "min": 0.05801970075784387,
            "max": 0.05801970075784387,
            "count": 1
        },
        "Generator.Losses.ValueLoss.mean": {
            "value": 71.46999319394429,
            "min": 71.46999319394429,
            "max": 71.46999319394429,
            "count": 1
        },
        "Generator.Losses.ValueLoss.sum": {
            "value": 71.46999319394429,
            "min": 71.46999319394429,
            "max": 71.46999319394429,
            "count": 1
        },
        "Generator.Policy.LearningRate.mean": {
            "value": 0.0002987664004112,
            "min": 0.0002987664004112,
            "max": 0.0002987664004112,
            "count": 1
        },
        "Generator.Policy.LearningRate.sum": {
            "value": 0.0002987664004112,
            "min": 0.0002987664004112,
            "max": 0.0002987664004112,
            "count": 1
        },
        "Generator.Policy.Epsilon.mean": {
            "value": 0.1995888,
            "min": 0.1995888,
            "max": 0.1995888,
            "count": 1
        },
        "Generator.Policy.Epsilon.sum": {
            "value": 0.1995888,
            "min": 0.1995888,
            "max": 0.1995888,
            "count": 1
        },
        "Generator.Policy.Beta.mean": {
            "value": 0.00497948112,
            "min": 0.00497948112,
            "max": 0.00497948112,
            "count": 1
        },
        "Generator.Policy.Beta.sum": {
            "value": 0.00497948112,
            "min": 0.00497948112,
            "max": 0.00497948112,
            "count": 1
        }
    },
    "metadata": {
        "timer_format_version": "0.1.0",
        "start_time_seconds": "1682190807",
        "python_version": "3.9.2 (default, Feb 28 2021, 17:03:44) \n[GCC 10.2.1 20210110]",
        "command_line_arguments": "/home/bears_bears/Unity_env/bin/mlagents-learn ARLPCG.yaml --run-id G3_newobs3 --force",
        "mlagents_version": "0.30.0",
        "mlagents_envs_version": "0.30.0",
        "communication_protocol_version": "1.5.0",
        "pytorch_version": "1.11.0+cu102",
        "numpy_version": "1.21.2",
        "end_time_seconds": "1682191075"
    },
    "total": 267.9762327000062,
    "count": 1,
    "self": 0.006674579999526031,
    "children": {
        "run_training.setup": {
            "total": 0.0326730530068744,
            "count": 1,
            "self": 0.0326730530068744
        },
        "TrainerController.start_learning": {
            "total": 267.9368850669998,
            "count": 1,
            "self": 0.14586800296092406,
            "children": {
                "TrainerController._reset_env": {
                    "total": 15.139913562001311,
                    "count": 1,
                    "self": 15.139913562001311
                },
                "TrainerController.advance": {
                    "total": 252.55182983004488,
                    "count": 4804,
                    "self": 0.1501581686316058,
                    "children": {
                        "env_step": {
                            "total": 249.23261277434358,
                            "count": 4804,
                            "self": 242.10671041063324,
                            "children": {
                                "SubprocessEnvManager._take_step": {
                                    "total": 7.040692012757063,
                                    "count": 4804,
                                    "self": 0.4589518491848139,
                                    "children": {
                                        "TorchPolicy.evaluate": {
                                            "total": 6.581740163572249,
                                            "count": 4271,
                                            "self": 6.581740163572249
                                        }
                                    }
                                },
                                "workers": {
                                    "total": 0.08521035095327534,
                                    "count": 4803,
                                    "self": 0.0,
                                    "children": {
                                        "worker_root": {
                                            "total": 147.4868911505473,
                                            "count": 4803,
                                            "is_parallel": true,
                                            "self": 32.11558626321494,
                                            "children": {
                                                "run_training.setup": {
                                                    "total": 0.0,
                                                    "count": 0,
                                                    "is_parallel": true,
                                                    "self": 0.0,