{
    "name": "root",
    "gauges": {
        "FlappyBird.Policy.Entropy.mean": {
            "value": 0.2041298896074295,
            "min": 0.13683731853961945,
            "max": 0.6857693195343018,
            "count": 500
        },
        "FlappyBird.Policy.Entropy.sum": {
            "value": 193.51513671875,
            "min": 116.1390380859375,
            "max": 773.5477905273438,
            "count": 500
        },
        "FlappyBird.Environment.EpisodeLength.mean": {
            "value": 82.9,
            "min": 18.471698113207548,
            "max": 106.22222222222223,
            "count": 500
        },
        "FlappyBird.Environment.EpisodeLength.sum": {
            "value": 829.0,
            "min": 469.0,
            "max": 1316.0,
            "count": 500
        },
        "FlappyBird.Step.mean": {
            "value": 499985.0,
            "min": 988.0,
            "max": 499985.0,
            "count": 500
        },
        "FlappyBird.Step.sum": {
            "value": 499985.0,
            "min": 988.0,
            "max": 499985.0,
            "count": 500
        },
        "FlappyBird.Policy.ExtrinsicValueEstimate.mean": {
            "value": 10.627849578857422,
            "min": -4.323784351348877,
            "max": 11.4105863571167,
            "count": 500
        },
        "FlappyBird.Policy.ExtrinsicValueEstimate.sum": {
            "value": 212.55699157714844,
            "min": -224.83677673339844,
            "max": 243.7402801513672,
            "count": 500
        },
        "FlappyBird.Environment.CumulativeReward.mean": {
            "value": 16.77777777777778,
            "min": -4.84,
            "max": 23.0,
            "count": 500
        },
        "FlappyBird.Environment.CumulativeReward.sum": {
            "value": 151.0,
            "min": -242.0,
            "max": 275.0,
            "count": 500
        },
        "FlappyBird.Policy.ExtrinsicReward.mean": {
            "value": 16.77777777777778,
            "min": -4.84,
            "max": 23.0,
            "count": 500
        },
        "FlappyBird.Policy.ExtrinsicReward.sum": {
            "value": 151.0,
            "min": -242.0,
            "max": 275.0,
            "count": 500
        },
        "FlappyBird.Losses.PolicyLoss.mean": {
            "value": 0.6523919872136092,
            "min": 0.2017391499442359,
            "max": 1.4187929186166501,
            "count": 337
        },
        "FlappyBird.Losses.PolicyLoss.sum": {
            "value": 0.6523919872136092,
            "min": 0.2017391499442359,
            "max": 1.8400429382600123,
            "count": 337
        },
        "FlappyBird.Losses.ValueLoss.mean": {
            "value": 9.139476510531763,
            "min": 0.18655999357282532,
            "max": 19.727996322015922,
            "count": 337
        },
        "FlappyBird.Losses.ValueLoss.sum": {
            "value": 9.139476510531763,
            "min": 0.2644682869899507,
            "max": 19.727996322015922,
            "count": 337
        },
        "FlappyBird.Policy.LearningRate.mean": {
            "value": 2.002099799799948e-06,
            "min": 2.002099799799948e-06,
            "max": 0.0009986980001302,
            "count": 337
        },
        "FlappyBird.Policy.LearningRate.sum": {
            "value": 2.002099799799948e-06,
            "min": 2.002099799799948e-06,
            "max": 0.0019906660009334,
            "count": 337
        },
        "FlappyBird.Policy.Epsilon.mean": {
            "value": 0.10020019999999999,
            "min": 0.10020019999999999,
            "max": 0.19986980000000001,
            "count": 337
        },
        "FlappyBird.Policy.Epsilon.sum": {
            "value": 0.10020019999999999,
            "min": 0.10020019999999999,
            "max": 0.39906659999999994,
            "count": 337
        },
        "FlappyBird.Policy.Beta.mean": {
            "value": 1.9989979999999745e-05,
            "min": 1.9989979999999745e-05,
            "max": 0.00499350302,
            "count": 337
        },
        "FlappyBird.Policy.Beta.sum": {
            "value": 1.9989979999999745e-05,
            "min": 1.9989979999999745e-05,
            "max": 0.00995342334,
            "count": 337
        },
        "FlappyBird.IsTraining.mean": {
            "value": 1.0,
            "min": 1.0,
            "max": 1.0,
            "count": 500
        },
        "FlappyBird.IsTraining.sum": {
            "value": 1.0,
            "min": 1.0,
            "max": 1.0,
            "count": 500
        }
    },
    "metadata": {
        "timer_format_version": "0.1.0",
        "start_time_seconds": "1679843885",
        "python_version": "3.9.2 (default, Feb 28 2021, 17:03:44) \n[GCC 10.2.1 20210110]",
        "command_line_arguments": "/home/bears_bears/Unity_env/bin/mlagents-learn trainer_config_hardcore.yaml --run-id FlappyBird-v2-Obs9 --force --time-scale 20",
        "mlagents_version": "0.30.0",
        "mlagents_envs_version": "0.30.0",
        "communication_protocol_version": "1.5.0",
        "pytorch_version": "1.11.0+cu102",
        "numpy_version": "1.21.2",
        "end_time_seconds": "1679844906"
    },
    "total": 1021.4240939470001,
    "count": 1,
    "self": 0.02427111200086074,
    "children": {
        "run_training.setup": {
            "total": 0.0329188180003257,
            "count": 1,
            "self": 0.0329188180003257
        },
        "TrainerController.start_learning": {
            "total": 1021.3669040169989,
            "count": 1,
            "self": 1.5549189838675375,
            "children": {
                "TrainerController._reset_env": {
                    "total": 8.369813752000482,
                    "count": 1,
                    "self": 8.369813752000482
                },
                "TrainerController.advance": {
                    "total": 1011.2981328501337,
                    "count": 46845,
                    "self": 1.6683708299569844,
                    "children": {
                        "env_step": {
                            "total": 645.0099201012818,
                            "count": 46845,
                            "self": 522.7710899322992,
                            "children": {
                                "SubprocessEnvManager._take_step": {
                                    "total": 121.34879367424219,
                                    "count": 46845,
                                    "self": 5.606704000834725,
                                    "children": {
                                        "TorchPolicy.evaluate": {
                                            "total": 115.74208967340746,
                                            "count": 41694,
                                            "self": 115.74208967340746
                                        }
                                    }
                                },
                                "workers": {
                                    "total": 0.8900364947403432,
                                    "count": 46845,
                                    "self": 0.0,
                                    "children": {
                                        "worker_root": {
                                            "total": 1018.9574173907313,
                                            "count": 46845,
                                            "is_parallel": true,
                                            "self": 581.1281252989829,
                                            "children": {
                                                "run_training.setup": {
                                                    "total": 0.0,
                                                    "count": 0,
                                                    "is_parallel": true,
                                                    "self": 0.0,