{"count":1,"self":57.309951999999996,"total":4123.5519491,"children":{"InitializeActuators":{"count":2,"self":0.0029925999999999998,"total":0.0029925999999999998,"children":null},"InitializeSensors":{"count":2,"self":0.0059835999999999995,"total":0.0059835999999999995,"children":null},"AgentInfo.ToProto":{"count":801,"self":0.0029893999999999997,"total":0.025912599999999997,"children":{"GenerateSensorData":{"count":801,"self":0.022923199999999998,"total":0.022923199999999998,"children":{"RayPerceptionSensor.Perceive":{"count":400,"self":0,"total":0,"children":null}}}}},"AgentSendState":{"count":255547,"self":1.5622283,"total":2.9143089,"children":{"CollectObservations":{"count":56796,"self":0.2077626,"total":0.2077626,"children":null},"WriteActionMask":{"count":56796,"self":0.0358427,"total":0.0358427,"children":null},"RequestDecision":{"count":56796,"self":0.0657285,"total":1.1084753,"children":{"AgentInfo.ToProto":{"count":56796,"self":0.1964318,"total":1.0427468,"children":{"GenerateSensorData":{"count":56796,"self":0.7210569,"total":0.84631499999999993,"children":{"RayPerceptionSensor.Perceive":{"count":51110,"self":0.12525809999999998,"total":0.12525809999999998,"children":null}}}}}}}}},"DecideAction":{"count":255547,"self":4062.3202303999997,"total":4062.3202211999997,"children":null},"AgentAct":{"count":255547,"self":0.9675895,"total":0.9675895,"children":null}},"gauges":{"Generator.CumulativeReward":{"count":401,"max":105.020882,"min":-269.239563,"runningAverage":14.76862,"value":23.4799881,"weightedAverage":37.083252},"Solver.CumulativeReward":{"count":400,"max":22.6203289,"min":-0.700000048,"runningAverage":6.89912748,"value":3.430005,"weightedAverage":11.4462185}},"metadata":{"timer_format_version":"0.1.0","start_time_seconds":"1683232727","unity_version":"2022.2.11f1","command_line_arguments":"Z:\\Git\\Flappy_bird\\Builds\\Windows\\Curr27\\Flappy_bird.exe -nographics -batchmode --mlagents-port 5006 -logFile Z:\\Git\\Flappy_bird\\TrainerConfig\\results\\Curr27a\\run_logs\\Player-1.log","communication_protocol_version":"1.5.0","com.unity.ml-agents_version":"2.0.1","scene_name":"Inference","end_time_seconds":"1683236850"}}