ydiffs;heights;distances;angles
-0.2946868;3.250731;2.09607;-8.002771
-0.02024906;3.596864;1.869003;-0.620727
1.655023;3.462699;2.021409;39.30881
0.5213548;3.145877;2.373256;12.38988
-1.281711;2.793117;1.976905;-32.95706
3.083101;3.536549;1.730928;60.68908
-1.128711;3.92613;1.988488;-29.58023
0.2635173;3.658069;1.934857;7.755665
2.204901;3.754148;2.166697;45.50071