ydiffs;heights;distances;angles
2.430125;3.450512;2.111004;49.01978
0.4507495;3.275199;2.074095;12.26106
1.180122;3.338701;1.782758;33.50313
-9.181501E-05;3.826658;1.878419;-0.002800554
2.885489;3.034083;1.725408;59.12225
-0.5120006;3.521782;1.725997;-16.52249
3.406238;3.753515;2.027023;59.24348
-0.6872587;3.302613;2.006717;-18.90526
-0.4788546;3.615953;2.452422;-11.04844