ydiffs;heights;distances;angles
0.1432007;3.623127;1.938672;4.224501
0.1248956;3.461131;1.574191;4.536317
0.0932554;3.484267;1.828914;2.918955
-1.786363;3.794472;2.100236;-40.38295
1.944023;2.969654;2.182638;41.69069
-0.8834797;3.043791;2.110129;-22.71833
2.038783;3.154185;2.086763;44.33369
1.616897;3.491128;2.243176;35.78432
0.1786781;3.663697;2.18152;4.682377