ydiffs;heights;distances;angles
-1.051493;3.346376;1.9309;-28.57099
0.7487291;3.846201;1.828868;22.26394
2.524636;3.895511;2.235106;48.48095
-2.339691;3.14511;2.403786;-44.22586
0.5139304;3.86878;1.533865;18.52372
1.848973;3.090727;2.09538;41.42533
-0.05254292;3.146727;2.053004;-1.466062
1.545165;3.711361;2.00744;37.58617
-1.65995;3.456407;1.69159;-44.45913