ydiffs;heights;distances;angles
-1.237486;3.02305;2.204836;-29.30375
0.7646381;3.171128;1.517543;26.74198
1.101031;4;1.299295;40.27815
-0.7426433;3.843142;2.118755;-19.31604
0.7208263;3.7592;1.707026;22.89288
0.6274254;3.571694;1.929757;18.01099
0.7895077;3.387688;1.982881;21.71057
0.02223376;3.142879;2.069088;0.6156586
3.573952;3.475188;1.702371;64.53027