ydiffs;heights;distances;angles
0.1738521;3.134637;1.680675;5.905776
0.2034943;3.457266;1.8261;6.35861
0.2125224;3.337106;2.754209;4.412357
0.3462577;3.468676;1.851654;10.59193
0.4262589;3.507887;1.552784;15.35029
0.4509278;3.270779;1.829339;13.84722
0.575823;4;1.961897;16.35713
0.1969415;3.377942;1.468744;7.637146
0.2508744;3.688824;2.038641;7.015525