ydiffs;heights;distances;angles
0.6046478;3.470292;2.267236;14.93263
-0.656337;3.254132;2.43691;-15.07388
1.066806;2.973783;1.78892;30.80935
1.343294;3.346833;1.394291;43.9328
1.628595;3.224513;1.887944;40.78199
-1.397377;3.356428;1.709466;-39.26377
2.974886;3.320526;2.153742;54.09642
0.01927239;3.375611;1.931581;0.5716507
-0.9538721;4;2.471394;-21.10485