ydiffs;heights;distances;angles
-1.903546;2.829954;1.738632;-47.59252
1.476155;3.292543;2.316591;32.5057
0.1188631;3.347815;2.092508;3.251144
1.554999;3.695768;1.940834;38.70177
0.1760328;3.448779;1.957395;5.138911
-1.418283;3.275123;1.825001;-37.85224
2.809028;3.535073;1.701617;58.79389
0.6944019;3.233084;2.131069;18.04803
0.0002135043;3.480125;1.906824;0.006415324