ydiffs;heights;distances;angles
-1.77077;3.002453;1.791705;-44.6633
1.341786;3.221493;2.216075;31.194
0.1524721;3.457882;1.95107;4.468464
-0.6278867;3.18564;2.324529;-15.11564
0.1116496;3.504097;1.546748;4.128645
-0.7658653;3.874327;1.969701;-21.24723
3.171505;3.670179;2.158785;55.7576
1.200003;3.540372;2.044486;30.41064
0.5799696;3.675006;1.760989;18.22895