ydiffs;heights;distances;angles
-0.08480682;3.525217;2.222575;-2.185176
1.400359;3.758914;2.283576;31.51791
0.1347545;3.475208;2.244255;3.436155
1.875082;3.376797;1.577751;49.92173
-2.585633;3.388485;1.781978;-55.42599
0.8743173;3.472768;2.07164;22.88175
-0.393219;3.360719;2.143012;-10.39748
1.021944;3.876477;2.185484;25.06105
-0.331404;4;2.115851;-8.901863