ydiffs;heights;distances;angles
0.02827536;2.633213;1.835234;0.8826835
0.1083593;3.181246;2.310507;2.685118
0.1236992;3.353513;2.097315;3.375383
0.4622141;3.790311;1.843133;14.0781
0.3551419;3.289877;2.085617;9.663716
0.2894542;3.551503;2.066229;7.974562
0.2685009;3.048234;1.977053;7.733945
0.2842246;3.426946;1.638224;9.842587
0.3163314;3.521079;2.310597;7.795592