ydiffs;heights;distances;angles
2.087257;3.264718;1.931863;47.21418
-1.021723;3.425104;1.582891;-32.8414
1.330257;3.43103;1.952638;34.2651
-0.2391225;3.594296;2.003445;-6.806376
0.5360969;3.700022;2.093091;14.36616
0.2169691;2.987298;2.305212;5.3769
-0.08801889;3.168051;1.645557;-3.061765
1.212118;3.379911;2.085102;30.17043
1.179044;3.464875;1.850828;32.49861