ydiffs;heights;distances;angles
-0.6248233;3.34494;1.767881;-19.46497
-0.4501622;3.681767;1.871474;-13.52492
-0.4280959;2.991575;2.007982;-12.03511
-0.3716315;3.770203;1.788394;-11.7391
0.08470065;3.869448;2.477515;1.958051
0.0685121;3.238746;1.729046;2.269114
0.09310436;3.701977;1.665276;3.200033
0.1685824;3.361457;2.316031;4.163182
-0.2978618;3.819133;1.884482;-8.981884