ydiffs;heights;distances;angles
-0.9278861;3.575705;1.707921;-28.51452
0.8740597;2.90882;1.667005;27.66935
2.171421;3.51171;2.111261;45.8048
3.429411;3.674626;1.723024;63.32388
-1.651875;3.068333;1.795468;-42.61483
0.5952796;3.479769;1.63594;19.99524
1.847302;3.387873;2.080068;41.60818
-0.4857005;2.783728;2.465719;-11.14353
1.519006;3.656927;2.036056;36.7249