ydiffs;heights;distances;angles
0.5113717;3.714869;2.276537;12.66004
0.6396525;3.191409;2.070372;17.16881
1.627613;3.470505;2.105369;37.70679
-1.319462;3.3751;2.213371;-30.80054
-0.2343189;3.440468;1.933718;-6.909148
0.3665202;3.746555;1.770443;11.69625
4.121169;3.37681;1.895813;65.29671
-0.4712833;4;1.989664;-13.32581
1.01404;3.597989;2.174761;24.99854