ydiffs;heights;distances;angles
1.416858;3.122101;1.566771;42.12357
0.7907882;3.53104;1.32918;30.7503
0.2221511;3.091747;1.359235;9.28226
3.746344;3.40112;1.797228;64.37164
-0.5254542;3.298571;2.071803;-14.23138
1.316443;3.404258;1.669927;38.24953
0.3325472;3.22442;2.654095;7.141706
0.4327104;3.55211;1.721453;14.10974
-1.317486;3.603367;2.029755;-32.98705