ydiffs;heights;distances;angles
1.156532;3.233107;2.067073;29.2271
-0.1558279;3.556451;1.893294;-4.705134
0.04135642;3.20056;2.260927;1.047926
0.1606443;3.701681;2.007947;4.574164
0.181805;3.329293;1.699537;6.105897
0.3103306;3.924033;1.608863;10.91759
0.3352528;3.452881;1.625958;11.65042
0.1718057;3.870165;1.741854;5.633079
0.2402757;2.977792;2.275149;6.028591