ydiffs;heights;distances;angles
0.2149206;3.314039;1.794384;6.830011
0.2019317;3.794515;1.697567;6.783664
0.05073215;3.261377;1.659054;1.7515
0.1278498;3.478694;2.140641;3.417931
0.2573229;3.373747;1.734518;8.438518
0.1975976;3.63102;1.748664;6.447029
1.844459;3.715569;1.80206;45.66617
0.4694402;2.902869;2.157451;12.27566
2.61028;2.991915;1.77962;55.71486