ydiffs;heights;distances;angles
0.8639539;3.574847;2.201343;21.42836
-0.4742433;3.495677;1.588296;-16.6249
1.985032;3.488333;2.095817;43.44495
-0.5770488;3.260745;1.851577;-17.30978
0.3101849;3.614361;2.101313;8.397063
0.4442871;3.912639;1.741108;14.31496
0.4040983;2.978499;1.751532;12.99147
-0.3850681;3.175369;2.358889;-9.271263
0.07555963;3.513354;2.057448;2.103238