ydiffs;heights;distances;angles
-1.293277;3.369029;1.480846;-41.1319
-0.1909286;2.839495;1.80106;-6.05127
2.397635;3.738568;1.638408;55.65351
1.655761;3.368008;1.825044;42.2157
-0.4481291;3.575912;1.454903;-17.11951
3.491261;3.495173;1.903105;61.40496
0.3184845;3.674646;1.3834;12.96466
1.968458;3.620886;1.986131;44.74395
-0.7032773;3.468289;1.822074;-21.10541