ydiffs;heights;distances;angles
0.6915311;3.510622;2.074909;18.43233
1.771373;3.530275;1.882988;43.25056
-1.447013;3.519177;1.880566;-37.5767
1.516523;3.342588;2.038972;36.64071
0.1396354;3.961375;1.724943;4.628046
0.7396298;3.129781;1.857774;21.70883
-0.8890361;3.084607;2.410335;-20.24616
2.275255;3.772209;2.397291;43.50391
0.5892198;3.175995;2.033709;16.15771