ydiffs;heights;distances;angles
0.2707331;3.41097;2.069786;7.452122
-0.477234;3.202893;1.765563;-15.12567
1.08142;4;1.882171;29.87995
-0.6867933;3.86753;1.670691;-22.34675
1.152321;3.147122;2.224955;27.37997
-0.1954653;3.371682;2.27545;-4.909757
-0.05870717;3.176862;1.329713;-2.527981
0.06786542;4;1.60165;2.426297
0.08254562;3.100262;2.367095;1.997216