ydiffs;heights;distances;angles
-0.02884149;3.030233;1.944993;-0.8495529
0.1204201;3.077502;1.904645;3.617678
0.1448295;3.378796;1.694681;4.884698
0.1582564;3.660298;2.589494;3.497269
0.3456551;3.332424;2.178048;9.017608
0.2630611;3.642231;1.684646;8.875188
0.1027629;3.084698;1.924767;3.056107
0.1320532;3.936203;1.783986;4.233396
0.1851281;3.279312;2.218455;4.770229