ydiffs;heights;distances;angles
-0.2666312;3.374805;1.428151;-10.57519
-0.1352928;3.400941;1.770235;-4.370418
-0.2047734;3.522492;2.278708;-5.135023
-0.2262092;2.987969;2.053873;-6.285104
-0.1886353;3.849771;1.473732;-7.294104
0.3039454;3.308789;1.852389;9.318224
0.1222772;3.584708;1.72647;4.051209
0.01578025;3.26365;1.849857;0.4887512
-0.01692532;3.522736;1.97413;-0.4912166