ydiffs;heights;distances;angles
-0.2476137;3.136351;2.253053;-6.271716
0.8537912;3.423736;2.006805;23.04723
-0.1843065;3.443121;2.041564;-5.158515
0.4464304;3.455134;2.290642;11.02831
0.4019551;3.040148;2.090006;10.88634
3.334308;2.931552;1.299019;68.71452
0.2793162;2.981862;2.11785;7.513188
2.285963;2.995416;1.873153;50.66829
-0.5930694;3.318292;1.803416;-18.20391