ydiffs;heights;distances;angles
1.765269;3.14202;1.985174;41.64434
-4.732058;3.592637;2.017236;-66.91186
1.471921;2.839499;1.959328;36.91526
0.434259;2.997496;1.449607;16.67664
1.835611;3.957558;2.215306;39.64528
0.6343381;2.796005;2.406564;14.76653
-0.8662463;2.991848;1.802161;-25.67224
2.441219;3.750652;1.931851;51.64378
0.1680037;3.389051;1.887176;5.087283