ydiffs;heights;distances;angles
1.893352;3.354784;2.321918;39.19469
-0.3001029;3.435847;2.135167;-8.000653
0.8474624;3.536028;1.640074;27.3264
0.04095714;3.191398;2.057752;1.140255
1.470443;3.206316;1.696479;40.9175
-1.341135;3.500284;1.586098;-40.2164
3.482046;2.876317;1.815937;62.45731
-0.2588719;3.624355;1.910648;-7.715966
0.7285215;3.406874;1.97483;20.24919