ydiffs;heights;distances;angles
1.343394;3.662644;2.03739;33.39967
0.03211553;2.946604;2.202406;0.8354291
0.7523896;3.693178;1.805643;22.6209
0.07411001;3.352674;2.316464;1.832424
2.967331;2.970728;2.041835;55.46796
-0.9654933;3.451918;1.825296;-27.87668
2.570021;3.53594;2.010319;51.9668
-0.5263787;3.421541;1.719424;-17.02127
0.8185498;2.651901;2.079239;21.48845