ydiffs;heights;distances;angles
-3.056552;3.446014;2.623168;-49.36342
1.296305;3.997601;2.356602;28.81404
0.296223;3.344023;1.989574;8.468424
0.5460126;3.442413;1.638537;18.42971
0.5378279;3.549855;1.891083;15.87586
-0.3134314;3.352674;1.557889;-11.37547
0.7475649;3.821265;1.768976;22.90879
0.3284594;2.993376;1.603855;11.57378
2.299325;3.231245;1.919584;50.14329