ydiffs;heights;distances;angles
1.195815;3.694423;2.235218;28.14625
-1.168232;3.549944;1.820021;-32.69553
1.621801;3.769362;2.233769;35.98107
1.366213;3.871256;1.713953;38.55878
1.681146;3.693807;2.149484;38.02953
-1.219355;3.181963;2.342512;-27.49846
0.7285343;3.470921;2.057922;19.49471
0.7080975;3.681816;1.899355;20.44593
-0.364934;3.29436;2.492658;-8.329133