ydiffs;heights;distances;angles
1.932794;2.988927;1.758097;47.70989
-0.4482476;3.152842;2.013054;-12.55327
1.114892;3.361386;1.593245;34.98287
-0.8550335;2.988705;2.362025;-19.89984
2.206973;3.453742;1.695977;52.45905
-1.251151;3.917748;2.025903;-31.69852
3.607649;3.302074;2.385286;56.52834
-0.3043255;3.082883;1.94432;-8.895773
0.8582072;3.644794;1.746548;26.16827