ydiffs;heights;distances;angles
-0.5687077;3.482747;2.34595;-13.62682
0.8806405;3.428534;1.434454;31.54661
0.8822291;3.51092;1.815054;25.92264
0.8122406;3.479955;1.827104;23.96758
3.089235;3.374368;2.17424;54.86166
-1.068864;3.451315;2.091026;-27.07463
1.408558;3.094346;2.210093;32.51057
-0.1918598;3.857887;2.298496;-4.771525
1.492038;4;1.888687;38.30827