ydiffs;heights;distances;angles
2.074267;3.421604;1.821846;48.70691
0.170536;3.45546;1.791518;5.437645
1.31768;3.244187;1.12;49.63617
0.5317605;3.587049;2.006547;14.84291
0.3558837;3.509741;2.102936;9.605262
2.253926;3.328267;1.655378;53.70487
-1.935105;2.869945;1.496181;-52.28958
1.694277;2.963552;1.618817;46.30476
0.2605905;3.778275;1.863823;7.959216