ydiffs;heights;distances;angles
3.06077;3.23913;2.052698;56.15231
0.2016605;3.491191;2.073864;5.553922
-3.870104;3.123341;1.622902;-67.2496
0.5668314;3.00032;1.676858;18.67689
2.419409;3.76318;1.683065;55.17554
-0.6493178;2.648698;1.840854;-19.42909
1.219302;3.152679;2.229374;28.67539
0.6591707;3.624785;1.931681;18.8418
0.3601501;3.351857;1.59462;12.72691