ydiffs;heights;distances;angles
-0.51842;3.28172;2.262023;-12.90836
1.225284;3.563142;1.278977;43.77173
-0.009488299;2.994302;2.049041;-0.2653122
1.358907;3.234148;1.971497;34.57758
-0.6503664;3.645646;1.993546;-18.06819
-2.810654;3.505474;2.42901;-49.16592
0.6950569;3.725363;1.975761;19.38147
1.950106;3.619183;1.642236;49.89839
-1.090571;3.32437;1.741259;-32.05938