ydiffs;heights;distances;angles
0.2954676;3.805564;1.492549;11.1976
0.2213462;3.884985;2.447118;5.16844
0.5500173;3.349311;2.547858;12.18176
-0.429077;3.243292;1.966563;-12.30826
2.041104;3.466965;1.860476;47.65068
2.014455;3.662808;1.694621;49.92843
-1.615601;3.436793;1.826032;-41.50113
0.8391299;3.189816;1.646409;27.00669
0.4370163;3.767701;1.69004;14.49817