ydiffs;heights;distances;angles
0.31547;3.726122;2.058255;8.713946
-1.38015;3.382504;2.38204;-30.08793
2.09749;3.896059;2.212751;43.46821
-1.143052;3.649498;1.958939;-30.26379
1.259333;3.860582;2.30005;28.70176
-0.4411424;4;1.90422;-13.04337
2.989195;3.208378;1.938808;57.03234
-0.1613304;3.227819;1.899136;-4.855583
1.5619;3.513139;1.912872;39.23236