ydiffs;heights;distances;angles
-1.877276;3.60129;2.144391;-41.20006
3.081989;3.218968;2.179361;54.73479
0.5673506;3.369578;1.894104;16.6748
2.85926;3.338959;1.872691;56.77695
1.214161;3.163122;1.97136;31.62892
-0.5445129;4;1.941408;-15.66738
0.913991;3.829032;1.716289;28.03704
-0.4293528;3.144502;1.613424;-14.90179
1.190874;2.782796;2.422582;26.17746