ydiffs;heights;distances;angles
-1.92769;3.418159;2.111035;-42.40075
0.6355552;3.531541;2.025246;17.4227
1.2476;3.499389;2.097095;30.74919
-0.6996233;2.992522;2.061022;-18.75002
2.366874;2.663045;1.997191;49.84201
0.5820267;3.800074;1.625771;19.69739
0.6108152;2.987516;1.647897;20.3379
-0.9510162;2.974653;1.941581;-26.09632
2.041853;3.732762;2.061288;44.72861