ydiffs;heights;distances;angles
0.8785513;3.64689;2.257568;21.26391
0.1433582;3.156639;2.147397;3.819344
0.8530825;4;1.752648;25.954
-1.984872;3.20309;2.318383;-40.56832
-0.2329793;3.270886;1.893759;-7.013559
0.003935453;3.024257;2.091633;0.1078032
1.456687;3.703767;1.892851;37.5809
-0.3893758;2.845011;1.906483;-11.54321
1.445657;2.98046;2.314663;31.98744