ydiffs;heights;distances;angles
0.7323641;3.854606;1.99812;20.12922
2.956196;3.315695;2.036208;55.44118
-1.048087;3.368662;1.788148;-30.37585
0.4401067;3.04502;2.056795;12.07784
0.5022857;3.351748;1.964859;14.33968
0.3552663;3.206025;1.781913;11.27541
0.3948261;3.57842;2.02768;11.01865
0.463066;3.06281;1.766301;14.69046
0.5141914;4;2.177409;13.28688