ydiffs;heights;distances;angles
0.6248367;3.346882;1.878372;18.3996
-0.4886289;3.592448;1.456831;-18.54172
0.6324713;3.918436;2.044284;17.1913
0.5080872;3.083973;2.411385;11.89837
0.427193;3.609937;2.389919;10.13447
0.415278;3.342548;1.716427;13.60096
0.3702391;3.6589;1.55665;13.37885
0.3466576;3.439362;2.249973;8.758797
-1.490981;3.342624;1.96462;-37.19543