ydiffs;heights;distances;angles
0.3438919;3.217769;1.686612;11.52436
-0.2922793;3.562116;1.445033;-11.43465
1.310465;2.900063;1.71934;37.31431
0.08837703;3.424525;2.114726;2.39307
1.285244;3.532451;2.01925;32.47658
0.2553684;3.777713;1.973491;7.373065
-0.6517248;3.557434;1.592043;-22.26241
-2.835751;3.118279;1.909373;-56.04676
2.433014;4;1.646571;55.91135