ydiffs;heights;distances;angles
-0.6361453;3.517047;2.056733;-17.18678
2.191445;3.393076;2.065712;46.69171
1.13342;3.586388;1.814644;31.98876
-3.059918;3.333349;1.768289;-59.97691
1.924218;3.136437;2.055861;43.10561
0.4529805;3.625572;2.537663;10.12087
2.119122;3.178777;2.245041;43.34731
-0.5909854;4;2.009214;-16.3906
1.130958;3.534505;1.727818;33.2071