ydiffs;heights;distances;angles
0.5877874;2.912225;1.450477;22.05964
-0.6804665;2.957983;2.300732;-16.47616
3.222251;3.746713;2.19731;55.70923
-6.923087E-05;3.632531;1.766638;-0.002245302
1.836818;2.962111;1.782893;45.8535
-1.158451;3.290745;2.00884;-29.97105
1.939893;3.38749;1.962021;44.67507
3.662376;3.66283;2.232749;58.63163
0.1122831;3.191997;1.970691;3.260988