ydiffs;heights;distances;angles
0.1155542;2.86256;1.932369;3.422168
0.1047368;3.487461;2.225332;2.694676
-0.7936444;3.336121;1.76704;-24.18665
2.165378;3.46314;1.846984;49.53711
0.4089285;3.471887;2.351776;9.864011
4.206481;3.232885;1.857903;66.17009
1.338842;3.707956;1.832639;36.15015
0.1587806;3.352654;2.061773;4.403751
1.538151;3.375161;2.232361;34.56779