ydiffs;heights;distances;angles
1.783471;3.072123;1.713264;46.15022
-1.408992;3.645353;1.560472;-42.07972
1.038714;3.156024;1.943803;28.1188
0.7673742;3.123422;2.06753;20.36266
0.4542381;3.665038;2.133348;12.02006
0.6751426;3.422803;1.88636;19.69268
2.170206;3.49058;1.622416;53.21872
-1.481389;3.366146;1.759896;-40.08892
1.51428;3.687024;1.776944;40.43706