ydiffs;heights;distances;angles
-0.308135;3.619413;2.021634;-8.666252
0.1626179;2.960972;1.12;8.261305
0.2679914;3.851934;2.032665;7.510692
0.2761174;3.433895;2.172294;7.243943
0.3817741;3.25328;2.178831;9.938458
0.4149634;3.559463;2.045096;11.46997
0.4590829;3.709358;1.772307;14.52221
0.5385722;3.268852;1.796691;16.68652
1.37446;3.505362;1.573745;41.13295