ydiffs;heights;distances;angles
0.1954501;3.426139;1.710826;6.517391
0.2168323;3.252661;2.378262;5.209401
0.256216;3.209598;1.849731;7.886158
0.3009057;3.369303;2.056328;8.325096
0.3276073;3.791197;2.006511;9.272979
0.3138291;2.909457;1.910757;9.327177
1.247163;3.750359;1.61011;37.76074
1.851595;3.431117;1.840617;45.17035
0.9923745;3.431245;1.803654;28.81969