ydiffs;heights;distances;angles
2.951404;3.859927;2.048137;55.24115
0.3852189;3.602886;1.748486;12.42467
0.13747;3.486637;2.224883;3.535669
0.3246582;3.435538;1.58833;11.55226
0.6176132;3.640479;1.674383;20.24701
-0.6448123;3.559851;1.915458;-18.60509
2.325962;3.745886;1.9636;49.82861
0.2975436;3.968438;2.229463;7.601762
0.8624953;3.087347;2.008738;23.23732