ydiffs;heights;distances;angles
1.990192;3.286742;2.036322;44.34362
-0.8070669;3.508387;2.008291;-21.89359
3.577008;3.229268;2.432767;55.7799
-0.103264;3.08305;1.578982;-3.741765
2.696666;3.38117;1.743581;57.11454
-0.6180474;3.586549;1.947467;-17.60734
0.6607976;3.310166;2.248985;16.37386
1.432736;3.619121;2.222149;32.81199
-0.001352449;3.553348;2.01865;-0.03838685