ydiffs;heights;distances;angles
2.190839;2.97162;1.760625;51.21357
-1.629571;3.181176;2.033734;-38.70417
1.963629;3.060075;2.192091;41.85332
-1.137453;3.807408;1.937135;-30.42073
1.405177;2.999939;1.980117;35.36116
2.14907;3.766982;1.785495;50.27944
-0.8518233;3.133967;1.911938;-24.01434
1.176351;3.150326;2.280268;27.28844
1.672634;3.123886;1.885237;41.58032