ydiffs;heights;distances;angles
0.372734;3.346455;2.307045;9.177595
0.122715;3.281084;1.386685;5.057229
1.091423;3.020007;1.861938;30.37782
-0.4388002;3.708916;1.911699;-12.92741
0.5844715;3.709502;2.211068;14.80683
0.4281012;3.110908;1.388103;17.14015
0.2221891;3.456187;2.491868;5.095343
0.2026055;3.388962;2.34511;4.937802
0.1769447;4;1.831114;5.519485