ydiffs;heights;distances;angles
-0.1545097;3.476276;2.027866;-4.357134
-0.07923952;3.247508;1.47323;-3.078759
-0.08426029;3.579281;1.804382;-2.673633
-0.06319407;3.178868;2.004789;-1.805454
-0.01656932;3.956491;1.12;-0.8475741
-0.03673916;3.242308;1.958922;-1.074444
-0.3226642;3.476713;2.139349;-8.576906
-0.124356;3.459356;2.055258;-3.462533
-0.06231527;3.321847;2.117763;-1.685445