ydiffs;heights;distances;angles
-0.1483164;3.526648;1.554037;-5.451761
-0.006886381;3.313232;2.202383;-0.1791511
0.03356198;3.53632;2.388689;0.8049744
0.1448748;3.281504;1.707851;4.848719
0.1985597;3.104776;2.376795;4.775455
0.2506973;3.94931;1.827207;7.812344
0.3088912;3.450726;1.911692;9.178524
0.3860588;3.498054;2.120824;10.31673
0.5025144;3.408062;1.917439;14.68557