ydiffs;heights;distances;angles
1.444622;3.325374;2.104103;34.47248
0.06480499;3.112317;1.916147;1.937032
2.914774;3.505442;2.033806;55.0943
-3.367501;3.775367;1.861329;-61.06913
1.902479;3.168159;1.718714;47.9051
-1.285928;3.928882;1.435253;-41.85904
1.212446;3.408503;1.285854;43.31694
-0.5351407;3.669689;1.519361;-19.403
2.373222;3.520215;2.056009;49.09642