ydiffs;heights;distances;angles
0.1592032;3.662164;1.845487;4.930485
0.369233;3.790644;2.254259;9.302078
-0.3314704;3.792372;1.670727;-11.22169
-2.10952;4;1.646611;-52.02577
0.2188984;3.408889;2.496783;5.010434
0.7963475;3.139934;2.015399;21.56053
2.610444;3.285209;1.840031;54.82103
-0.8169167;3.383004;2.095714;-21.29601
2.646932;3.777932;1.750419;56.5233