ydiffs;heights;distances;angles
2.019529;4;1.670062;50.41076
0.2231541;3.379246;2.307358;5.524132
2.218872;3.453663;2.208223;45.13783
-0.6228868;3.321839;2.058372;-16.83641
1.463098;3.161402;1.861097;38.17259
3.573165;3.439329;1.876046;62.29884
-1.706277;3.317242;1.692475;-45.23266
1.240791;3.737132;1.600187;37.79013
2.003925;3.931576;1.78178;48.35826