ydiffs;heights;distances;angles
0.4684568;3.709814;1.367757;18.90633
-1.45206;2.67752;2.259042;-32.73197
2.162889;3.84651;1.854773;49.38545
3.989453;3.332519;1.916036;64.34617
-0.6626386;3.551654;1.750075;-20.7384
1.07226;3.022048;2.026239;27.88721
-0.2463799;3.340271;2.218589;-6.336877
1.869578;3.202635;2.17519;40.67909
-1.192691;3.095679;1.556506;-37.46156