ydiffs;heights;distances;angles
0.7925248;3.237258;1.641767;25.76785
0.5391611;3.297912;1.792569;16.74001
0.2967903;3.833582;1.875636;8.991616
0.2929669;2.956149;1.730117;9.610931
0.2762814;3.613991;1.395195;11.201
0.1825299;3.238079;2.186682;4.771615
0.147914;3.70775;2.184159;3.874227
0.1138351;3.412887;1.559131;4.175865
0.06066781;3.021976;2.179363;1.594554