ydiffs;heights;distances;angles
-0.1948718;3.426936;2.235616;-4.981705
-0.147838;3.239108;1.78865;-4.724951
-0.1570699;3.555823;2.186551;-4.108758
-0.1150652;3.220286;2.020883;-3.258793
-0.05270039;3.60155;1.794194;-1.682451
-0.03434748;3.654829;1.703669;-1.154978
-0.03719411;3.990965;2.080788;-1.024053
-0.02756857;3.679744;2.237985;-0.705761
-0.01179769;3.439094;1.541232;-0.4385743