ydiffs;heights;distances;angles
0.1096194;3.549018;2.180641;2.8778
0.2838047;2.865064;2.085835;7.748248
0.4220526;3.787598;1.892207;12.57387
0.4534748;3.357215;1.80043;14.13705
2.896323;3.531101;1.450385;63.39977
0.2483403;3.521887;1.560734;9.040975
0.3431402;3.312318;1.896317;10.25673
-0.322871;3.437955;2.070563;-8.86298
2.338195;3.679165;1.606475;55.50869