ydiffs;heights;distances;angles
-0.4159074;3.854339;1.75003;-13.36875
2.727643;3.052942;1.631097;59.1211
1.722023;4;2.012359;40.55438
-0.8759832;3.128949;2.099957;-22.64314
0.320736;3.267597;2.289824;7.973555
0.4431282;3.120035;2.046532;12.21745
1.867214;3.393347;1.767585;46.57008
-0.7720596;3.600551;1.889313;-22.22717
0.9746145;3.536988;2.414686;21.97996