ydiffs;heights;distances;angles
1.376952;3.144953;1.969628;34.9571
0.008995985;3.367544;1.908001;0.2701404
1.416505;3.445996;1.721998;39.44051
-1.006273;3.295319;1.607505;-32.04592
3.166215;3.544181;1.78341;60.60908
1.026709;3.665734;1.914708;28.20119
0.5661044;2.841035;2.17884;14.56451
1.335867;3.718147;2.094498;32.52966
0.05475142;2.968371;1.764104;1.777683