ydiffs;heights;distances;angles
0.6611063;3.629101;1.866662;19.50236
0.6807932;3.46323;1.632426;22.63828
2.642554;3.190313;1.687613;57.43649
-2.181834;3.149368;1.868138;-49.42907
0.4056089;3.599657;1.387817;16.29174
-0.19971;3.574206;1.853957;-6.148246
0.09081734;3.492793;2.042912;2.5454
0.3132721;3.363518;2.213675;8.054826
0.05620094;3.652739;2.002267;1.607793