ydiffs;heights;distances;angles
-0.07113349;3.302716;2.082679;-1.956166
-0.1264064;3.349677;1.712361;-4.221914
-0.0366112;3.477589;1.845056;-1.136763
-0.08255914;3.242338;1.936554;-2.441154
-0.02193201;3.809619;1.677231;-0.7491755
-0.09242433;3.376414;2.154335;-2.456571
-0.07180087;3.113467;1.773355;-2.318567
-0.09922985;2.795954;1.47343;-3.852834
-0.08628011;3.834916;2.020809;-2.444806