ydiffs;heights;distances;angles
-0.2343683;3.617714;1.982761;-6.741252
-0.1458457;3.612772;2.105932;-3.961679
-0.05725082;3.765201;2.172384;-1.509619
-0.03321455;3.147243;2.224029;-0.8556148
0.1088033;3.595862;2.209053;2.819733
0.03881833;3.244523;1.757314;1.265434
0.1881736;3.873601;2.088244;5.149067
0.1102797;3.093947;1.408329;4.477431
0.3099075;3.015224;1.724119;10.19