ydiffs;heights;distances;angles
-0.6362855;3.260745;2.157831;-16.42935
-0.484431;3.679483;1.873675;-14.49615
-0.4526425;3.360251;1.883808;-13.51094
-0.374183;3.679954;2.038529;-10.40117
0.08916558;3.928804;2.14201;2.383679
0.07078555;3.07043;1.968271;2.059658
0.1061174;3.463234;1.996925;3.04186
0.1856306;3.411035;2.18967;4.845699
-0.3033365;3.874307;1.998664;-8.629901