ydiffs;heights;distances;angles
0.133978;3.429682;1.969382;3.891864
-1.122149;3.207934;1.907836;-30.46315
2.27288;3.421347;1.809766;51.47167
-1.025305;3.226283;1.953627;-27.69144
3.447477;3.622908;2.556581;53.4401
1.879485;2.98971;2.520156;36.71489
0.5471407;3.216378;1.725127;17.59692
0.3959285;3.520583;1.736026;12.84748
1.582783;3.098975;2.309331;34.4262