ydiffs;heights;distances;angles
0.5324206;3.305365;1.74882;16.93265
0.3410316;3.421047;1.714559;11.2495
3.547311;3.454568;2.21424;58.02749
-1.574351;3.576955;1.657894;-43.51943
1.459089;4;2.191413;33.65652
-0.2934113;3.262215;2.345826;-7.129419
1.186416;3.122669;1.92405;31.65899
-0.810801;3.849856;1.832965;-23.86191
-1.475206;2.870228;1.935289;-37.31707