ydiffs;heights;distances;angles
-0.2323395;3.624558;1.726701;-7.66351
0.3479181;3.477131;2.421875;8.174981
1.522359;3.370306;1.997635;37.31032
0.002912183;3.195095;1.697962;0.09826817
1.531786;3.340513;1.679244;42.37069
0.136837;3.549296;1.933305;4.048574
0.5799854;3.642611;1.987149;16.27084
2.611711;3.466056;1.394555;61.89947
-2.291236;2.88065;2.011194;-48.72409