ydiffs;heights;distances;angles
2.095222;2.925457;1.994639;46.4088
1.731095;3.424469;2.057734;40.07265
0.1012498;3.821113;2.034948;2.848429
-0.5773172;3.257007;2.067012;-15.60507
0.4476161;3.514227;1.827787;13.76063
0.4361399;3.379867;2.015546;12.20987
0.08369671;3.724742;1.83601;2.610089
0.2171655;3.176986;2.028901;6.109451
0.03612786;3.678142;1.629991;1.269722