ydiffs;heights;distances;angles
-0.1757843;3.420907;1.484923;-6.751219
-0.1772107;3.327219;1.605182;-6.299891
-0.1213879;4;2.132478;-3.257956
-0.1601334;3.455085;2.509007;-3.65186
-0.08044556;3.547359;1.94657;-2.366506
-0.1263385;3.221572;1.800884;-4.012929
-0.1136896;3.800856;1.86023;-3.497332
-0.08841904;3.719709;1.765841;-2.866515
-0.09890868;3.081728;2.21994;-2.551106