ydiffs;heights;distances;angles
-0.2557489;3.237788;2.488878;-5.866934
-0.1996763;3.260332;1.942949;-5.867672
-0.2436202;3.561169;1.854195;-7.485139
-0.2118517;3.419493;1.74408;-6.925731
-0.2266722;3.659532;2.003172;-6.455938
0.2281438;2.987919;2.026809;6.422356
0.06868171;3.543057;2.030701;1.937101
-0.02409831;3.084638;2.034387;-0.6786649
-0.06195056;4;1.805368;-1.965313