ydiffs;heights;distances;angles
-0.5899209;2.94476;2.341929;-14.1384
-0.4876517;3.258902;2.194835;-12.52658
-0.3316365;4;1.846011;-10.18457
-0.3063344;3.038841;2.222734;-7.847
-0.3321006;3.51028;1.950493;-9.6628
-0.3590762;3.686233;2.052618;-9.922673
1.392889;3.428177;2.148108;32.96042
1.263992;3.855239;1.497242;40.17151
1.833123;3.598738;1.457141;51.51897