{
    "name": "root",
    "gauges": {
        "Generator.Policy.Entropy.mean": {
            "value": 1.2668811082839966,
            "min": 1.2668811082839966,
            "max": 1.4189385175704956,
            "count": 110
        },
        "Generator.Policy.Entropy.sum": {
            "value": 316.72027587890625,
            "min": 310.1859130859375,
            "max": 404.3974914550781,
            "count": 110
        },
        "Generator.theta.mean": {
            "value": 0.0325266700059874,
            "min": -0.07199278537521514,
            "max": 1.3439035415649414,
            "count": 110
        },
        "Generator.theta.sum": {
            "value": 8.13166750149685,
            "min": -18.574138626805507,
            "max": 344.039306640625,
            "count": 110
        },
        "Generator.height.mean": {
            "value": 3.512696611404419,
            "min": 2.0,
            "max": 3.9834045215174254,
            "count": 110
        },
        "Generator.height.sum": {
            "value": 878.1741528511047,
            "min": 512.0,
            "max": 983.9009168148041,
            "count": 110
        },
        "Generator.distance.mean": {
            "value": 1.732813145160675,
            "min": 1.1200000047683716,
            "max": 2.4931140859280863,
            "count": 110
        },
        "Generator.distance.sum": {
            "value": 433.20328629016876,
            "min": 286.7200012207031,
            "max": 619.5075285434723,
            "count": 110
        },
        "Generator.Environment.EpisodeLength.mean": {
            "value": 9.0,
            "min": 3.142857142857143,
            "max": 9.0,
            "count": 107
        },
        "Generator.Environment.EpisodeLength.sum": {
            "value": 225.0,
            "min": 22.0,
            "max": 232.0,
            "count": 107
        },
        "Generator.Step.mean": {
            "value": 27493.0,
            "min": 221.0,
            "max": 27493.0,
            "count": 110
        },
        "Generator.Step.sum": {
            "value": 27493.0,
            "min": 221.0,
            "max": 27493.0,
            "count": 110
        },
        "Generator.Policy.ExtrinsicValueEstimate.mean": {
            "value": 5.810327529907227,
            "min": -33.223655700683594,
            "max": 6.690332889556885,
            "count": 110
        },
        "Generator.Policy.ExtrinsicValueEstimate.sum": {
            "value": 145.25819396972656,
            "min": -132.89462280273438,
            "max": 200.5313720703125,
            "count": 110
        },
        "Generator.Environment.CumulativeReward.mean": {
            "value": 9.0,
            "min": 2.142857142857143,
            "max": 9.0,
            "count": 107
        },
        "Generator.Environment.CumulativeReward.sum": {
            "value": 225.0,
            "min": 15.0,
            "max": 229.0,
            "count": 107
        },
        "Generator.Policy.ExtrinsicReward.mean": {
            "value": 9.0,
            "min": 2.142857142857143,
            "max": 9.0,
            "count": 107
        },
        "Generator.Policy.ExtrinsicReward.sum": {
            "value": 225.0,
            "min": 15.0,
            "max": 229.0,
            "count": 107
        },
        "Generator.IsTraining.mean": {
            "value": 1.0,
            "min": 1.0,
            "max": 1.0,
            "count": 110
        },
        "Generator.IsTraining.sum": {
            "value": 1.0,
            "min": 1.0,
            "max": 1.0,
            "count": 110
        },
        "Generator.Losses.PolicyLoss.mean": {
            "value": 0.06408108768300735,
            "min": 0.05900341207840635,
            "max": 0.21216452683438547,
            "count": 13
        },
        "Generator.Losses.PolicyLoss.sum": {
            "value": 0.06408108768300735,
            "min": 0.05900341207840635,
            "max": 0.21216452683438547,
            "count": 13
        },
        "Generator.Losses.ValueLoss.mean": {
            "value": 1.4820097604145606,
            "min": 1.4820097604145606,
            "max": 847.7852467844883,
            "count": 13
        },
        "Generator.Losses.ValueLoss.sum": {
            "value": 1.4820097604145606,
            "min": 1.4820097604145606,
            "max": 847.7852467844883,
            "count": 13
        },
        "Generator.Policy.LearningRate.mean": {
            "value": 0.000733270026673,
            "min": 0.000733270026673,
            "max": 0.000979510002049,
            "count": 13
        },
        "Generator.Policy.LearningRate.sum": {
            "value": 0.000733270026673,
            "min": 0.000733270026673,
            "max": 0.000979510002049,
            "count": 13
        },
        "Generator.Policy.Epsilon.mean": {
            "value": 0.173327,
            "min": 0.173327,
            "max": 0.19795100000000002,
            "count": 13
        },
        "Generator.Policy.Epsilon.sum": {
            "value": 0.173327,
            "min": 0.173327,
            "max": 0.19795100000000002,
            "count": 13
        },
        "Generator.Policy.Beta.mean": {
            "value": 0.0003693023,
            "min": 0.0003693023,
            "max": 0.0004899598999999999,
            "count": 13
        },
        "Generator.Policy.Beta.sum": {
            "value": 0.0003693023,
            "min": 0.0003693023,
            "max": 0.0004899598999999999,
            "count": 13
        }
    },
    "metadata": {
        "timer_format_version": "0.1.0",
        "start_time_seconds": "1683045136",
        "python_version": "3.9.13 (tags/v3.9.13:6de2ca5, May 17 2022, 16:36:42) [MSC v.1929 64 bit (AMD64)]",
        "command_line_arguments": "C:\\Users\\Kevinn\\Unity_env\\Scripts\\mlagents-learn ARLPCG_Gen_only.yaml --run-id=Generator16 --no-graphics --torch-device=cuda --time-scale=5 --force",
        "mlagents_version": "0.30.0",
        "mlagents_envs_version": "0.30.0",
        "communication_protocol_version": "1.5.0",
        "pytorch_version": "1.7.1+cu110",
        "numpy_version": "1.23.5",
        "end_time_seconds": "1683045501"
    },
    "total": 365.4315499,
    "count": 1,
    "self": 0.006153499999982159,
    "children": {
        "run_training.setup": {
            "total": 0.20142419999999994,
            "count": 1,
            "self": 0.20142419999999994
        },
        "TrainerController.start_learning": {
            "total": 365.2239722,
            "count": 1,
            "self": 0.5342633000004753,
            "children": {
                "TrainerController._reset_env": {
                    "total": 6.922227299999999,
                    "count": 1,
                    "self": 6.922227299999999
                },
                "TrainerController.advance": {
                    "total": 357.7219094999995,
                    "count": 27590,
                    "self": 0.4595256000017116,
                    "children": {
                        "env_step": {
                            "total": 336.890608799998,
                            "count": 27590,
                            "self": 282.49680550000045,
                            "children": {
                                "SubprocessEnvManager._take_step": {
                                    "total": 54.09373240000039,
                                    "count": 27591,
                                    "self": 1.5359798999997878,
                                    "children": {
                                        "TorchPolicy.evaluate": {
                                            "total": 52.5577525000006,
                                            "count": 27591,