{
    "name": "root",
    "gauges": {
        "FlappyBird.Policy.Entropy.mean": {
            "value": 0.08532760292291641,
            "min": 0.08315445482730865,
            "max": 0.6728553175926208,
            "count": 173
        },
        "FlappyBird.Policy.Entropy.sum": {
            "value": 85.32760620117188,
            "min": 83.15445709228516,
            "max": 693.0409545898438,
            "count": 173
        },
        "FlappyBird.Environment.EpisodeLength.mean": {
            "value": 99.0,
            "min": 12.181818181818182,
            "max": 99.0,
            "count": 173
        },
        "FlappyBird.Environment.EpisodeLength.sum": {
            "value": 990.0,
            "min": 885.0,
            "max": 1065.0,
            "count": 173
        },
        "FlappyBird.Step.mean": {
            "value": 172967.0,
            "min": 997.0,
            "max": 172967.0,
            "count": 173
        },
        "FlappyBird.Step.sum": {
            "value": 172967.0,
            "min": 997.0,
            "max": 172967.0,
            "count": 173
        },
        "FlappyBird.Policy.ExtrinsicValueEstimate.mean": {
            "value": 80.8955078125,
            "min": 2.1221988201141357,
            "max": 80.8955078125,
            "count": 173
        },
        "FlappyBird.Policy.ExtrinsicValueEstimate.sum": {
            "value": 1617.91015625,
            "min": 161.287109375,
            "max": 1617.91015625,
            "count": 173
        },
        "FlappyBird.Environment.CumulativeReward.mean": {
            "value": 99.5,
            "min": 11.739473703660463,
            "max": 100.0,
            "count": 173
        },
        "FlappyBird.Environment.CumulativeReward.sum": {
            "value": 995.0,
            "min": 892.2000014781952,
            "max": 1129.9999933242798,
            "count": 173
        },
        "FlappyBird.Policy.ExtrinsicReward.mean": {
            "value": 99.5,
            "min": 11.739473703660463,
            "max": 100.0,
            "count": 173
        },
        "FlappyBird.Policy.ExtrinsicReward.sum": {
            "value": 995.0,
            "min": 892.2000014781952,
            "max": 1129.9999933242798,
            "count": 173
        },
        "FlappyBird.Losses.PolicyLoss.mean": {
            "value": 0.35822888762534905,
            "min": 0.33645414464748075,
            "max": 1.2349842784848686,
            "count": 107
        },
        "FlappyBird.Losses.PolicyLoss.sum": {
            "value": 0.35822888762534905,
            "min": 0.33645414464748075,
            "max": 2.469968556969737,
            "count": 107
        },
        "FlappyBird.Losses.ValueLoss.mean": {
            "value": 4.885445872942607,
            "min": 4.885445872942607,
            "max": 93.56438978513081,
            "count": 107
        },
        "FlappyBird.Losses.ValueLoss.sum": {
            "value": 4.885445872942607,
            "min": 4.885445872942607,
            "max": 93.56438978513081,
            "count": 107
        },
        "FlappyBird.Policy.LearningRate.mean": {
            "value": 0.00019690143436619997,
            "min": 0.00019690143436619997,
            "max": 0.0002996607001130999,
            "count": 107
        },
        "FlappyBird.Policy.LearningRate.sum": {
            "value": 0.00019690143436619997,
            "min": 0.00019690143436619997,
            "max": 0.0005993214002261998,
            "count": 107
        },
        "FlappyBird.Policy.Epsilon.mean": {
            "value": 0.16563379999999997,
            "min": 0.16563379999999997,
            "max": 0.19988689999999998,
            "count": 107
        },
        "FlappyBird.Policy.Epsilon.sum": {
            "value": 0.16563379999999997,
            "min": 0.16563379999999997,
            "max": 0.39977379999999996,
            "count": 107
        },
        "FlappyBird.Policy.Beta.mean": {
            "value": 0.0032851266200000008,
            "min": 0.0032851266200000008,
            "max": 0.004994356310000001,
            "count": 107
        },
        "FlappyBird.Policy.Beta.sum": {
            "value": 0.0032851266200000008,
            "min": 0.0032851266200000008,
            "max": 0.009988712620000001,
            "count": 107
        },
        "FlappyBird.IsTraining.mean": {
            "value": 1.0,
            "min": 1.0,
            "max": 1.0,
            "count": 173
        },
        "FlappyBird.IsTraining.sum": {
            "value": 1.0,
            "min": 1.0,
            "max": 1.0,
            "count": 173
        }
    },
    "metadata": {
        "timer_format_version": "0.1.0",
        "start_time_seconds": "1679396568",
        "python_version": "3.9.2 (default, Feb 28 2021, 17:03:44) \n[GCC 10.2.1 20210110]",
        "command_line_arguments": "/home/bears_bears/Unity_env/bin/mlagents-learn trainer_config.yaml --run-id FlappyBird_Normal_Obs_3_OneSpawn --time-scale 20",
        "mlagents_version": "0.30.0",
        "mlagents_envs_version": "0.30.0",
        "communication_protocol_version": "1.5.0",
        "pytorch_version": "1.11.0+cu102",
        "numpy_version": "1.21.2",
        "end_time_seconds": "1679397700"
    },
    "total": 1132.435032411,
    "count": 1,
    "self": 0.01194920299712976,
    "children": {
        "run_training.setup": {
            "total": 0.12618898500113573,
            "count": 1,
            "self": 0.12618898500113573
        },
        "TrainerController.start_learning": {
            "total": 1132.2968942230018,
            "count": 1,
            "self": 2.7097347354228987,
            "children": {
                "TrainerController._reset_env": {
                    "total": 16.800367818999803,
                    "count": 1,
                    "self": 16.800367818999803
                },
                "TrainerController.advance": {
                    "total": 1112.4456857465811,
                    "count": 88101,
                    "self": 2.7491789534924465,
                    "children": {
                        "env_step": {
                            "total": 993.5178668878416,
                            "count": 88101,
                            "self": 740.2034189388887,
                            "children": {
                                "SubprocessEnvManager._take_step": {
                                    "total": 251.69426939646291,
                                    "count": 88101,
                                    "self": 9.832530920388308,
                                    "children": {
                                        "TorchPolicy.evaluate": {
                                            "total": 241.8617384760746,
                                            "count": 86658,
                                            "self": 241.8617384760746
                                        }
                                    }
                                },
                                "workers": {
                                    "total": 1.6201785524899606,
                                    "count": 88100,
                                    "self": 0.0,
                                    "children": {
                                        "worker_root": {
                                            "total": 1128.237844299043,
                                            "count": 88100,
                                            "is_parallel": true,
                                            "self": 507.46712103750906,
                                            "children": {
                                                "run_training.setup": {
                                                    "total": 0.0,
                                                    "count": 0,
                                                    "is_parallel": true,
                                                    "self": 0.0,