{
    "name": "root",
    "gauges": {
        "Generator.Policy.Entropy.mean": {
            "value": 1.1352986097335815,
            "min": 1.1352986097335815,
            "max": 1.1352988481521606,
            "count": 531
        },
        "Generator.Policy.Entropy.sum": {
            "value": 272.4716796875,
            "min": 238.41273498535156,
            "max": 357.61907958984375,
            "count": 531
        },
        "Generator.theta.mean": {
            "value": -0.004641022048599552,
            "min": -0.021887033293589285,
            "max": 0.03814650832611646,
            "count": 531
        },
        "Generator.theta.sum": {
            "value": -1.1138452916638926,
            "min": -5.406097223516554,
            "max": 9.612920098181348,
            "count": 531
        },
        "Generator.height.mean": {
            "value": 4.871784667174022,
            "min": 2.254273066843363,
            "max": 4.955929101132192,
            "count": 531
        },
        "Generator.height.sum": {
            "value": 1169.2283201217651,
            "min": 551.33922290802,
            "max": 1525.228491783142,
            "count": 531
        },
        "Generator.distance.mean": {
            "value": 2.103344988326232,
            "min": 2.0091779508928616,
            "max": 2.514637564357958,
            "count": 531
        },
        "Generator.distance.sum": {
            "value": 504.8027971982956,
            "min": 425.8917416334152,
            "max": 706.0767755508423,
            "count": 531
        },
        "Generator.Environment.LessonNumber.aux_input.mean": {
            "value": 4.0,
            "min": 0.0,
            "max": 4.0,
            "count": 531
        },
        "Generator.Environment.LessonNumber.aux_input.sum": {
            "value": 4.0,
            "min": 0.0,
            "max": 4.0,
            "count": 531
        },
        "Generator.Score.mean": {
            "value": 5.585774058577406,
            "min": 2.717277486910995,
            "max": 5.778688524590164,
            "count": 531
        },
        "Generator.Score.sum": {
            "value": 1335.0,
            "min": 519.0,
            "max": 1691.0,
            "count": 531
        },
        "Generator.Environment.EpisodeLength.mean": {
            "value": 9.0,
            "min": 2.746268656716418,
            "max": 9.0,
            "count": 531
        },
        "Generator.Environment.EpisodeLength.sum": {
            "value": 225.0,
            "min": 184.0,
            "max": 247.0,
            "count": 531
        },
        "Generator.Step.mean": {
            "value": 132749.0,
            "min": 249.0,
            "max": 132749.0,
            "count": 531
        },
        "Generator.Step.sum": {
            "value": 132749.0,
            "min": 249.0,
            "max": 132749.0,
            "count": 531
        },
        "Generator.Policy.ExtrinsicValueEstimate.mean": {
            "value": 0.24873656034469604,
            "min": 0.14951446652412415,
            "max": 0.9796156883239746,
            "count": 531
        },
        "Generator.Policy.ExtrinsicValueEstimate.sum": {
            "value": 6.218413829803467,
            "min": 3.828862428665161,
            "max": 65.29644775390625,
            "count": 531
        },
        "Generator.Environment.CumulativeReward.mean": {
            "value": 3.6171990871429442,
            "min": 1.3013559165647475,
            "max": 3.780799207687378,
            "count": 531
        },
        "Generator.Environment.CumulativeReward.sum": {
            "value": 90.42997717857361,
            "min": 76.7799990773201,
            "max": 114.03999274969101,
            "count": 531
        },
        "Generator.Policy.ExtrinsicReward.mean": {
            "value": 3.6171990871429442,
            "min": 1.3013559165647475,
            "max": 3.780799207687378,
            "count": 531
        },
        "Generator.Policy.ExtrinsicReward.sum": {
            "value": 90.42997717857361,
            "min": 76.7799990773201,
            "max": 114.03999274969101,
            "count": 531
        },
        "Generator.IsTraining.mean": {
            "value": 0.0,
            "min": 0.0,
            "max": 0.0,
            "count": 531
        },
        "Generator.IsTraining.sum": {
            "value": 0.0,
            "min": 0.0,
            "max": 0.0,
            "count": 531
        }
    },
    "metadata": {
        "timer_format_version": "0.1.0",
        "start_time_seconds": "1682928441",
        "python_version": "3.9.2 (default, Feb 28 2021, 17:03:44) \n[GCC 10.2.1 20210110]",
        "command_line_arguments": "/home/bears_bears/Unity_env/bin/mlagents-learn inference.yaml --num-envs 20 --run-id inference --env /home/bears_bears/Unity_projects/Flappy_bird/Builds/Linux_server/inference/Flappy_bird_RL_inference.x86_64 --no-graphics --time-scale 5 --force --inference --initialize-from curriculum5",
        "mlagents_version": "0.30.0",
        "mlagents_envs_version": "0.30.0",
        "communication_protocol_version": "1.5.0",
        "pytorch_version": "1.11.0+cu102",
        "numpy_version": "1.21.2",
        "end_time_seconds": "1682940051"
    },
    "total": 6858.956347484,
    "count": 1,
    "self": 12.234880652998982,
    "children": {
        "run_training.setup": {
            "total": 0.3324251849990105,
            "count": 1,
            "self": 0.3324251849990105
        },
        "TrainerController.start_learning": {
            "total": 6846.389041646002,
            "count": 1,
            "self": 10.1041634982721,
            "children": {
                "TrainerController._reset_env": {
                    "total": 19.249604739999995,
                    "count": 1,
                    "self": 19.249604739999995
                },
                "TrainerController.advance": {
                    "total": 6817.03527340773,
                    "count": 65043,
                    "self": 4.018863462242734,
                    "children": {
                        "env_step": {
                            "total": 6715.784600066798,
                            "count": 65043,
                            "self": 1093.7376377714445,
                            "children": {
                                "SubprocessEnvManager._take_step": {
                                    "total": 5611.476582972238,
                                    "count": 1298135,
                                    "self": 180.7783498297831,
                                    "children": {
                                        "TorchPolicy.evaluate": {
                                            "total": 5430.698233142455,
                                            "count": 1320345,
                                            "self": 5430.698233142455
                                        }
                                    }
                                },
                                "workers": {
                                    "total": 10.570379323115048,
                                    "count": 65042,
                                    "self": 0.0,
                                    "children": {
                                        "worker_root": {
                                            "total": 135590.6079020573,
                                            "count": 1298123,
                                            "is_parallel": true,
                                            "self": 130188.32899204556,
                                            "children": {
                                                "run_training.setup": {
                                                    "total": 0.0,
                                                    "count": 0,
                                                    "is_parallel": true,
                                                    "self": 0.0,