ydiffs;heights;distances;angles
-1.551573;3.450421;1.833669;-40.23649
-0.7718019;3.859827;2.224989;-19.13058
-0.9984043;3.518526;1.938656;-27.24839
-0.5641369;3.986659;1.646407;-18.91389
-0.6471254;3.229881;2.19081;-16.45618
-0.3905278;4;2.013257;-10.97779
-0.5521327;3.648398;1.479778;-20.46149
-0.5082443;3.503816;2.160972;-13.235
-0.4123606;3.36559;1.881206;-12.3637