ydiffs;heights;distances;angles
-1.886256;3.452614;2.730201;-34.64003
-1.560814;3.074335;2.312846;-34.01328
1.627266;3.538864;2.502192;33.0374
2.168491;3.730241;2.75703;38.18617
0.506411;3.82627;2.594798;11.04326
0.7608724;3.267879;1.905765;21.76424
0.5766751;4;2.097008;15.3762
0.6423527;3.574255;2.695645;13.40321
0.4898582;3.781134;2.331232;11.86683