ydiffs;heights;distances;angles
-0.562413;3.640156;2.607477;-12.17179
-0.2808711;4;2.503807;-6.400546
-0.1551274;3.463151;2.140806;-4.144532
-0.06603065;3.352296;2.847317;-1.328478
-0.1637178;4;2.237568;-4.184747
-0.2665944;3.248291;2.896325;-5.259014
-0.3625649;3.766005;2.811037;-7.349381
-0.466886;3.571987;2.442212;-10.82284
-0.5619729;3.899593;2.722102;-11.66473