ydiffs;heights;distances;angles
-1.27362;3.453293;2.509417;-26.90945
-1.150614;3.369042;2.213391;-27.46732
-1.17714;3.944395;2.049923;-29.866
-1.149458;3.348307;2.503273;-24.66373
-1.236645;3.494054;2.253799;-28.7533
-1.302407;3.614451;2.498507;-27.53186
-1.337574;3.83981;2.745379;-25.97577
-1.367815;3.040048;2.233356;-31.48532
2.484529;3.899015;2.628214;43.39022