ydiffs;heights;distances;angles
0.3297874;3.214051;2.393207;7.846029
0.4517684;3.862863;2.586231;9.908575
0.5225056;3.130368;2.108084;13.92068
0.5557459;3.272888;2.613711;12.00387
0.4984892;4;2.603726;10.83825
0.4469723;3.447464;2.293678;11.02711
0.3833926;3.747778;3;7.282783
0.3360399;3.419859;2.645865;7.238138
0.2784928;3.690845;2.45569;6.470109