ydiffs;heights;distances;angles
-0.2909637;2.930011;2.057303;-8.049935
-0.16392;3.905733;2.452177;-3.824346
-0.255662;4;3;-4.871015
-0.5014958;3.040939;2.163499;-13.05059
-0.1117827;3.433306;1.91632;-3.338391
0.1164812;3.657452;1.996256;3.339412
0.218235;3.585532;2.293354;5.435885
0.3525243;3.344656;2.798466;7.179763
0.4733816;3.743189;2.485277;10.7842