ydiffs;heights;distances;angles
0.2210926;3.382615;2.344592;5.387002
0.4686039;3.023949;2.153034;12.27882
0.6181647;4;2.689229;12.94552
0.7768171;3.375403;2.283771;18.78557
0.9105467;3.664358;2.598851;19.30868
-0.6281971;3.948327;2.364505;-14.87852
-0.01961507;3.364595;2.987077;-0.3762356
-1.583465;3.235614;2.062088;-37.52044
-1.371824;3.902643;2.461168;-29.13473