ydiffs;heights;distances;angles
-1.531223;3.120512;2.603797;-30.45865
-1.145523;3.748777;1.738753;-33.37765
-0.9097217;3.154821;2.190476;-22.55349
-0.7360851;3.699988;2.660511;-15.4652
-0.6572257;3.701191;2.206155;-16.58909
-0.5452888;3.602379;2.617482;-11.76787
-0.4438541;3.773576;2.249971;-11.15951
-0.342537;3.046046;1.799998;-10.77447
-0.2312121;3.647102;2.235442;-5.905114