ydiffs;heights;distances;angles
-0.2466173;3.425805;1.973937;-7.12145
-2.196634;3.592412;2.273864;-44.01029
-1.825173;3.457737;2.31903;-38.20423
-1.475475;3.6911;2.230765;-33.4815
-1.35995;3.381008;2.738587;-26.40844
-1.244459;3.572261;2.977321;-22.68392
-1.107051;3.556687;2.595736;-23.09767
-0.9251677;3.970634;2.498247;-20.32094
-0.7545848;3.350747;2.238994;-18.62482