ydiffs;heights;distances;angles
0.3492028;3.918326;2.69606;7.380056
0.5638866;3.407439;2.047717;15.39613
0.7024236;3.837962;2.503346;15.67379
0.827225;4;2.323755;19.59504
0.8852779;3.821872;2.437398;19.96133
0.71996;3.433434;2.386018;16.79073
0.03415641;3.540812;2.412004;0.8113118
0.2306808;3.802124;2.456086;5.365602
0.33899;3.100839;2.59067;7.454817