ydiffs;heights;distances;angles
0.1505975;3.575094;2.162242;3.984147
0.3750286;3.284718;2.306933;9.233565
0.4946207;3.659693;2.553465;10.96275
0.5538954;3.824971;2.385049;13.07441
0.4782946;3.537957;2.312115;11.68761
0.4223722;3.742827;2.53924;9.444
0.3802295;3.462466;2.48351;8.704489
0.3290103;4;2.030132;9.205518
0.2569559;3.059596;2.80214;5.239362