ydiffs;heights;distances;angles
0.3679892;3.330927;2.286483;9.142849
0.480698;3.463432;1.657694;16.1711
0.5073072;3.040649;2.59216;11.0733
0.5476449;3.912009;2.254464;13.65359
-1.165825;3.230861;1.927731;-31.1641
-1.085788;3.898155;2.707333;-21.85348
-1.168602;3.638335;2.665095;-23.6767
-1.38707;3.26634;2.065653;-33.88105
-1.490176;3.546591;2.459884;-31.20711