ydiffs;heights;distances;angles
0.1028654;3.63826;2.74697;2.144545
0.07931502;4;2.422247;1.875446
0.289139;3.60484;2.117131;7.776837
0.1509644;3.442472;2.487506;3.472967
0.2380109;3.890169;2.631038;5.169064
-0.01233451;3.584955;2.411188;-0.2930959
0.1067434;3.499476;1.909815;3.199048
0.164599;3.757553;2.514797;3.744793
0.0613727;3.545519;2.011387;1.747703