ydiffs;heights;distances;angles
-2.208098;3.507676;2.478471;-41.6982
0.2823545;3.356251;2.146833;7.492617
-0.00569355;3.443145;2.28989;-0.1424592
-0.1540632;3.810816;2.537216;-3.474809
-0.2168389;3.250738;2.272286;-5.451096
-0.3228505;3.715791;2.612242;-7.045533
-0.452758;3.33664;2.565124;-10.00991
-0.5857018;4;1.682177;-19.19714
-0.6919085;3.404248;2.393786;-16.1216