ydiffs;heights;distances;angles
-0.8032715;3.851774;2.698101;-16.57919
-0.4303402;3.565688;2.083338;-11.67103
-0.2121114;2.882645;2.54194;-4.769979
-0.05180987;3.779876;2.722874;-1.090072
0.009786328;3.554295;2.4592;0.228006
0.08809642;3.679813;2.697943;1.870225
-2.096951;3.796532;2.162503;-44.11831
-1.780419;3.727116;2.342427;-37.23754
-1.550818;4;2.583152;-30.97886