ydiffs;heights;distances;angles
0.09154643;3.505838;2.656151;1.973965
0.4058601;3.242491;2.296138;10.02393
0.6350018;3.698773;2.080604;16.97223
0.7091751;3.432795;2.548089;15.55276
0.7407312;4;2.175818;18.80053
0.7765499;3.130175;2.992757;14.54611
0.8555769;3.610145;2.754292;17.25657
-0.4675449;3.703428;2.85826;-9.289981
0.1871563;3.458797;2.569614;4.165748