ydiffs;heights;distances;angles
-0.008517691;3.632763;3;-0.1626755
0.2418636;3.531305;2.17537;6.344249
0.4038718;3.542374;2.536694;9.046241
0.5269118;3.213305;2.648042;11.25382
0.5555865;4;2.403319;13.01667
0.5681389;4;2.022207;15.69271
0.491127;3.201622;2.674523;10.40539
0.4607408;3.605547;2.81318;9.301289
0.4294698;3.114633;2.139225;11.35177