ydiffs;heights;distances;angles
-0.0838604;3.436104;2.303013;-2.085409
0.03369055;3.268236;1.929502;1.000326
0.06786593;3.371631;2.649222;1.467442
1.050812;3.658932;2.436579;23.32886
0.8383502;3.27276;2.598764;17.87948
0.7318642;4;2.390562;17.02183
0.7097453;3.446817;2.842983;14.01727
0.6849905;3.722242;2.275466;16.75353
0.631744;3.463835;2.363094;14.9673