ydiffs;heights;distances;angles
-2.173262;3.730882;2.156607;-45.22039
-1.892863;3.529548;1.708707;-47.92712
0.499061;3.656959;2.377609;11.85431
0.140387;3.572081;1.739444;4.614227
-0.1161626;3.829549;2.209838;-3.009047
-0.156352;3.197679;2.616365;-3.419886
-0.2479035;3.694282;2.285226;-6.191289
-0.3703874;3.707879;1.988092;-10.55339
-0.4855213;3.891721;2.091305;-13.07035