ydiffs;heights;distances;angles
-1.0906;3.373152;2.429395;-24.17619
-0.3756387;2.9752;2.264811;-9.417279
-0.4787841;3.943674;2.488444;-10.89079
-0.0257134;3.452377;2.166;-0.6801478
-0.1963406;3.739143;2.686496;-4.179988
0.1104711;3.398075;2.623023;2.41164
-0.01653863;3.637752;2.579055;-0.367414
-1.926492;4;2.973967;-32.93457
-1.765995;3.126578;2.227463;-38.40837