ydiffs;heights;distances;angles
-1.509069;3.515727;2.268265;-33.63568
-1.392827;3.391729;2.602164;-28.15824
-0.8034398;3.689084;2.455626;-18.11723
-0.9440391;3.527582;2.508376;-20.62406
0.9650353;3.732534;2.39726;21.92763
0.6565949;4;2.338078;15.68616
0.6849283;4;2.713562;14.16609
0.6667441;3.347577;2.316763;16.05535
0.8314658;3.833275;2.688892;17.18278