ydiffs;heights;distances;angles
-0.06971966;3.437374;2.292603;-1.741868
0.3253902;3.120872;2.703895;6.86205
0.3317169;3.783448;2.125775;8.869202
0.5791743;3.529081;2.204394;14.72097
0.4772314;4;2.507942;10.77389
0.4595948;3.64309;2.126179;12.19739
0.5218047;3.513218;2.439712;12.07251
0.3380186;3.873247;2.261691;8.500165
0.4244792;3.286923;2.490412;9.672848