ydiffs;heights;distances;angles
-0.255685;3.659138;2.56868;-5.684467
0.04638835;3.224586;2.307415;1.151721
0.9522467;3.21337;2.696669;19.44913
2.61137;3.202489;3;41.03815
0.5487721;3.555916;2.119282;14.51745
0.7103944;3.717759;2.709398;14.69203
0.6495339;3.506815;2.365236;15.35585
0.6953815;4;2.15681;17.86995
0.5218015;3.603378;2.814189;10.50438