ydiffs;heights;distances;angles
0.08046585;3.420231;1.733616;2.657479
0.1715101;3.448844;1.889844;5.185591
0.4143333;3.915471;2.409477;9.757147
0.4096141;3.271827;2.245995;10.33574
0.633963;2.905449;2.272097;15.59023
0.535959;3.80541;2.344813;12.87504
0.7231785;3.533684;2.902779;13.98949
0.66107;3.606057;3;12.42691
0.9110219;3.383794;2.117407;23.27996