ydiffs;heights;distances;angles
-1.244886;3.598201;2.363538;-27.77598
-1.535581;3.297283;2.429003;-32.30049
-1.259648;3.760858;1.700976;-36.52159
-1.542254;3.618842;2.197536;-35.06159
-1.391125;3.497939;2.184195;-32.49327
-1.662362;3.151226;2.285663;-36.02839
-1.615622;4;2.504703;-32.82344
0.3021526;4;2.686415;6.417332
0.1485361;3.652443;2.497945;3.402991