ydiffs;heights;distances;angles
-1.298893;3.358666;2.651198;-26.10147
-0.9012648;3.244418;2.226399;-22.03851
-0.7726741;3.661152;2.495927;-17.20116
-0.2285369;3.555821;2.677504;-4.878626
-0.4694858;3.802513;2.170775;-12.20372
-0.07015096;3.764493;3;-1.339541
-0.2322105;3.706865;2.557211;-5.188581
0.08685088;3.261757;2.313034;2.150359
-0.04724227;4;2.614763;-1.03508