ydiffs;heights;distances;angles
-1.910509;3.101454;2.212323;-40.81311
-1.72103;3.2911;2.256111;-37.33748
-1.189658;4;2.743622;-23.44197
-1.346497;3.216365;2.043403;-33.38281
-0.7709894;3.701431;2.246047;-18.94556
-1.007519;4;2.49335;-22.00278
0.9575716;3.74035;2.543334;20.63148
0.652104;3.853685;2.671907;13.71545
0.6805965;3.880834;2.411319;15.76176