ydiffs;heights;distances;angles
0.3484193;3.313316;2.671217;7.431401
2.167941;3.939283;2.393422;42.17001
0.58508;3.456082;2.361045;13.91784
-0.006374338;3.236503;3;-0.1217407
0.108539;3.860367;2.200346;2.824006
0.3806947;3.32562;2.645079;8.190089
0.2620996;3.657209;2.82029;5.30945
0.4628722;3.09812;2.398481;10.92298
0.3746929;3.820886;2.761284;7.727559