ydiffs;heights;distances;angles
0.01314754;3.149246;1.904597;0.3955098
-0.03049472;3.824891;2.316226;-0.7542952
0.1424627;3.269764;2.402781;3.393138
1.043141;2.927787;2.347759;23.95622
1.431737;3.608085;2.419099;30.61905
0.6376368;3.540394;2.931582;12.27105
0.798164;3.463218;2.941107;15.18336
0.6854392;3.318751;2.740786;14.04102
0.7316118;4;2.082759;19.35487