ydiffs;heights;distances;angles
-1.614312;3.458958;2.208187;-36.16896
-1.012613;3.47989;2.162884;-25.08792
-1.348784;3.229876;2.209255;-31.40471
-1.0504;4;3;-19.29686
-1.602701;3.521054;1.786197;-41.90068
-1.356222;3.893777;2.540293;-28.09705
-1.684436;3.519918;2.440071;-34.61818
-1.63458;3.844137;2.256714;-35.91651
0.3860041;4;2.673058;8.217019