ydiffs;heights;distances;angles
-0.4069079;3.75671;2.109132;-10.91973
-0.6023529;3.346722;1.588994;-20.76063
-0.332643;3.2605;1.924214;-9.807906
-0.7274162;3.745574;2.425715;-16.69278
-0.4729159;3.486628;2.595633;-10.32584
-0.4053246;3.461058;2.602812;-8.851331
-0.3035297;3.580996;2.793929;-6.200243
-0.7628614;3.79395;2.400085;-17.63274
-0.5476831;3.033643;2.325758;-13.25093