ydiffs;heights;distances;angles
-0.6442456;3.764396;2.162102;-16.59258
-0.2725431;3.159775;2.369463;-6.561506
-2.002974;3.663364;2.643289;-37.15333
-2.030246;3.667831;2.718169;-36.75667
-1.961418;3.325382;2.694666;-36.05046
-1.756222;3.030604;2.34144;-36.87213
-0.9263663;3.319589;2.370248;-21.3471
-0.724995;4;2.840254;-14.31938
-1.324755;3.555653;2.137448;-31.78995