ydiffs;heights;distances;angles
0.3547485;3.369835;1.890307;10.62891
0.3431429;2.97339;2.109025;9.241171
0.4981974;3.95739;2.544875;11.07643
0.2434851;3.329306;2.568255;5.415778
1.745766;3.67343;2.120135;39.4688
0.6370936;3.394011;2.180682;16.2859
0.7347164;3.695955;2.343187;17.40904
0.1455757;4;2.601615;3.202698
0.3062954;3.249303;2.447811;7.132369