ydiffs;heights;distances;angles
0.1775183;3.589442;2.018817;5.025198
0.3775226;3.372508;2.614303;8.217088
0.2344222;3.686198;2.651685;5.052101
0.4404796;3.444804;1.86209;13.30875
0.4014054;3.413458;2.453353;9.292115
0.3290807;3.682816;2.487141;7.537186
0.5427332;3.261638;2.667491;11.50054
0.4647725;3.597101;2.229656;11.77471
0.0967925;4;2.194996;2.52493