ydiffs;heights;distances;angles
-2.312967;2.931002;2.539174;-42.3308
-1.772339;3.933937;2.133691;-39.71454
-0.9851576;3.419763;2.408577;-22.24557
-1.115749;3.850176;2.303567;-25.84356
-0.7368491;3.397396;1.752141;-22.80881
-0.8807852;3.667857;2.589008;-18.7884
-0.5016273;4;1.936701;-14.52114
-0.6793182;3.282555;2.778185;-13.74029
-0.3070161;3.657439;2.687172;-6.517922