ydiffs;heights;distances;angles
0.09157255;3.057282;2.31209;2.268069
0.49651;3.482911;2.324987;12.05466
0.5642322;3.865896;2.604772;12.22228
-1.551825;3.593988;2.594982;-30.87984
-1.421198;3.558795;2.391771;-30.71891
-0.7508467;3.921979;2.298452;-18.09092
-1.003822;3.320075;3;-18.50062
-1.723039;3.684493;2.354504;-36.19688
-1.640995;3.624121;2.567483;-32.58448