ydiffs;heights;distances;angles
-0.3281023;3.119023;1.904105;-9.776806
-0.319985;3.729791;2.303989;-7.906832
-0.05144934;3.609127;2.373423;-1.241822
-0.082232;3.66658;2.510674;-1.875936
-0.7166022;3.162096;2.10748;-18.77948
-0.7711905;3.896446;2.955844;-14.6227
-0.2765841;3.597618;2.733835;-5.777
-0.489879;3.734053;2.19984;-12.55426
-0.4931134;3.104168;2.962087;-9.451636