ydiffs;heights;distances;angles
-0.9729964;3.091317;2.611744;-20.43271
-0.09045131;3.330624;2.400495;-2.1579
-0.01984826;3.537726;2.434533;-0.4671106
-0.315264;4;2.159446;-8.306102
-0.142859;3.468627;2.303432;-3.548942
-1.788231;3.311169;2.502154;-35.55251
-1.494688;3.97459;2.319581;-32.79686
-1.597465;3.538906;2.396134;-33.69077
-1.578284;3.703813;2.319375;-34.23444