ydiffs;heights;distances;angles
0.2546634;3.711825;2.1771;6.671778
0.71987;3.402041;2.483208;16.16662
-0.3820516;3.332996;2.716353;-8.006063
0.8727704;2.966493;2.036477;23.19847
0.8381544;4;2.55861;18.13786
0.08841898;3.630449;1.883287;2.688021
0.2832102;3.41322;2.720698;5.942783
0.08020411;3.828505;2.743804;1.674336
0.1811201;3.458188;2.100372;4.92856