ydiffs;heights;distances;angles
-0.03032659;3.348978;2.01185;-0.8636099
0.2419105;3.378014;2.244952;6.150321
0.3636867;3.497929;2.474325;8.361703
0.3745638;3.366752;3;7.116814
0.5847003;3.083214;2.298886;14.27008
0.4863757;4;2.915054;9.472522
0.15562;3.453757;2.415586;3.686088
0.1279167;3.739962;2.670457;2.742411
0.386983;3.677066;2.827907;7.792202