ydiffs;heights;distances;angles
0.3592055;2.889119;2.119105;9.620652
1.109363;3.155246;2.832617;21.38724
0.7006119;3.607549;2.407568;16.22521
0.5697276;3.659434;2.205909;14.48152
0.5596189;3.430738;2.855199;11.08939
0.7479946;3.709583;2.825794;14.82629
0.682771;3.426888;2.18764;17.33335
-1.494052;3.693121;2.385008;-32.06446
-1.364175;3.785617;2.243609;-31.30072