ydiffs;heights;distances;angles
-0.2715134;3.177839;2.052118;-7.536963
-0.256273;4;2.60633;-5.615679
0.009180176;4;2.249824;0.2337882
0.002947563;3.704917;2.122834;0.07955534
-0.6447418;3.269903;2.535466;-14.26731
-0.7150722;3.812894;2.230258;-17.77705
-0.1930607;3.53175;2.415483;-4.569727
-0.3991517;3.985547;2.198117;-10.29208
-0.3393944;4;2.815113;-6.874489