ydiffs;heights;distances;angles
-1.110164;3.216317;2.302499;-25.74132
0.0307382;3.62128;2.536258;0.6943628
-0.1140222;3.519163;1.961245;-3.327298
-0.1695142;3.701076;2.11941;-4.572884
-0.2560422;3.448437;2.811772;-5.20305
-1.55392;3.482445;1.997978;-37.87385
-1.459432;3.687376;2.526649;-30.01141
-1.462509;3.229294;2.598934;-29.36795
-1.541271;4;2.067118;-36.70872