ydiffs;heights;distances;angles
-1.528921;3.182711;2.232557;-34.40448
-1.379345;3.053713;2.913105;-25.33739
1.010264;3.3112;2.640515;20.9369
0.7715269;3.906217;2.219274;19.16992
0.5422059;3.571617;1.9767;15.33888
0.5177208;3.9221;2.508522;11.66125
-0.2881549;3.520287;2.46982;-6.654636
2.38267;3.696686;2.3299;45.64156
0.7154772;3.642661;2.339378;17.00577