ydiffs;heights;distances;angles
-0.00620957;3.40926;1.779911;-0.1998868
0.2087841;3.631589;2.166501;5.504554
0.3110272;3.724492;2.415801;7.336305
0.3220816;3.248706;2.294819;7.98937
0.3412155;3.380203;2.315188;8.383973
0.4026684;4;2.52701;9.053724
0.4612707;3.680863;2.176467;11.96595
0.4998398;3.764478;2.45277;11.51835
-0.01736288;2.902093;2.901276;-0.3428863