ydiffs;heights;distances;angles
-0.658521;3.243515;1.862258;-19.47433
-0.08645049;3.695102;2.255252;-2.195242
-0.1766191;3.371385;2.493501;-4.051594
-0.0516761;3.317773;2.537462;-1.166683
-0.1196305;3.764056;2.604072;-2.630307
-0.2273114;3.068939;2.26518;-5.73046
-0.3121496;3.616359;1.913188;-9.266549
-0.3960707;3.313876;2.817112;-8.00302
-0.5106575;3.939059;2.104896;-13.63675