ydiffs;heights;distances;angles
-0.06977625;3.862908;2.364634;-1.690209
0.6675175;3.465414;2.504491;14.92401
0.7384416;3.556164;2.953248;14.03861
0.9085404;4;2.67789;18.74078
-0.358539;3.210874;2.333787;-8.734046
0.6521016;3.706028;2.588209;14.1414
0.6701015;3.542438;2.440079;15.35616
0.6287922;3.967189;2.657893;13.31006
0.6940346;2.921682;2.660545;14.62046