ydiffs;heights;distances;angles
-1.394487;3.636297;2.08613;-33.76101
-0.9629666;3.341044;2.655101;-19.93497
-1.782669;3.985743;2.300748;-37.7693
-1.55823;3.294822;2.472614;-32.21894
-1.426981;3.689243;2.442643;-30.29329
-1.357439;3.792154;1.992729;-34.26254
-0.005568548;3.509292;2.535275;-0.1258458
-0.08088897;3.848046;2.24473;-2.063764
-0.09129135;3.353924;2.37975;-2.196889