ydiffs;heights;distances;angles
-1.025529;3.513147;1.904112;-28.30631
-0.919576;3.275674;2.552889;-19.80953
0.04474486;3.884352;2.191848;1.169486
-0.08503692;3.082439;2.537688;-1.91924
-0.2175606;3.621786;2.23025;-5.571568
-0.3047444;3.581374;2.022354;-8.569312
-1.612001;3.504411;2.844088;-29.54414
-1.573036;3.775868;2.363106;-33.65031
-1.529507;3.56662;2.249348;-34.21484