ydiffs;heights;distances;angles
-1.444172;3.568131;2.312308;-31.98719
-1.331054;2.905756;2.417894;-28.83284
-1.414357;4;2.23368;-32.34183
1.117146;3.276956;2.774998;21.9285
0.7697421;3.867296;2.538279;16.87011
0.5305087;3.44561;2.314682;12.90884
0.5200261;3.522771;2.535555;11.59027
-0.3518734;3.940436;2.712172;-7.392183
1.04722;4;1.938629;28.37731