ydiffs;heights;distances;angles
-0.1481055;3.229341;2.164109;-3.915056
0.01589883;3.381653;2.382432;0.3823499
0.07388718;3.800488;2.564102;1.650579
0.0842972;3.282317;1.851136;2.607339
0.5867065;3.720916;2.399864;13.73792
0.4510687;3.478921;2.656197;9.637882
0.3707751;4;2.302047;9.149666
0.3223871;3.432085;2.531562;7.257389
0.3828937;3.345903;2.905151;7.508208