ydiffs;heights;distances;angles
-0.02344811;3.556202;2.575686;-0.5215856
0.6969398;3.65759;2.240885;17.27626
0.7788158;3.186612;2.140736;19.99177
2.824169;3.375622;2.440431;49.16894
0.1528459;3.684582;2.607511;3.3547
0.4934141;3.711367;2.036635;13.61861
0.6582955;3.6074;2.682923;13.78603
0.6725142;3.94592;2.609329;14.45257
0.7236454;3.306796;2.237546;17.92174