ydiffs;heights;distances;angles
-1.340371;3.474007;2.315071;-30.06982
-0.9062025;3.433566;2.255047;-21.89298
-1.782604;3.747602;2.730612;-33.1374
-1.572545;3.541626;2.178154;-35.82787
-1.398446;3.871133;2.10557;-33.59073
-1.277443;3.533931;2.971158;-23.26519
0.01376736;3.643607;2.293743;0.3438929
-0.05739433;4;2.663045;-1.234656
-0.03251312;3.051604;2.707833;-0.687921