ydiffs;heights;distances;angles
-0.921291;3.612106;2.244524;-22.31627
-0.5273531;3.815793;1.807804;-16.26245
-0.3356846;3.898652;2.504193;-7.63493
-1.080946;3.746578;2.612884;-22.4748
-0.9044639;3.243974;2.340877;-21.12545
-0.763923;3.084576;2.465399;-17.216
-0.6960794;3.76644;2.497282;-15.575
-1.176784;3.906263;2.230246;-27.81826
-1.0878;3.292578;2.531092;-23.25682