ydiffs;heights;distances;angles
-0.5542663;3.393202;2.857153;-10.97859
-0.2999201;3.84387;2.634254;-6.495379
-0.399677;3.571302;2.861798;-7.950472
-0.6239155;3.61546;2.344369;-14.9029
-1.049295;2.924088;2.294582;-24.57427
-0.7057917;3.596514;2.575924;-15.32273
-0.4946354;3.247249;2.712989;-10.33274
-0.3443617;3.933305;2.097862;-9.321903
0.4603376;3.214558;2.301075;11.31287