ydiffs;heights;distances;angles
0.1098074;3.39227;2.277917;2.759816
-0.2669849;3.13067;2.502733;-6.089131
-0.01560305;3.577172;1.716887;-0.520689
0.200784;3.383809;2.321489;4.943171
0.2538959;3.697836;2.535395;5.718567
1.301898;3.273276;2.199883;30.61718
2.045511;3.472637;2.655821;37.60344
3.273369;3.965738;2.572685;51.83463
-0.9607239;3.042017;2.620447;-20.13425