ydiffs;heights;distances;angles
-1.225209;3.186418;2.301636;-28.02731
-1.077491;3.825073;2.289318;-25.2045
-1.106252;4;2.383414;-24.89818
-1.107554;3.466827;2.258906;-26.11897
-1.180841;3.697219;2.499842;-25.28448
-1.259953;3.587163;2.892926;-23.53452
-1.330542;4;2.36214;-29.39161
-1.330004;3.358475;2.587877;-27.20028
3.122341;4;2.343124;53.11404