ydiffs;heights;distances;angles
0.3262807;3.551981;1.492034;12.33536
0.5416251;3.406673;2.390729;12.76501
0.5755102;3.262642;2.43231;13.31197
0.6000202;3.48666;2.77795;12.1883
0.5806261;3.46507;2.190803;14.84377
0.4900667;3.775746;2.679385;10.36499
-1.062216;3.487921;1.673243;-32.40838
3.873985;3.800455;2.386903;58.36126
1.640515;4;2.424806;34.08052