ydiffs;heights;distances;angles
-0.2385791;3.256543;1.918189;-7.089881
-0.1073503;3.6193;2.305992;-2.665352
-0.1171467;3.424877;2.5075;-2.674829
0.5507493;3.622829;2.072347;14.88297
0.3980118;4;2.490519;9.079705
0.27284;4;2.957158;5.271429
0.07499141;3.122267;2.188026;1.962961
-0.5717403;3.975874;1.83683;-17.28952
-0.5105066;3.387571;2.55963;-11.27938