ydiffs;heights;distances;angles
-0.363912;3.401325;2.584605;-8.014553
-0.2908158;2.728138;2.179446;-7.600404
-0.3378564;3.282037;2.171985;-8.841611
-0.3202531;3.521762;3;-6.093308
-1.163355;3.337347;2.777934;-22.72318
-1.118006;3.759573;3;-20.43885
-1.099323;3.455182;2.76769;-21.6629
-1.111783;4;2.142608;-27.42446
-0.6640107;3.558599;2.246337;-16.46753