ydiffs;heights;distances;angles
-1.405398;3.613748;2.332135;-31.07412
-1.144677;3.798485;2.533173;-24.31701
-0.9796985;3.138494;2.415516;-22.07677
-0.8135208;3.667905;2.141138;-20.80418
-0.7334266;3.584981;2.218544;-18.29333
-1.17662;4;2.567031;-24.62474
-1.137004;3.489219;1.895973;-30.95088
-1.040978;3.736321;2.303767;-24.31627
-1.009252;3.836982;2.796041;-19.84742