ydiffs;heights;distances;angles
-0.5276365;2.943044;2.60633;-11.44452
-0.232363;3.715301;1.915622;-6.91613
-0.8917556;4;2.368159;-20.63441
-0.6188489;3.690334;2.27112;-15.24227
-0.4567647;3.359805;2.378861;-10.86907
-0.3981886;3.981344;2.452685;-9.221402
0.4230371;3.50053;2.502702;9.594143
0.3759905;3.839634;2.333389;9.153669
0.3809376;3.447546;1.78477;12.04831