ydiffs;heights;distances;angles
-0.2891369;3.827566;2.810249;-5.874299
-0.01377215;3.422791;2.399707;-0.3288225
0.1506545;3.35553;2.201508;3.914787
0.953784;3.786697;2.491883;20.94466
0.007119972;3.311795;2.209462;0.1846345
1.295625;3.547538;2.179357;30.73143
-0.1374234;3.459611;2.539278;-3.097773
0.5260386;3.087867;2.221147;13.32398
0.6262695;3.595345;2.817227;12.53305