ydiffs;heights;distances;angles
0.3796855;2.774699;2.329576;9.256948
0.4562444;3.815674;2.482628;10.41333
0.4944929;3.473939;2.529277;11.06223
0.5357655;3.86742;2.405752;12.55499
2.11289;3.671201;2.535428;39.80602
2.289462;3.314848;2.50995;42.36965
0.4374491;3.485564;2.076341;11.89724
1.733738;3.598952;2.18454;38.43692
-0.01584622;3.395311;2.714969;-0.3344094