ydiffs;heights;distances;angles
-0.3364919;2.857575;1.975269;-9.667673
0.4452896;3.608154;2.243979;11.22383
0.3575731;3.407248;2.382473;8.535521
0.3326119;3.773713;2.820449;6.725754
0.2921736;3.584391;2.532462;6.581194
-0.5268986;4;3;-9.961424
-0.5279;3.503067;2.7866;-10.72713
-0.5647984;3.485734;2.608163;-12.21875
-0.6588033;3.925831;2.312516;-15.90151