ydiffs;heights;distances;angles
-1.718416;3.399337;2.11482;-39.09591
-1.345731;3.204539;2.217433;-31.25301
-1.143852;3.898914;2.048153;-29.18247
-0.6023647;3.583091;2.109594;-15.93594
-0.7693225;4;2.420299;-17.63352
-0.9031036;3.388632;3;-16.75361
-0.9862356;3.906401;2.176389;-24.37777
-0.8220294;3.684327;2.653733;-17.21107
-0.9147482;3.176081;2.042708;-24.12339