ydiffs;heights;distances;angles
-1.508555;3.54338;2.287809;-33.40041
-1.214727;3.373827;2.308122;-27.7571
-1.003435;3.759293;2.12321;-25.29554
-0.9683008;3.614261;2.354471;-22.35542
-0.02192753;3.180416;2.673941;-0.4698409
-0.2670133;4;2.303957;-6.610708
-0.02645924;3.520727;2.467289;-0.6144173
-0.1338333;3.645542;2.734554;-2.801908
-0.6401039;3.446947;2.222018;-16.07027