ydiffs;heights;distances;angles
0.06569953;3.37173;2.689165;1.399526
0.1865583;2.787089;2.275375;4.687203
0.2397731;3.957743;2.559755;5.351299
0.2559767;3.515338;2.43783;5.994198
0.1709002;3.845749;2.630217;3.717608
0.09901707;3.552939;3;1.8904
0.03218022;3.937036;2.305173;0.7997972
0.01547794;3.699924;2.351091;0.37719
0.1128839;3.432645;2.47328;2.613245