ydiffs;heights;distances;angles
-0.858972;3.486328;2.206625;-21.26945
0.4045117;3.381147;2.307556;9.942857
0.2648714;3.843953;2.395211;6.310344
0.5130783;3.250477;2.522463;11.49732
0.4190233;3.903277;2.120699;11.17695
0.002898826;3.895603;2.408533;0.06895916
-0.01209858;3.746079;2.08563;-0.3323647
0.2859825;3.390951;1.881881;8.640918
0.1487668;3.955569;2.750268;3.096213