ydiffs;heights;distances;angles
0.2901934;3.20756;2.557567;6.47336
0.4508661;3.803278;2.636138;9.705548
0.6880355;3.597398;2.030993;18.71473
0.4809944;3.300814;2.273665;11.94482
0.5695384;3.934123;2.891436;11.14314
0.9378756;3.596181;2.485426;20.674
1.139419;3.776738;2.436905;25.05928
0.8322183;3.305533;2.08112;21.79596
2.096433;3.581505;2.6954;37.87513