ydiffs;heights;distances;angles
-0.4136751;3.378932;2.312294;-10.14305
-0.09397107;3.309155;2.510449;-2.143694
0.3996441;3.630085;2.203003;10.28214
0.4967781;3.15153;2.842773;9.912415
0.2272423;3.685197;2.332541;5.564348
0.3343044;3.422634;2.196522;8.653843
-0.6713519;3.767087;2.44424;-15.35851
-0.4321443;3.404126;2.392829;-10.23725
-0.6701484;3.764522;2.530169;-14.8349