ydiffs;heights;distances;angles
-0.4380101;3.031006;2.434381;-10.1999
-0.5102559;3.963785;2.069752;-13.84897
-0.2774977;3.263958;2.652306;-5.972845
-1.143265;3.24127;2.447602;-25.0371
-1.011075;3.851475;2.608074;-21.18987
-1.045587;3.405265;3;-19.21493
-1.06182;3.762363;2.253275;-25.23142
-0.746913;3.278489;2.540202;-16.38528
-0.6895268;4;2.707802;-14.28642