ydiffs;heights;distances;angles
-1.528264;3.729857;2.239205;-34.31366
-1.236098;3.403791;1.862851;-33.56632
-1.036677;3.934245;1.920451;-28.36058
-1.016878;3.038437;2.625378;-21.1727
-0.06908312;3.604377;2.239033;-1.767243
-0.3180895;3.873484;2.174873;-8.320891
-0.05823499;3.588619;2.765956;-1.206138
-0.1730885;3.836488;2.23633;-4.425782
-0.688401;2.937504;2.612523;-14.76192