ydiffs;heights;distances;angles
-0.05623198;3.723194;2.587879;-1.244783
0.2014351;2.963816;1.886636;6.094352
0.3442647;3.050863;2.317593;8.449167
0.4656831;3.566199;2.794858;9.459799
0.5419821;3.462889;2.246063;13.56631
0.5770066;3.733338;2.828458;11.53015
0.6395583;3.536948;2.535353;14.15784
0.6994106;3.776237;2.216998;17.50926
0.7426348;3.601864;1.917681;21.16922