ydiffs;heights;distances;angles
2.923541;3.545475;2.733035;46.92892
-2.017201;3.080357;2.640826;-37.37448
-1.655705;3.719214;1.948175;-40.36039
-1.157442;3.581146;1.85302;-31.98992
-1.125857;3.994817;2.182016;-27.29242
-1.095595;3.459295;2.422611;-24.33426
-1.022804;4;2.010045;-26.9691
-0.8994218;3.704907;2.636608;-18.83596
-0.8111965;3.733932;2.524825;-17.8116