{
    "name": "root",
    "gauges": {
        "FlappyBird.Policy.Entropy.mean": {
            "value": 0.07208414375782013,
            "min": 0.0494314506649971,
            "max": 0.6786434650421143,
            "count": 500
        },
        "FlappyBird.Policy.Entropy.sum": {
            "value": 79.58089447021484,
            "min": 45.285423278808594,
            "max": 781.7972412109375,
            "count": 500
        },
        "FlappyBird.Environment.EpisodeLength.mean": {
            "value": 66.06666666666666,
            "min": 11.772151898734178,
            "max": 87.9090909090909,
            "count": 500
        },
        "FlappyBird.Environment.EpisodeLength.sum": {
            "value": 991.0,
            "min": 644.0,
            "max": 1299.0,
            "count": 500
        },
        "FlappyBird.Step.mean": {
            "value": 499951.0,
            "min": 996.0,
            "max": 499951.0,
            "count": 500
        },
        "FlappyBird.Step.sum": {
            "value": 499951.0,
            "min": 996.0,
            "max": 499951.0,
            "count": 500
        },
        "FlappyBird.Policy.ExtrinsicValueEstimate.mean": {
            "value": 4.69318151473999,
            "min": -0.859577476978302,
            "max": 4.962009429931641,
            "count": 500
        },
        "FlappyBird.Policy.ExtrinsicValueEstimate.sum": {
            "value": 107.94317626953125,
            "min": -55.872535705566406,
            "max": 127.19837188720703,
            "count": 500
        },
        "FlappyBird.Environment.CumulativeReward.mean": {
            "value": 5.625,
            "min": -0.9743589743589743,
            "max": 8.2,
            "count": 500
        },
        "FlappyBird.Environment.CumulativeReward.sum": {
            "value": 90.0,
            "min": -76.0,
            "max": 108.0,
            "count": 500
        },
        "FlappyBird.Policy.ExtrinsicReward.mean": {
            "value": 5.625,
            "min": -0.9743589743589743,
            "max": 8.2,
            "count": 500
        },
        "FlappyBird.Policy.ExtrinsicReward.sum": {
            "value": 90.0,
            "min": -76.0,
            "max": 108.0,
            "count": 500
        },
        "FlappyBird.Losses.PolicyLoss.mean": {
            "value": 0.7177398269996047,
            "min": 0.36640667723601356,
            "max": 1.3080606733759246,
            "count": 375
        },
        "FlappyBird.Losses.PolicyLoss.sum": {
            "value": 0.7177398269996047,
            "min": 0.36640667723601356,
            "max": 2.616121346751849,
            "count": 375
        },
        "FlappyBird.Losses.ValueLoss.mean": {
            "value": 2.15541443725427,
            "min": 0.03920821033534594,
            "max": 3.036664775262276,
            "count": 375
        },
        "FlappyBird.Losses.ValueLoss.sum": {
            "value": 2.15541443725427,
            "min": 0.07841642067069188,
            "max": 3.036664775262276,
            "count": 375
        },
        "FlappyBird.Policy.LearningRate.mean": {
            "value": 7.914997362000088e-07,
            "min": 7.914997362000088e-07,
            "max": 0.00029963880012039997,
            "count": 375
        },
        "FlappyBird.Policy.LearningRate.sum": {
            "value": 7.914997362000088e-07,
            "min": 7.914997362000088e-07,
            "max": 0.0005992776002407999,
            "count": 375
        },
        "FlappyBird.Policy.Epsilon.mean": {
            "value": 0.10026380000000001,
            "min": 0.10026380000000001,
            "max": 0.1998796,
            "count": 375
        },
        "FlappyBird.Policy.Epsilon.sum": {
            "value": 0.10026380000000001,
            "min": 0.10026380000000001,
            "max": 0.3997592,
            "count": 375
        },
        "FlappyBird.Policy.Beta.mean": {
            "value": 2.3163620000000147e-05,
            "min": 2.3163620000000147e-05,
            "max": 0.004993992040000001,
            "count": 375
        },
        "FlappyBird.Policy.Beta.sum": {
            "value": 2.3163620000000147e-05,
            "min": 2.3163620000000147e-05,
            "max": 0.009987984080000002,
            "count": 375
        },
        "FlappyBird.IsTraining.mean": {
            "value": 1.0,
            "min": 1.0,
            "max": 1.0,
            "count": 500
        },
        "FlappyBird.IsTraining.sum": {
            "value": 1.0,
            "min": 1.0,
            "max": 1.0,
            "count": 500
        }
    },
    "metadata": {
        "timer_format_version": "0.1.0",
        "start_time_seconds": "1679740767",
        "python_version": "3.9.2 (default, Feb 28 2021, 17:03:44) \n[GCC 10.2.1 20210110]",
        "command_line_arguments": "/home/bears_bears/Unity_env/bin/mlagents-learn trainer_config.yaml --run-id FlappyBird-v1-Obs9-7_newReward --time-scale 20 --force",
        "mlagents_version": "0.30.0",
        "mlagents_envs_version": "0.30.0",
        "communication_protocol_version": "1.5.0",
        "pytorch_version": "1.11.0+cu102",
        "numpy_version": "1.21.2",
        "end_time_seconds": "1679741841"
    },
    "total": 1073.6068566479953,
    "count": 1,
    "self": 0.008731180998438504,
    "children": {
        "run_training.setup": {
            "total": 0.03143464599997969,
            "count": 1,
            "self": 0.03143464599997969
        },
        "TrainerController.start_learning": {
            "total": 1073.5666908209969,
            "count": 1,
            "self": 1.5893155908488552,
            "children": {
                "TrainerController._reset_env": {
                    "total": 11.290391023001575,
                    "count": 1,
                    "self": 11.290391023001575
                },
                "TrainerController.advance": {
                    "total": 1060.5447546801515,
                    "count": 48509,
                    "self": 1.6884373456123285,
                    "children": {
                        "env_step": {
                            "total": 683.9009392608423,
                            "count": 48509,
                            "self": 569.4745615647189,
                            "children": {
                                "SubprocessEnvManager._take_step": {
                                    "total": 113.58668918627518,
                                    "count": 48509,
                                    "self": 5.39544320206187,
                                    "children": {
                                        "TorchPolicy.evaluate": {
                                            "total": 108.19124598421331,
                                            "count": 41696,
                                            "self": 108.19124598421331
                                        }
                                    }
                                },
                                "workers": {
                                    "total": 0.8396885098482016,
                                    "count": 48509,
                                    "self": 0.0,
                                    "children": {
                                        "worker_root": {
                                            "total": 1071.2029013687497,
                                            "count": 48509,
                                            "is_parallel": true,
                                            "self": 584.552988537529,
                                            "children": {
                                                "run_training.setup": {
                                                    "total": 0.0,
                                                    "count": 0,
                                                    "is_parallel": true,
                                                    "self": 0.0,