{
    "name": "root",
    "gauges": {
        "Generator.Policy.Entropy.mean": {
            "value": 1.4189387559890747,
            "min": 1.4189387559890747,
            "max": 1.4189387559890747,
            "count": 1
        },
        "Generator.Policy.Entropy.sum": {
            "value": 168.8537139892578,
            "min": 168.8537139892578,
            "max": 168.8537139892578,
            "count": 1
        },
        "Generator.theta.mean": {
            "value": 0.038889104596284384,
            "min": 0.038889104596284384,
            "max": 0.038889104596284384,
            "count": 1
        },
        "Generator.theta.sum": {
            "value": 4.6278034469578415,
            "min": 4.6278034469578415,
            "max": 4.6278034469578415,
            "count": 1
        },
        "Generator.height.mean": {
            "value": 3.9333824189771125,
            "min": 3.9333824189771125,
            "max": 3.9333824189771125,
            "count": 1
        },
        "Generator.height.sum": {
            "value": 468.07250785827637,
            "min": 468.07250785827637,
            "max": 468.07250785827637,
            "count": 1
        },
        "Generator.distance.mean": {
            "value": 2.5093822459212873,
            "min": 2.5093822459212873,
            "max": 2.5093822459212873,
            "count": 1
        },
        "Generator.distance.sum": {
            "value": 298.6164872646332,
            "min": 298.6164872646332,
            "max": 298.6164872646332,
            "count": 1
        },
        "Generator.Environment.LessonNumber.aux_input.mean": {
            "value": 0.0,
            "min": 0.0,
            "max": 0.0,
            "count": 1
        },
        "Generator.Environment.LessonNumber.aux_input.sum": {
            "value": 0.0,
            "min": 0.0,
            "max": 0.0,
            "count": 1
        },
        "Generator.Score.mean": {
            "value": 1.4864864864864864,
            "min": 1.4864864864864864,
            "max": 1.4864864864864864,
            "count": 1
        },
        "Generator.Score.sum": {
            "value": 55.0,
            "min": 55.0,
            "max": 55.0,
            "count": 1
        },
        "Generator.Environment.EpisodeLength.mean": {
            "value": 0.43373493975903615,
            "min": 0.43373493975903615,
            "max": 0.43373493975903615,
            "count": 1
        },
        "Generator.Environment.EpisodeLength.sum": {
            "value": 36.0,
            "min": 36.0,
            "max": 36.0,
            "count": 1
        },
        "Generator.Step.mean": {
            "value": 249.0,
            "min": 249.0,
            "max": 249.0,
            "count": 1
        },
        "Generator.Step.sum": {
            "value": 249.0,
            "min": 249.0,
            "max": 249.0,
            "count": 1
        },
        "Generator.Policy.ExtrinsicValueEstimate.mean": {
            "value": 0.004829181358218193,
            "min": 0.004829181358218193,
            "max": 0.004829181358218193,
            "count": 1
        },
        "Generator.Policy.ExtrinsicValueEstimate.sum": {
            "value": 0.39599287509918213,
            "min": 0.39599287509918213,
            "max": 0.39599287509918213,
            "count": 1
        },
        "Generator.Environment.CumulativeReward.mean": {
            "value": -0.012805285613711288,
            "min": -0.012805285613711288,
            "max": -0.012805285613711288,
            "count": 1
        },
        "Generator.Environment.CumulativeReward.sum": {
            "value": -1.0500334203243256,
            "min": -1.0500334203243256,
            "max": -1.0500334203243256,
            "count": 1
        },
        "Generator.Policy.ExtrinsicReward.mean": {
            "value": -0.012805285613711288,
            "min": -0.012805285613711288,
            "max": -0.012805285613711288,
            "count": 1
        },
        "Generator.Policy.ExtrinsicReward.sum": {
            "value": -1.0500334203243256,
            "min": -1.0500334203243256,
            "max": -1.0500334203243256,
            "count": 1
        },
        "Generator.IsTraining.mean": {
            "value": 1.0,
            "min": 1.0,
            "max": 1.0,
            "count": 1
        },
        "Generator.IsTraining.sum": {
            "value": 1.0,
            "min": 1.0,
            "max": 1.0,
            "count": 1
        },
        "Solver.Policy.Entropy.mean": {
            "value": 0.6930322647094727,
            "min": 0.693019688129425,
            "max": 0.6930322647094727,
            "count": 2
        },
        "Solver.Policy.Entropy.sum": {
            "value": 686.1019287109375,
            "min": 59.599693298339844,
            "max": 686.1019287109375,
            "count": 2
        },
        "Solver.theta.mean": {
            "value": 0.049889573494052826,
            "min": 0.049889573494052826,
            "max": 0.14343500653138527,
            "count": 2
        },
        "Solver.theta.sum": {
            "value": 6.934650715673342,
            "min": 1.8646550849080086,
            "max": 6.934650715673342,
            "count": 2
        },
        "Solver.height.mean": {
            "value": 3.8988868161071117,
            "min": 3.8988868161071117,
            "max": 3.9627863443814793,
            "count": 2
        },
        "Solver.height.sum": {
            "value": 541.9452674388885,
            "min": 51.51622247695923,
            "max": 541.9452674388885,
            "count": 2
        },
        "Solver.distance.mean": {
            "value": 2.5177866752199134,
            "min": 2.508451681870681,
            "max": 2.5177866752199134,
            "count": 2
        },
        "Solver.distance.sum": {
            "value": 349.97234785556793,
            "min": 32.60987186431885,
            "max": 349.97234785556793,
            "count": 2
        },
        "Solver.Environment.LessonNumber.aux_input.mean": {
            "value": 0.0,
            "min": 0.0,
            "max": 0.0,
            "count": 2
        },
        "Solver.Environment.LessonNumber.aux_input.sum": {
            "value": 0.0,
            "min": 0.0,
            "max": 0.0,
            "count": 2
        },
        "Solver.Score.mean": {
            "value": 1.3191489361702127,
            "min": 1.3191489361702127,
            "max": 2.0,
            "count": 2
        },
        "Solver.Score.sum": {
            "value": 62.0,
            "min": 14.0,
            "max": 62.0,
            "count": 2
        },
        "Solver.Environment.EpisodeLength.mean": {
            "value": 9.87912087912088,
            "min": 9.87912087912088,
            "max": 16.2,
            "count": 2
        },
        "Solver.Environment.EpisodeLength.sum": {
            "value": 899.0,
            "min": 81.0,
            "max": 899.0,
            "count": 2
        },
        "Solver.Step.mean": {
            "value": 1993.0,
            "min": 996.0,
            "max": 1993.0,
            "count": 2
        },
        "Solver.Step.sum": {
            "value": 1993.0,
            "min": 996.0,
            "max": 1993.0,
            "count": 2
        },
        "Solver.Policy.ExtrinsicValueEstimate.mean": {
            "value": -0.1005038395524025,
            "min": -0.1005038395524025,
            "max": -0.06093722954392433,
            "count": 2
        },
        "Solver.Policy.ExtrinsicValueEstimate.sum": {
            "value": -9.145849227905273,
            "min": -9.145849227905273,
            "max": -0.24374891817569733,
            "count": 2
        },