{"count":1,"self":197.1223808,"total":3961.2040119,"children":{"InitializeActuators":{"count":41,"self":0.0029914,"total":0.0029914,"children":null},"InitializeSensors":{"count":41,"self":0.0179058,"total":0.0179058,"children":null},"AgentSendState":{"count":38786,"self":18.547335999999998,"total":1062.4920091,"children":{"GridSensor.Update":{"count":318078,"self":936.4970496,"total":936.4970503,"children":null},"CollectObservations":{"count":318078,"self":1.822176,"total":1.8221760999999999,"children":null},"WriteActionMask":{"count":318078,"self":0.43561039999999995,"total":0.43561039999999995,"children":null},"RequestDecision":{"count":318078,"self":1.1091067,"total":105.1898363,"children":{"AgentInfo.ToProto":{"count":318078,"self":2.3291204,"total":104.0807296,"children":{"GenerateSensorData":{"count":318078,"self":43.478073599999995,"total":101.7516091,"children":{"GridSensor.Write":{"count":318078,"self":57.0300288,"total":57.030031199999996,"children":null},"RayPerceptionSensor.Perceive":{"count":318078,"self":1.2435057,"total":1.2435057,"children":null}}}}}}}}},"DecideAction":{"count":38786,"self":2698.9641727999997,"total":2698.9640882999997,"children":null},"AgentAct":{"count":38786,"self":1.5275788,"total":1.5275788,"children":null},"AgentInfo.ToProto":{"count":3848,"self":0.025943499999999998,"total":1.0740717,"children":{"GenerateSensorData":{"count":3848,"self":0.3445843,"total":1.0481281999999998,"children":{"GridSensor.Write":{"count":3848,"self":0.66993439999999993,"total":0.66993439999999993,"children":null},"RayPerceptionSensor.Perceive":{"count":3848,"self":0.0336095,"total":0.0336095,"children":null}}}}}},"gauges":{"Solver.CumulativeReward":{"count":3848,"max":8.270071,"min":-0.93,"runningAverage":3.983974,"value":6.18002367,"weightedAverage":5.747917}},"metadata":{"timer_format_version":"0.1.0","start_time_seconds":"1683587131","unity_version":"2022.2.11f1","command_line_arguments":"Z:\\Git\\Flappy_bird\\Builds\\Windows\\PCG_2\\Flappy_bird.exe -nographics -batchmode --mlagents-port 5006 -logFile Z:\\Git\\Flappy_bird\\TrainerConfig\\results\\PCG_2\\run_logs\\Player-1.log","communication_protocol_version":"1.5.0","com.unity.ml-agents_version":"2.0.1","scene_name":"RuledPCG","end_time_seconds":"1683591093"}}