{"count":1,"self":567.86437119999994,"total":573.72449,"children":{"InitializeActuators":{"count":3,"self":0.0026089999999999998,"total":0.0026089999999999998,"children":null},"InitializeSensors":{"count":3,"self":0.002895,"total":0.002895,"children":null},"AgentSendState":{"count":28648,"self":0.20582699999999998,"total":0.48020799999999997,"children":{"CollectObservations":{"count":5705,"self":0.22769499999999998,"total":0.22769499999999998,"children":null},"WriteActionMask":{"count":5705,"self":0.017745,"total":0.017745,"children":null},"RequestDecision":{"count":5705,"self":0.028940999999999998,"total":0.028940999999999998,"children":null}}},"DecideAction":{"count":28648,"self":5.277514,"total":5.277514,"children":null},"AgentAct":{"count":28648,"self":0.092526,"total":0.092526,"children":null}},"gauges":{"FlappyBird.CumulativeReward":{"count":40,"max":7.199995,"min":-1,"runningAverage":0.632499337,"value":-1,"weightedAverage":-0.715111256}},"metadata":{"timer_format_version":"0.1.0","start_time_seconds":"1681758905","unity_version":"2022.2.11f1","command_line_arguments":"\/home\/bears_bears\/Unity_projects\/Flappy_bird\/Builds\/Linux\/Flappy_bird_RL.x86_64","communication_protocol_version":"1.5.0","com.unity.ml-agents_version":"2.0.1","scene_name":"Play_scene","end_time_seconds":"1681759478"}}