{
    "name": "root",
    "gauges": {
        "Generator.Policy.Entropy.mean": {
            "value": 1.2265366315841675,
            "min": 1.2055147886276245,
            "max": 1.4335309267044067,
            "count": 247
        },
        "Generator.Policy.Entropy.sum": {
            "value": 1216.724365234375,
            "min": 1174.17138671875,
            "max": 1523.93994140625,
            "count": 247
        },
        "Generator.Environment.EpisodeLength.mean": {
            "value": 0.0,
            "min": 0.0,
            "max": 9.0,
            "count": 247
        },
        "Generator.Environment.EpisodeLength.sum": {
            "value": 0.0,
            "min": 0.0,
            "max": 918.0,
            "count": 247
        },
        "Generator.Step.mean": {
            "value": 246999.0,
            "min": 991.0,
            "max": 246999.0,
            "count": 247
        },
        "Generator.Step.sum": {
            "value": 246999.0,
            "min": 991.0,
            "max": 246999.0,
            "count": 247
        },
        "Generator.Policy.ExtrinsicValueEstimate.mean": {
            "value": 2.1610867977142334,
            "min": -7.720788955688477,
            "max": 11.56257438659668,
            "count": 247
        },
        "Generator.Policy.ExtrinsicValueEstimate.sum": {
            "value": 2161.0869140625,
            "min": -7720.7890625,
            "max": 11562.57421875,
            "count": 247
        },
        "Generator.Environment.CumulativeReward.mean": {
            "value": -0.009999999776482582,
            "min": -0.009999999776482582,
            "max": 0.45000001788139343,
            "count": 247
        },
        "Generator.Environment.CumulativeReward.sum": {
            "value": -9.999999776482582,
            "min": -9.999999776482582,
            "max": 45.09000179171562,
            "count": 247
        },
        "Generator.Policy.ExtrinsicReward.mean": {
            "value": -0.009999999776482582,
            "min": -0.009999999776482582,
            "max": 0.45000001788139343,
            "count": 247
        },
        "Generator.Policy.ExtrinsicReward.sum": {
            "value": -9.999999776482582,
            "min": -9.999999776482582,
            "max": 45.09000179171562,
            "count": 247
        },
        "Generator.IsTraining.mean": {
            "value": 1.0,
            "min": 1.0,
            "max": 1.0,
            "count": 247
        },
        "Generator.IsTraining.sum": {
            "value": 1.0,
            "min": 1.0,
            "max": 1.0,
            "count": 247
        },
        "Generator.Losses.PolicyLoss.mean": {
            "value": 0.3611811404116452,
            "min": 0.049844049230159726,
            "max": 0.4380709119141102,
            "count": 119
        },
        "Generator.Losses.PolicyLoss.sum": {
            "value": 0.3611811404116452,
            "min": 0.049844049230159726,
            "max": 0.4380709119141102,
            "count": 119
        },
        "Generator.Losses.ValueLoss.mean": {
            "value": 39.00674980288992,
            "min": 2.2879867079457956e-05,
            "max": 1203.5058847919136,
            "count": 119
        },
        "Generator.Losses.ValueLoss.sum": {
            "value": 39.00674980288992,
            "min": 2.2879867079457956e-05,
            "max": 1203.5058847919136,
            "count": 119
        },
        "Generator.Policy.LearningRate.mean": {
            "value": 0.0001523154492282,
            "min": 0.0001523154492282,
            "max": 0.00029876460041180006,
            "count": 119
        },
        "Generator.Policy.LearningRate.sum": {
            "value": 0.0001523154492282,
            "min": 0.0001523154492282,
            "max": 0.00029876460041180006,
            "count": 119
        },
        "Generator.Policy.Epsilon.mean": {
            "value": 0.1507718,
            "min": 0.1507718,
            "max": 0.19958820000000002,
            "count": 119
        },
        "Generator.Policy.Epsilon.sum": {
            "value": 0.1507718,
            "min": 0.1507718,
            "max": 0.19958820000000002,
            "count": 119
        },
        "Generator.Policy.Beta.mean": {
            "value": 0.00254351282,
            "min": 0.00254351282,
            "max": 0.00497945118,
            "count": 119
        },
        "Generator.Policy.Beta.sum": {
            "value": 0.00254351282,
            "min": 0.00254351282,
            "max": 0.00497945118,
            "count": 119
        }
    },
    "metadata": {
        "timer_format_version": "0.1.0",
        "start_time_seconds": "1682260115",
        "python_version": "3.9.2 (default, Feb 28 2021, 17:03:44) \n[GCC 10.2.1 20210110]",
        "command_line_arguments": "/home/bears_bears/Unity_env/bin/mlagents-learn ARLPCG.yaml --run-id G5_newobs --force",
        "mlagents_version": "0.30.0",
        "mlagents_envs_version": "0.30.0",
        "communication_protocol_version": "1.5.0",
        "pytorch_version": "1.11.0+cu102",
        "numpy_version": "1.21.2",
        "end_time_seconds": "1682260822"
    },
    "total": 707.5060362939839,
    "count": 1,
    "self": 0.06690184099716134,
    "children": {
        "run_training.setup": {
            "total": 0.03324115299619734,
            "count": 1,
            "self": 0.03324115299619734
        },
        "TrainerController.start_learning": {
            "total": 707.4058932999906,
            "count": 1,
            "self": 0.6873210723861121,
            "children": {
                "TrainerController._reset_env": {
                    "total": 23.976387293980224,
                    "count": 1,
                    "self": 23.976387293980224
                },
                "TrainerController.advance": {
                    "total": 682.6749497086566,
                    "count": 16696,
                    "self": 0.6416726797469892,
                    "children": {
                        "env_step": {
                            "total": 428.9965700408793,
                            "count": 16696,
                            "self": 402.02165741601493,
                            "children": {
                                "SubprocessEnvManager._take_step": {
                                    "total": 26.639334365463583,
                                    "count": 16696,
                                    "self": 1.9643340549664572,
                                    "children": {
                                        "TorchPolicy.evaluate": {
                                            "total": 24.675000310497126,
                                            "count": 16696,
                                            "self": 24.675000310497126
                                        }
                                    }
                                },
                                "workers": {
                                    "total": 0.33557825940079056,
                                    "count": 16695,
                                    "self": 0.0,
                                    "children": {
                                        "worker_root": {
                                            "total": 706.384751065285,
                                            "count": 16695,
                                            "is_parallel": true,
                                            "self": 343.9241634235659,
                                            "children": {
                                                "run_training.setup": {
                                                    "total": 0.0,
                                                    "count": 0,
                                                    "is_parallel": true,
                                                    "self": 0.0,