{
    "name": "root",
    "gauges": {
        "Solver.Policy.Entropy.mean": {
            "value": 0.15603947639465332,
            "min": 0.08520783483982086,
            "max": 0.693124532699585,
            "count": 3000
        },
        "Solver.Policy.Entropy.sum": {
            "value": 147.14523315429688,
            "min": 28.165985107421875,
            "max": 6478.54931640625,
            "count": 3000
        },
        "Solver.Environment.EpisodeLength.mean": {
            "value": 106.44444444444444,
            "min": 14.956521739130435,
            "max": 129.0,
            "count": 3000
        },
        "Solver.Environment.EpisodeLength.sum": {
            "value": 958.0,
            "min": 23.0,
            "max": 2182.0,
            "count": 3000
        },
        "Solver.Score.mean": {
            "value": 7.666666666666667,
            "min": 0.0,
            "max": 10.0,
            "count": 3000
        },
        "Solver.Score.sum": {
            "value": 69.0,
            "min": 0.0,
            "max": 150.0,
            "count": 3000
        },
        "Solver.Step.mean": {
            "value": 2999973.0,
            "min": 998.0,
            "max": 2999973.0,
            "count": 3000
        },
        "Solver.Step.sum": {
            "value": 2999973.0,
            "min": 998.0,
            "max": 2999973.0,
            "count": 3000
        },
        "Solver.Policy.ExtrinsicValueEstimate.mean": {
            "value": 1.5883592367172241,
            "min": -0.4021817743778229,
            "max": 2.5045104026794434,
            "count": 3000
        },
        "Solver.Policy.ExtrinsicValueEstimate.sum": {
            "value": 38.12062072753906,
            "min": -14.638784408569336,
            "max": 50.63494873046875,
            "count": 3000
        },
        "Solver.Environment.CumulativeReward.mean": {
            "value": 4.749999582767487,
            "min": -0.2381250853650272,
            "max": 7.479999542236328,
            "count": 2999
        },
        "Solver.Environment.CumulativeReward.sum": {
            "value": 61.749994575977325,
            "min": -15.24000546336174,
            "max": 112.21999245882034,
            "count": 2999
        },
        "Solver.Policy.ExtrinsicReward.mean": {
            "value": 4.749999582767487,
            "min": -0.2381250853650272,
            "max": 7.479999542236328,
            "count": 2999
        },
        "Solver.Policy.ExtrinsicReward.sum": {
            "value": 61.749994575977325,
            "min": -15.24000546336174,
            "max": 112.21999245882034,
            "count": 2999
        },
        "Solver.IsTraining.mean": {
            "value": 1.0,
            "min": 1.0,
            "max": 1.0,
            "count": 3000
        },
        "Solver.IsTraining.sum": {
            "value": 1.0,
            "min": 1.0,
            "max": 1.0,
            "count": 3000
        },
        "Solver.Losses.PolicyLoss.mean": {
            "value": 0.09910055507689414,
            "min": 0.07343438892470051,
            "max": 0.7487133654455344,
            "count": 1308
        },
        "Solver.Losses.PolicyLoss.sum": {
            "value": 0.09910055507689414,
            "min": 0.07343438892470051,
            "max": 0.7487133654455344,
            "count": 1308
        },
        "Solver.Losses.ValueLoss.mean": {
            "value": 0.15749480868830826,
            "min": 0.00067839831064231,
            "max": 0.5529221221804619,
            "count": 1308
        },
        "Solver.Losses.ValueLoss.sum": {
            "value": 0.15749480868830826,
            "min": 0.00067839831064231,
            "max": 0.5529221221804619,
            "count": 1308
        },
        "Solver.Policy.LearningRate.mean": {
            "value": 1.4194332623667725e-06,
            "min": 1.4194332623667725e-06,
            "max": 0.001998551333405766,
            "count": 1308
        },
        "Solver.Policy.LearningRate.sum": {
            "value": 1.4194332623667725e-06,
            "min": 1.4194332623667725e-06,
            "max": 0.001998551333405766,
            "count": 1308
        },
        "Solver.Policy.Epsilon.mean": {
            "value": 0.10007096666666669,
            "min": 0.10007096666666669,
            "max": 0.19992756666666667,
            "count": 1308
        },
        "Solver.Policy.Epsilon.sum": {
            "value": 0.10007096666666669,
            "min": 0.10007096666666669,
            "max": 0.19992756666666667,
            "count": 1308
        },
        "Solver.Policy.Beta.mean": {
            "value": 1.1412236666666774e-05,
            "min": 1.1412236666666774e-05,
            "max": 0.0019985585766666668,
            "count": 1308
        },
        "Solver.Policy.Beta.sum": {
            "value": 1.1412236666666774e-05,
            "min": 1.1412236666666774e-05,
            "max": 0.0019985585766666668,
            "count": 1308
        }
    },
    "metadata": {
        "timer_format_version": "0.1.0",
        "start_time_seconds": "1683993162",
        "python_version": "3.9.13 (tags/v3.9.13:6de2ca5, May 17 2022, 16:36:42) [MSC v.1929 64 bit (AMD64)]",
        "command_line_arguments": "C:\\Users\\Kevinn\\test_ml_env\\Scripts\\mlagents-learn PCG.yaml --num-envs=10 --run-id=PCG_Const_1 --no-graphics --torch-device=cuda --time-scale=1 --env=Z:\\Git\\Flappy_bird\\Builds\\Windows\\PCG_Const_1\\Flappy_bird.exe --force",
        "mlagents_version": "0.30.0",
        "mlagents_envs_version": "0.30.0",
        "communication_protocol_version": "1.5.0",
        "pytorch_version": "2.0.1+cu118",
        "numpy_version": "1.21.2",
        "end_time_seconds": "1683997284"
    },
    "total": 4122.0081964,
    "count": 1,
    "self": 1.7892060000003767,
    "children": {
        "run_training.setup": {
            "total": 2.9846391999999997,
            "count": 1,
            "self": 2.9846391999999997
        },
        "TrainerController.start_learning": {
            "total": 4117.2343512,
            "count": 1,
            "self": 2.490988100067625,
            "children": {
                "TrainerController._reset_env": {
                    "total": 8.249860000000002,
                    "count": 1,
                    "self": 8.249860000000002
                },
                "TrainerController.advance": {
                    "total": 4106.342825799932,
                    "count": 52153,
                    "self": 1.2376616999181351,
                    "children": {
                        "env_step": {
                            "total": 4105.105164100014,
                            "count": 52153,
                            "self": 3321.954260200042,
                            "children": {
                                "SubprocessEnvManager._take_step": {
                                    "total": 781.3331929999714,
                                    "count": 99799,
                                    "self": 10.470015199999239,
                                    "children": {
                                        "TorchPolicy.evaluate": {
                                            "total": 770.8631777999722,
                                            "count": 73496,
                                            "self": 770.8631777999722
                                        }
                                    }
                                },
                                "workers": {
                                    "total": 1.8177109000005363,
                                    "count": 52153,
                                    "self": 0.0,