{
    "name": "root",
    "gauges": {
        "Solver.Policy.Entropy.mean": {
            "value": 0.16498194634914398,
            "min": 0.12130264937877655,
            "max": 0.24625875055789948,
            "count": 1290
        },
        "Solver.Policy.Entropy.sum": {
            "value": 128.6859130859375,
            "min": 7.884672164916992,
            "max": 3393.445556640625,
            "count": 1290
        },
        "Solver.Score.mean": {
            "value": 8.923076923076923,
            "min": 0.045706371191135735,
            "max": 10.0,
            "count": 1283
        },
        "Solver.Score.sum": {
            "value": 116.0,
            "min": 1.0,
            "max": 971.0,
            "count": 1283
        },
        "Solver.Episode.mean": {
            "value": 1.0,
            "min": 1.0,
            "max": 1.0,
            "count": 1042
        },
        "Solver.Episode.sum": {
            "value": 1.0,
            "min": 1.0,
            "max": 1.0,
            "count": 1042
        },
        "Solver.Environment.LessonNumber.aux_input.mean": {
            "value": 0.0,
            "min": 0.0,
            "max": 0.0,
            "count": 1286
        },
        "Solver.Environment.LessonNumber.aux_input.sum": {
            "value": 0.0,
            "min": 0.0,
            "max": 0.0,
            "count": 1286
        },
        "Solver.Environment.EpisodeLength.mean": {
            "value": 70.0,
            "min": 13.36111111111111,
            "max": 76.81818181818181,
            "count": 1283
        },
        "Solver.Environment.EpisodeLength.sum": {
            "value": 910.0,
            "min": 18.0,
            "max": 7356.0,
            "count": 1283
        },
        "Solver.Step.mean": {
            "value": 1302983.0,
            "min": 992.0,
            "max": 1302983.0,
            "count": 1303
        },
        "Solver.Step.sum": {
            "value": 1302983.0,
            "min": 992.0,
            "max": 1302983.0,
            "count": 1303
        },
        "Solver.Policy.ExtrinsicValueEstimate.mean": {
            "value": 1.787010669708252,
            "min": 1.2605583667755127,
            "max": 2.310563087463379,
            "count": 1303
        },
        "Solver.Policy.ExtrinsicValueEstimate.sum": {
            "value": 44.67526626586914,
            "min": 33.018497467041016,
            "max": 156.74610900878906,
            "count": 1303
        },
        "Solver.Environment.CumulativeReward.mean": {
            "value": 3.336922897742345,
            "min": 0.6864285721310548,
            "max": 4.04999977350235,
            "count": 1279
        },
        "Solver.Environment.CumulativeReward.sum": {
            "value": 43.37999767065048,
            "min": 1.4499996900558472,
            "max": 299.499985486269,
            "count": 1279
        },
        "Solver.Policy.ExtrinsicReward.mean": {
            "value": 3.336922897742345,
            "min": 0.6864285721310548,
            "max": 4.04999977350235,
            "count": 1279
        },
        "Solver.Policy.ExtrinsicReward.sum": {
            "value": 43.37999767065048,
            "min": 1.4499996900558472,
            "max": 299.499985486269,
            "count": 1279
        },
        "Solver.IsTraining.mean": {
            "value": 0.0,
            "min": 0.0,
            "max": 0.0,
            "count": 1303
        },
        "Solver.IsTraining.sum": {
            "value": 0.0,
            "min": 0.0,
            "max": 0.0,
            "count": 1303
        }
    },
    "metadata": {
        "timer_format_version": "0.1.0",
        "start_time_seconds": "1683990515",
        "python_version": "3.9.13 (tags/v3.9.13:6de2ca5, May 17 2022, 16:36:42) [MSC v.1929 64 bit (AMD64)]",
        "command_line_arguments": "C:\\Users\\Kevinn\\test_ml_env\\Scripts\\mlagents-learn inference.yaml --num-envs=10 --run-id=InferPCG_2_aux_0 --env=Z:\\Git\\Flappy_bird\\Builds\\Windows\\Inference\\Flappy_bird.exe --no-graphics --torch-device=cuda --time-scale=1 --inference --initialize-from=PCG_2",
        "mlagents_version": "0.30.0",
        "mlagents_envs_version": "0.30.0",
        "communication_protocol_version": "1.5.0",
        "pytorch_version": "2.0.1+cu118",
        "numpy_version": "1.21.2",
        "end_time_seconds": "1683991373"
    },
    "total": 858.5096702,
    "count": 1,
    "self": 3.024845400000004,
    "children": {
        "run_training.setup": {
            "total": 2.2483353,
            "count": 1,
            "self": 2.2483353
        },
        "TrainerController.start_learning": {
            "total": 853.2364895,
            "count": 1,
            "self": 1.5221250999969698,
            "children": {
                "TrainerController._reset_env": {
                    "total": 7.1321183,
                    "count": 1,
                    "self": 7.1321183
                },
                "TrainerController.advance": {
                    "total": 844.582190600003,
                    "count": 25069,
                    "self": 2.697187100002452,
                    "children": {
                        "env_step": {
                            "total": 841.8850035000005,
                            "count": 25069,
                            "self": 586.591625800006,
                            "children": {
                                "SubprocessEnvManager._take_step": {
                                    "total": 254.18379229999925,
                                    "count": 35353,
                                    "self": 3.6326534000072286,
                                    "children": {
                                        "TorchPolicy.evaluate": {
                                            "total": 250.55113889999203,
                                            "count": 20316,
                                            "self": 250.55113889999203
                                        }
                                    }
                                },
                                "workers": {
                                    "total": 1.109585399995206,
                                    "count": 25068,
                                    "self": 0.0,
                                    "children": {
                                        "worker_root": {
                                            "total": 8480.668555299968,
                                            "count": 35344,
                                            "is_parallel": true,
                                            "self": 1123.6385280000059,
                                            "children": {
                                                "steps_from_proto": {
                                                    "total": 0.3406540999999974,
                                                    "count": 10,
                                                    "is_parallel": true,
                                                    "self": 0.004468899999999998,
                                                    "children": {
                                                        "_process_maybe_compressed_observation": {
                                                            "total": 0.3196912999999988,
                                                            "count": 20,
                                                            "is_parallel": true,
                                                            "self": 0.01524930000000424,