{
    "name": "root",
    "gauges": {
        "FlappyBird.Policy.Entropy.mean": {
            "value": 0.17688754200935364,
            "min": 0.09594714641571045,
            "max": 0.20084337890148163,
            "count": 206
        },
        "FlappyBird.Policy.Entropy.sum": {
            "value": 154.9534912109375,
            "min": 88.07948303222656,
            "max": 212.7039337158203,
            "count": 206
        },
        "FlappyBird.Step.mean": {
            "value": 705950.0,
            "min": 500952.0,
            "max": 705950.0,
            "count": 206
        },
        "FlappyBird.Step.sum": {
            "value": 705950.0,
            "min": 500952.0,
            "max": 705950.0,
            "count": 206
        },
        "FlappyBird.Policy.ExtrinsicValueEstimate.mean": {
            "value": 10.086906433105469,
            "min": 7.861584186553955,
            "max": 55.83981704711914,
            "count": 206
        },
        "FlappyBird.Policy.ExtrinsicValueEstimate.sum": {
            "value": 171.47740173339844,
            "min": 125.78534698486328,
            "max": 1052.2301025390625,
            "count": 206
        },
        "FlappyBird.Environment.EpisodeLength.mean": {
            "value": 181.0,
            "min": 93.0,
            "max": 436.0,
            "count": 206
        },
        "FlappyBird.Environment.EpisodeLength.sum": {
            "value": 724.0,
            "min": 93.0,
            "max": 2083.0,
            "count": 206
        },
        "FlappyBird.Environment.CumulativeReward.mean": {
            "value": 48.56000308990478,
            "min": 19.80000114440918,
            "max": 92.40000629425049,
            "count": 206
        },
        "FlappyBird.Environment.CumulativeReward.sum": {
            "value": 242.80001544952393,
            "min": 34.20000171661377,
            "max": 417.20002937316895,
            "count": 206
        },
        "FlappyBird.Policy.ExtrinsicReward.mean": {
            "value": 48.56000308990478,
            "min": 19.80000114440918,
            "max": 92.40000629425049,
            "count": 206
        },
        "FlappyBird.Policy.ExtrinsicReward.sum": {
            "value": 242.80001544952393,
            "min": 34.20000171661377,
            "max": 417.20002937316895,
            "count": 206
        },
        "FlappyBird.IsTraining.mean": {
            "value": 1.0,
            "min": 1.0,
            "max": 1.0,
            "count": 206
        },
        "FlappyBird.IsTraining.sum": {
            "value": 1.0,
            "min": 1.0,
            "max": 1.0,
            "count": 206
        },
        "FlappyBird.Losses.PolicyLoss.mean": {
            "value": 0.3881011277747651,
            "min": 0.2852951065724483,
            "max": 0.5494749266654253,
            "count": 111
        },
        "FlappyBird.Losses.PolicyLoss.sum": {
            "value": 0.3881011277747651,
            "min": 0.2852951065724483,
            "max": 0.5494749266654253,
            "count": 111
        },
        "FlappyBird.Losses.ValueLoss.mean": {
            "value": 4.192598660786946,
            "min": 2.2585654702658453,
            "max": 193.88158933321634,
            "count": 111
        },
        "FlappyBird.Losses.ValueLoss.sum": {
            "value": 4.192598660786946,
            "min": 2.2585654702658453,
            "max": 193.88158933321634,
            "count": 111
        },
        "FlappyBird.Policy.LearningRate.mean": {
            "value": 0.0002576625741124799,
            "min": 0.0002576625741124799,
            "max": 0.00026988979003673996,
            "count": 111
        },
        "FlappyBird.Policy.LearningRate.sum": {
            "value": 0.0002576625741124799,
            "min": 0.0002576625741124799,
            "max": 0.00026988979003673996,
            "count": 111
        },
        "FlappyBird.Policy.Epsilon.mean": {
            "value": 0.18588752,
            "min": 0.18588752,
            "max": 0.18996326000000005,
            "count": 111
        },
        "FlappyBird.Policy.Epsilon.sum": {
            "value": 0.18588752,
            "min": 0.18588752,
            "max": 0.18996326000000005,
            "count": 111
        },
        "FlappyBird.Policy.Beta.mean": {
            "value": 0.004295787247999999,
            "min": 0.004295787247999999,
            "max": 0.004499166674,
            "count": 111
        },
        "FlappyBird.Policy.Beta.sum": {
            "value": 0.004295787247999999,
            "min": 0.004295787247999999,
            "max": 0.004499166674,
            "count": 111
        }
    },
    "metadata": {
        "timer_format_version": "0.1.0",
        "start_time_seconds": "1679682779",
        "python_version": "3.9.2 (default, Feb 28 2021, 17:03:44) \n[GCC 10.2.1 20210110]",
        "command_line_arguments": "/home/bears_bears/Unity_env/bin/mlagents-learn trainer_config(copy).yaml --run-id FlappyBird-v1-Obs5-1 --time-scale 20 --resume",
        "mlagents_version": "0.30.0",
        "mlagents_envs_version": "0.30.0",
        "communication_protocol_version": "1.5.0",
        "pytorch_version": "1.11.0+cu102",
        "numpy_version": "1.21.2",
        "end_time_seconds": "1679683260"
    },
    "total": 480.4623160330011,
    "count": 1,
    "self": 0.009932123990438413,
    "children": {
        "run_training.setup": {
            "total": 0.04049938900425332,
            "count": 1,
            "self": 0.04049938900425332
        },
        "TrainerController.start_learning": {
            "total": 480.4118845200064,
            "count": 1,
            "self": 1.0167900267697405,
            "children": {
                "TrainerController._reset_env": {
                    "total": 13.373985061996791,
                    "count": 1,
                    "self": 13.373985061996791
                },
                "TrainerController.advance": {
                    "total": 465.62900465123676,
                    "count": 34446,
                    "self": 1.0731670066161314,
                    "children": {
                        "env_step": {
                            "total": 344.36469106908044,
                            "count": 34446,
                            "self": 247.59976276900125,
                            "children": {
                                "SubprocessEnvManager._take_step": {
                                    "total": 96.16257354491972,
                                    "count": 34446,
                                    "self": 3.948099696339341,
                                    "children": {
                                        "TorchPolicy.evaluate": {
                                            "total": 92.21447384858038,
                                            "count": 34446,
                                            "self": 92.21447384858038
                                        }
                                    }
                                },
                                "workers": {
                                    "total": 0.6023547551594675,
                                    "count": 34445,
                                    "self": 0.0,
                                    "children": {
                                        "worker_root": {
                                            "total": 478.48877226798504,
                                            "count": 34445,
                                            "is_parallel": true,
                                            "self": 283.6820335637094,
                                            "children": {
                                                "run_training.setup": {
                                                    "total": 0.0,
                                                    "count": 0,
                                                    "is_parallel": true,
                                                    "self": 0.0,