{"count":1,"self":279.7328128,"total":287.356047,"children":{"InitializeActuators":{"count":2,"self":0.0049489999999999994,"total":0.0049489999999999994,"children":null},"InitializeSensors":{"count":2,"self":0.007318,"total":0.007318,"children":null},"AgentSendState":{"count":13731,"self":0.550179,"total":0.63788899999999993,"children":{"CollectObservations":{"count":2944,"self":0.055543999999999996,"total":0.055543999999999996,"children":null},"WriteActionMask":{"count":2944,"self":0.007981,"total":0.007981,"children":null},"RequestDecision":{"count":2944,"self":0.024184999999999998,"total":0.024184999999999998,"children":null}}},"DecideAction":{"count":13731,"self":6.5915539999999995,"total":6.640116,"children":{"RayPerceptionSensor.Perceive":{"count":5494,"self":0.048562,"total":0.048562,"children":null}}},"AgentAct":{"count":13731,"self":0.33127799999999996,"total":0.33127799999999996,"children":null}},"gauges":{"Solver.CumulativeReward":{"count":67,"max":1.05010271,"min":-0.9881,"runningAverage":-0.241865546,"value":0.100001119,"weightedAverage":0.124993846},"Generator.CumulativeReward":{"count":74,"max":6.380051,"min":-13.5099993,"runningAverage":-0.83891803,"value":0.4299998,"weightedAverage":0.461647749}},"metadata":{"timer_format_version":"0.1.0","start_time_seconds":"1682931358","unity_version":"2022.2.11f1","command_line_arguments":"\/home\/bears_bears\/Unity-2022.2.11f1\/Editor\/Unity -projectpath \/home\/bears_bears\/Unity_projects\/Flappy_bird -useHub -hubIPC -cloudEnvironment production -licensingIpc LicenseClient-bears_bears -hubSessionId 89a197c0-e7e1-11ed-a09b-91e7a743c5bf -accessToken RK5qT9FN8iMgrE3xcGHEuWV15QyrcEHatje99qXgR0400af","communication_protocol_version":"1.5.0","com.unity.ml-agents_version":"2.0.1","scene_name":"Inference","end_time_seconds":"1682931645"}}