{"count":1,"self":199.82638079999998,"total":215.27900509999998,"children":{"InitializeActuators":{"count":1,"self":0.0009975,"total":0.0009975,"children":null},"InitializeSensors":{"count":1,"self":0.0089765,"total":0.0089765,"children":null},"AgentSendState":{"count":10531,"self":0.19691999999999998,"total":6.86893,"children":{"GridSensor.Update":{"count":2107,"self":6.5986107999999994,"total":6.5986107999999994,"children":null},"CollectObservations":{"count":2107,"self":0.015512199999999999,"total":0.015512199999999999,"children":null},"WriteActionMask":{"count":2107,"self":0.0039924,"total":0.0039924,"children":null},"RequestDecision":{"count":2107,"self":0.0538946,"total":0.0538946,"children":null}}},"DecideAction":{"count":10531,"self":8.041464,"total":8.5115307,"children":{"GridSensor.Write":{"count":2107,"self":0.45499429999999996,"total":0.45499429999999996,"children":null},"RayPerceptionSensor.Perceive":{"count":2107,"self":0.015071999999999999,"total":0.015071999999999999,"children":null}}},"AgentAct":{"count":10531,"self":0.061186199999999996,"total":0.061186199999999996,"children":null}},"gauges":{"Solver.CumulativeReward":{"count":36,"max":7.110045,"min":-0.610000134,"runningAverage":2.02694821,"value":0.359999061,"weightedAverage":1.72552824}},"metadata":{"timer_format_version":"0.1.0","start_time_seconds":"1683587625","unity_version":"2022.2.11f1","command_line_arguments":"C:\\Program Files\\Unity\\Hub\\Editor\\2022.2.11f1\\Editor\\Unity.exe -projectpath Z:\\Git\\Flappy_bird -useHub -hubIPC -cloudEnvironment production -licensingIpc LicenseClient-Kevinn -hubSessionId e634c7b0-ed62-11ed-952d-f9e74ddf34e4 -accessToken AF2UKsRN2xbBZzTPUQUjWEnrrwVhpFSkv6H_9M4v6tY00af","communication_protocol_version":"1.5.0","com.unity.ml-agents_version":"2.0.1","scene_name":"RuledPCG","end_time_seconds":"1683587840"}}