{"count":1,"self":2069.8875903999997,"total":7513.8382369,"children":{"InitializeActuators":{"count":130,"self":0.0029957,"total":0.0029957,"children":null},"InitializeSensors":{"count":130,"self":0.009915499999999999,"total":0.009915499999999999,"children":null},"AgentInfo.ToProto":{"count":15378,"self":0.08067669999999999,"total":3.3844475999999997,"children":{"GenerateSensorData":{"count":15378,"self":2.3519158,"total":3.3037709,"children":{"GridSensor.GetCompressedObservation":{"count":7619,"self":0.92784479999999991,"total":0.92784479999999991,"children":null},"RayPerceptionSensor.Perceive":{"count":7619,"self":0.0240103,"total":0.0240103,"children":null}}}}},"AgentSendState":{"count":66246,"self":40.2109056,"total":2687.9891743999997,"children":{"GridSensor.Update":{"count":861250,"self":1855.3298943999998,"total":1855.3298267,"children":null},"CollectObservations":{"count":5167240,"self":13.718697599999999,"total":13.7186983,"children":null},"WriteActionMask":{"count":5167240,"self":2.0820216,"total":2.0820217,"children":null},"RequestDecision":{"count":5167240,"self":10.9444432,"total":776.6477232,"children":{"AgentInfo.ToProto":{"count":5167240,"self":9.5162544,"total":765.70328039999993,"children":{"GenerateSensorData":{"count":5167240,"self":679.52419839999993,"total":756.1870256,"children":{"GridSensor.GetCompressedObservation":{"count":861250,"self":74.520505599999993,"total":74.5205034,"children":null},"RayPerceptionSensor.Perceive":{"count":861250,"self":2.1423167999999997,"total":2.1423167999999997,"children":null}}}}}}}}},"DecideAction":{"count":66246,"self":2661.0618368,"total":2661.0618001999997,"children":null},"AgentAct":{"count":66246,"self":88.8853632,"total":91.5023037,"children":{"AgentInfo.ToProto":{"count":11626,"self":0.031177499999999997,"total":2.6169428,"children":{"GenerateSensorData":{"count":11626,"self":1.8972783999999998,"total":2.5857653,"children":{"GridSensor.GetCompressedObservation":{"count":5813,"self":0.6684285,"total":0.6684285,"children":null},"RayPerceptionSensor.Perceive":{"count":5813,"self":0.0200585,"total":0.0200585,"children":null}}}}}}}},"gauges":{"Generator.CumulativeReward":{"count":13572,"max":8.490055,"min":-22.5001011,"runningAverage":-3.508278,"value":-2.48999667,"weightedAverage":-7.84953833},"Solver.CumulativeReward":{"count":13432,"max":6.49000835,"min":-1.59000039,"runningAverage":2.389685,"value":4.490008,"weightedAverage":3.054163}},"metadata":{"timer_format_version":"0.1.0","start_time_seconds":"1683542341","unity_version":"2022.2.11f1","command_line_arguments":"C:\\Program Files\\Unity\\Hub\\Editor\\2022.2.11f1\\Editor\\Unity.exe -projectpath Z:\\Git\\Flappy_bird -useHub -hubIPC -cloudEnvironment production -licensingIpc LicenseClient-Kevinn -hubSessionId e634c7b0-ed62-11ed-952d-f9e74ddf34e4 -accessToken n9ZyPIQYgmvIjPgaq91W1_8WRp029Gz3gCRFV7xcnF800af","communication_protocol_version":"1.5.0","com.unity.ml-agents_version":"2.0.1","scene_name":"Unit_test_Solver_Generator","end_time_seconds":"1683549855"}}