{"count":1,"self":79.651072,"total":188.65526789999998,"children":{"InitializeActuators":{"count":130,"self":0.002005,"total":0.002005,"children":null},"InitializeSensors":{"count":130,"self":0.0090037,"total":0.0090037,"children":null},"AgentInfo.ToProto":{"count":2371,"self":0.0050125,"total":0.1552757,"children":{"GenerateSensorData":{"count":2371,"self":0.025104599999999998,"total":0.15026319999999999,"children":{"GridSensor.GetCompressedObservation":{"count":1153,"self":0.11918129999999999,"total":0.11918129999999999,"children":null},"RayPerceptionSensor.Perceive":{"count":1153,"self":0.0059773,"total":0.0059773,"children":null}}}}},"AgentSendState":{"count":2936,"self":1.2439745,"total":66.263847099999992,"children":{"GridSensor.Update":{"count":38220,"self":61.108652799999994,"total":61.1086556,"children":null},"CollectObservations":{"count":41362,"self":0.13577609999999998,"total":0.13577609999999998,"children":null},"WriteActionMask":{"count":41362,"self":0.0219699,"total":0.0219699,"children":null},"RequestDecision":{"count":41362,"self":0.1079617,"total":3.753471,"children":{"AgentInfo.ToProto":{"count":41362,"self":0.070047699999999991,"total":3.6455092999999996,"children":{"GenerateSensorData":{"count":41362,"self":0.4552846,"total":3.5754615999999997,"children":{"GridSensor.GetCompressedObservation":{"count":38220,"self":3.0405675999999997,"total":3.0405675999999997,"children":null},"RayPerceptionSensor.Perceive":{"count":38220,"self":0.0796094,"total":0.0796094,"children":null}}}}}}}}},"DecideAction":{"count":2936,"self":41.732223999999995,"total":41.732223399999995,"children":null},"AgentAct":{"count":2936,"self":0.84184229999999993,"total":0.84184229999999993,"children":null}},"gauges":{"Generator.CumulativeReward":{"count":1218,"max":5.410006,"min":-1.98000121,"runningAverage":0.496517658,"value":0.1099993,"weightedAverage":0.8416886},"Solver.CumulativeReward":{"count":1153,"max":5.44000673,"min":-1.60000038,"runningAverage":0.6103718,"value":0.1099993,"weightedAverage":0.8604125}},"metadata":{"timer_format_version":"0.1.0","start_time_seconds":"1683629681","unity_version":"2022.2.11f1","command_line_arguments":"C:\\Program Files\\Unity\\Hub\\Editor\\2022.2.11f1\\Editor\\Unity.exe -projectpath Z:\\Git\\Flappy_bird -useHub -hubIPC -cloudEnvironment production -licensingIpc LicenseClient-Kevinn -hubSessionId e634c7b0-ed62-11ed-952d-f9e74ddf34e4 -accessToken ANzLkE2fPKW28HbrSzaSO_90vBt7IJGlVhDqkJNkf1s00af","communication_protocol_version":"1.5.0","com.unity.ml-agents_version":"2.0.1","scene_name":"Unit_test_Solver_Generator","end_time_seconds":"1683629870"}}