{"count":1,"self":1521.5781888,"total":5970.7654713,"children":{"InitializeActuators":{"count":130,"self":0.0019951,"total":0.0019951,"children":null},"InitializeSensors":{"count":130,"self":0.0039914999999999994,"total":0.0039914999999999994,"children":null},"AgentInfo.ToProto":{"count":86789,"self":0.3267595,"total":15.3291414,"children":{"GenerateSensorData":{"count":86789,"self":14.8900112,"total":15.0023819,"children":{"RayPerceptionSensor.Perceive":{"count":37400,"self":0.1123704,"total":0.1123704,"children":null}}}}},"AgentSendState":{"count":232805,"self":87.7876608,"total":198.2658105,"children":{"CollectObservations":{"count":3276564,"self":9.1021343999999988,"total":9.1021346999999988,"children":null},"WriteActionMask":{"count":3276564,"self":1.4075465,"total":1.4075465,"children":null},"RequestDecision":{"count":3276564,"self":6.5026335999999993,"total":99.9684668,"children":{"AgentInfo.ToProto":{"count":3276564,"self":4.597614,"total":93.4658331,"children":{"GenerateSensorData":{"count":3276564,"self":83.7915648,"total":88.868219,"children":{"RayPerceptionSensor.Perceive":{"count":3026465,"self":5.076656,"total":5.0766558,"children":null}}}}}}}}},"DecideAction":{"count":232805,"self":4168.982528,"total":4168.982675,"children":null},"AgentAct":{"count":232805,"self":66.17386239999999,"total":66.6036195,"children":{"AgentInfo.ToProto":{"count":13442,"self":0.031867099999999995,"total":0.42975569999999996,"children":{"GenerateSensorData":{"count":13442,"self":0.3671953,"total":0.3978886,"children":{"RayPerceptionSensor.Perceive":{"count":12740,"self":0.0306933,"total":0.0306933,"children":null}}}}}}}},"gauges":{"Generator.CumulativeReward":{"count":50091,"max":2.99000835,"min":-2.29497647,"runningAverage":0.362992,"value":1.142,"weightedAverage":0.519499958},"Solver.CumulativeReward":{"count":50140,"max":1.49999714,"min":-1.97300029,"runningAverage":-0.209641054,"value":-0.8419999,"weightedAverage":-0.7351777}},"metadata":{"timer_format_version":"0.1.0","start_time_seconds":"1683484763","unity_version":"2022.2.11f1","command_line_arguments":"C:\\Program Files\\Unity\\Hub\\Editor\\2022.2.11f1\\Editor\\Unity.exe -projectpath Z:\\Git\\Flappy_bird -useHub -hubIPC -cloudEnvironment production -licensingIpc LicenseClient-Kevinn -hubSessionId ae689200-ebda-11ed-a155-c75282bf2479 -accessToken gAYSZ4SiWdpS-v4_aiARkZkCveN6TPL-LNdYdFqvgYA00af","communication_protocol_version":"1.5.0","com.unity.ml-agents_version":"2.0.1","scene_name":"Unit_test_Solver_Generator","end_time_seconds":"1683490733"}}