{"count":1,"self":6127.0040576,"total":6603.4476234999993,"children":{"InitializeActuators":{"count":2,"self":0.0019952999999999998,"total":0.0019952999999999998,"children":null},"InitializeSensors":{"count":2,"self":0.0063206,"total":0.0063206,"children":null},"AgentSendState":{"count":280736,"self":4.4697872,"total":143.3585206,"children":{"CollectObservations":{"count":336884,"self":1.6881945999999999,"total":1.6881945999999999,"children":null},"WriteActionMask":{"count":336884,"self":0.4331217,"total":0.4331217,"children":null},"RequestDecision":{"count":336884,"self":1.3974548999999998,"total":1.3974548999999998,"children":null},"GridSensor.Update":{"count":56148,"self":135.3699584,"total":135.36996209999998,"children":null}}},"DecideAction":{"count":280736,"self":314.0709376,"total":323.25248519999997,"children":{"GridSensor.Write":{"count":56148,"self":8.7020144,"total":8.7020144999999989,"children":null},"RayPerceptionSensor.Perceive":{"count":56148,"self":0.47953559999999995,"total":0.47953559999999995,"children":null}}},"AgentAct":{"count":280736,"self":9.8241991999999989,"total":9.824198899999999,"children":null}},"gauges":{"Generator.CumulativeReward":{"count":775,"max":15.5830479,"min":-8.884386,"runningAverage":9.051412,"value":14.6871433,"weightedAverage":12.2255354},"Solver.CumulativeReward":{"count":774,"max":5.70001268,"min":-0.600000739,"runningAverage":3.95593119,"value":5.39000559,"weightedAverage":4.6770463}},"metadata":{"timer_format_version":"0.1.0","start_time_seconds":"1683621365","unity_version":"2022.2.11f1","command_line_arguments":"C:\\Program Files\\Unity\\Hub\\Editor\\2022.2.11f1\\Editor\\Unity.exe -projectpath Z:\\Git\\Flappy_bird -useHub -hubIPC -cloudEnvironment production -licensingIpc LicenseClient-Kevinn -hubSessionId e634c7b0-ed62-11ed-952d-f9e74ddf34e4 -accessToken AF2UKsRN2xbBZzTPUQUjWEnrrwVhpFSkv6H_9M4v6tY00af","communication_protocol_version":"1.5.0","com.unity.ml-agents_version":"2.0.1","scene_name":"Unit_test_Solver_Generator","end_time_seconds":"1683627969"}}