{"count":1,"self":121.33663999999999,"total":466.58546629999995,"children":{"InitializeActuators":{"count":130,"self":0.0019957,"total":0.0019957,"children":null},"InitializeSensors":{"count":130,"self":0.0109718,"total":0.0109718,"children":null},"AgentInfo.ToProto":{"count":3351,"self":0.0240194,"total":0.81255979999999994,"children":{"GenerateSensorData":{"count":3351,"self":0.6494365,"total":0.78854039999999992,"children":{"GridSensor.GetCompressedObservation":{"count":1212,"self":0.13501159999999998,"total":0.13501159999999998,"children":null},"RayPerceptionSensor.Perceive":{"count":1212,"self":0.0040923,"total":0.0040923,"children":null}}}}},"AgentSendState":{"count":10351,"self":6.219628,"total":219.92499279999998,"children":{"GridSensor.Update":{"count":134615,"self":197.93839359999998,"total":197.93839549999998,"children":null},"CollectObservations":{"count":144115,"self":0.47680609999999995,"total":0.47680609999999995,"children":null},"WriteActionMask":{"count":144115,"self":0.0600106,"total":0.0600106,"children":null},"RequestDecision":{"count":144115,"self":0.4202411,"total":15.2301527,"children":{"AgentInfo.ToProto":{"count":144115,"self":0.2672026,"total":14.8099116,"children":{"GenerateSensorData":{"count":144115,"self":3.9809099999999997,"total":14.542708999999999,"children":{"GridSensor.GetCompressedObservation":{"count":134615,"self":10.1157424,"total":10.115742599999999,"children":null},"RayPerceptionSensor.Perceive":{"count":134615,"self":0.44605639999999996,"total":0.44605639999999996,"children":null}}}}}}}}},"DecideAction":{"count":10351,"self":121.70613759999999,"total":121.70613429999999,"children":null},"AgentAct":{"count":10351,"self":2.6618231999999997,"total":2.7911737999999997,"children":{"AgentInfo.ToProto":{"count":910,"self":0.0010314999999999999,"total":0.12935069999999999,"children":{"GenerateSensorData":{"count":910,"self":0.0283751,"total":0.1283192,"children":{"GridSensor.GetCompressedObservation":{"count":877,"self":0.0979647,"total":0.0979647,"children":null},"RayPerceptionSensor.Perceive":{"count":877,"self":0.0019794,"total":0.0019794,"children":null}}}}}}}},"gauges":{"Generator.CumulativeReward":{"count":2172,"max":10.6901035,"min":-0.99,"runningAverage":2.50564337,"value":6.9200635,"weightedAverage":4.60408735},"Solver.CumulativeReward":{"count":2089,"max":5.500008,"min":-0.6300007,"runningAverage":2.66537714,"value":3.31000376,"weightedAverage":4.222385}},"metadata":{"timer_format_version":"0.1.0","start_time_seconds":"1683534020","unity_version":"2022.2.11f1","command_line_arguments":"C:\\Program Files\\Unity\\Hub\\Editor\\2022.2.11f1\\Editor\\Unity.exe -projectpath Z:\\Git\\Flappy_bird -useHub -hubIPC -cloudEnvironment production -licensingIpc LicenseClient-Kevinn -hubSessionId e634c7b0-ed62-11ed-952d-f9e74ddf34e4 -accessToken fZQ-x3elecJaRxEzydo4fe6gT6js6dCXvgCTurqfYzs00af","communication_protocol_version":"1.5.0","com.unity.ml-agents_version":"2.0.1","scene_name":"Unit_test_Solver_Generator","end_time_seconds":"1683534487"}}