{"count":1,"self":347.3226496,"total":357.4527511,"children":{"InitializeActuators":{"count":2,"self":0.0015677999999999998,"total":0.0015677999999999998,"children":null},"InitializeSensors":{"count":2,"self":0.0029923999999999997,"total":0.0029923999999999997,"children":null},"AgentSendState":{"count":53073,"self":0.84113719999999992,"total":1.0321837999999999,"children":{"CollectObservations":{"count":12109,"self":0.11137119999999999,"total":0.11137119999999999,"children":null},"WriteActionMask":{"count":12109,"self":0.015017399999999998,"total":0.015017399999999998,"children":null},"RequestDecision":{"count":12109,"self":0.064658,"total":0.064658,"children":null}}},"DecideAction":{"count":53073,"self":8.4049424,"total":8.5120302,"children":{"RayPerceptionSensor.Perceive":{"count":10615,"self":0.10708809999999999,"total":0.10708809999999999,"children":null}}},"AgentAct":{"count":53073,"self":0.5813292,"total":0.5813292,"children":null}},"gauges":{"Generator.CumulativeReward":{"count":45,"max":529.800842,"min":-207.804688,"runningAverage":60.8485031,"value":26.46021,"weightedAverage":17.9492683},"Solver.CumulativeReward":{"count":44,"max":135.121613,"min":0.11999929,"runningAverage":43.65136,"value":23.9301186,"weightedAverage":33.87034}},"metadata":{"timer_format_version":"0.1.0","start_time_seconds":"1683264721","unity_version":"2022.2.11f1","command_line_arguments":"C:\\Program Files\\Unity\\Hub\\Editor\\2022.2.11f1\\Editor\\Unity.exe -projectpath Z:\\Git\\Flappy_bird -useHub -hubIPC -cloudEnvironment production -licensingIpc LicenseClient-Kevinn -hubSessionId 6d3e3880-ea9e-11ed-90bd-c7ae4e6ff490 -accessToken NYE1bn0ukkCB6fvN2aJV1b-94LZfkJbKw7IVm4KfF3800af","communication_protocol_version":"1.5.0","com.unity.ml-agents_version":"2.0.1","scene_name":"Unit_test_Solver_Generator","end_time_seconds":"1683265079"}}