{"count":1,"self":164.2826368,"total":165.34040579999998,"children":{"InitializeActuators":{"count":2,"self":0.0019971,"total":0.0019971,"children":null},"InitializeSensors":{"count":2,"self":0.0029912999999999997,"total":0.0029912999999999997,"children":null},"AgentSendState":{"count":4331,"self":0.090524899999999991,"total":0.1142193,"children":{"CollectObservations":{"count":906,"self":0.012934399999999999,"total":0.012934399999999999,"children":null},"WriteActionMask":{"count":906,"self":0.001995,"total":0.001995,"children":null},"RequestDecision":{"count":906,"self":0.008765,"total":0.008765,"children":null}}},"DecideAction":{"count":4331,"self":0.87954349999999992,"total":0.8968111,"children":{"RayPerceptionSensor.Perceive":{"count":1734,"self":0.017267599999999998,"total":0.017267599999999998,"children":null}}},"AgentAct":{"count":4331,"self":0.040755599999999996,"total":0.040755599999999996,"children":null}},"gauges":{"Generator.CumulativeReward":{"count":31,"max":4.53999662,"min":0,"runningAverage":2.78064322,"value":4.39999676,"weightedAverage":3.1166687},"Solver.CumulativeReward":{"count":30,"max":3.06999969,"min":0.0599993467,"runningAverage":0.7066657,"value":2.999998,"weightedAverage":1.097398}},"metadata":{"timer_format_version":"0.1.0","start_time_seconds":"1683365200","unity_version":"2022.2.11f1","command_line_arguments":"C:\\Program Files\\Unity\\Hub\\Editor\\2022.2.11f1\\Editor\\Unity.exe -projectpath Z:\\Git\\Flappy_bird -useHub -hubIPC -cloudEnvironment production -licensingIpc LicenseClient-Kevinn -hubSessionId ae689200-ebda-11ed-a155-c75282bf2479 -accessToken WnmpkP33EPsqQAr_YJc2rFSZytZOC1OWLp34GodPIkI00af","communication_protocol_version":"1.5.0","com.unity.ml-agents_version":"2.0.1","scene_name":"Unit_test_Solver_Generator","end_time_seconds":"1683365365"}}