{"count":1,"self":6237.0672639999993,"total":6283.4458944,"children":{"InitializeActuators":{"count":2,"self":0.001994,"total":0.001994,"children":null},"InitializeSensors":{"count":2,"self":0.0039882,"total":0.0039882,"children":null},"AgentSendState":{"count":311630,"self":3.8009823999999997,"total":4.7358554999999996,"children":{"CollectObservations":{"count":68210,"self":0.562618,"total":0.562618,"children":null},"WriteActionMask":{"count":68210,"self":0.0786805,"total":0.0786805,"children":null},"RequestDecision":{"count":68210,"self":0.29357459999999996,"total":0.29357459999999996,"children":null}}},"DecideAction":{"count":311630,"self":38.523551999999995,"total":39.189693399999996,"children":{"RayPerceptionSensor.Perceive":{"count":186978,"self":0.66614069999999992,"total":0.66614069999999992,"children":null}}},"AgentAct":{"count":311630,"self":2.4461268,"total":2.4461268,"children":null}},"gauges":{"Generator.CumulativeReward":{"count":1112,"max":20.0802212,"min":-8.689306,"runningAverage":0.569499,"value":1.50999641,"weightedAverage":0.7820741},"Solver.CumulativeReward":{"count":1111,"max":39.7097359,"min":0.06999934,"runningAverage":6.10874271,"value":3.11000061,"weightedAverage":4.960849}},"metadata":{"timer_format_version":"0.1.0","start_time_seconds":"1683311645","unity_version":"2022.2.11f1","command_line_arguments":"C:\\Program Files\\Unity\\Hub\\Editor\\2022.2.11f1\\Editor\\Unity.exe -projectpath Z:\\Git\\Flappy_bird -useHub -hubIPC -cloudEnvironment production -licensingIpc LicenseClient-Kevinn -hubSessionId 6d3e3880-ea9e-11ed-90bd-c7ae4e6ff490 -accessToken tDQPNzjw9RNF2WjxDzeBTGLqLaXBS0B6E93gCzMK_3o00af","communication_protocol_version":"1.5.0","com.unity.ml-agents_version":"2.0.1","scene_name":"Unit_test_Solver_Generator","end_time_seconds":"1683317928"}}