{"count":1,"self":538.9233664,"total":540.1007157,"children":{"InitializeActuators":{"count":2,"self":0.0029920999999999997,"total":0.0029920999999999997,"children":null},"InitializeSensors":{"count":2,"self":0.0029923999999999997,"total":0.0029923999999999997,"children":null},"AgentSendState":{"count":5841,"self":0.0858776,"total":0.11018649999999999,"children":{"CollectObservations":{"count":1266,"self":0.0109825,"total":0.0109825,"children":null},"WriteActionMask":{"count":1266,"self":0.0019943,"total":0.0019943,"children":null},"RequestDecision":{"count":1266,"self":0.0113321,"total":0.0113321,"children":null}}},"DecideAction":{"count":5841,"self":0.98959369999999991,"total":1.0085514,"children":{"RayPerceptionSensor.Perceive":{"count":2338,"self":0.018957699999999997,"total":0.018957699999999997,"children":null}}},"AgentAct":{"count":5841,"self":0.052635799999999996,"total":0.052635799999999996,"children":null}},"gauges":{"Generator.CumulativeReward":{"count":39,"max":0,"min":-27.4039936,"runningAverage":-1.22035885,"value":-0.4939996,"weightedAverage":-1.02938461},"Solver.CumulativeReward":{"count":38,"max":-0.678800166,"min":-0.9896,"runningAverage":-0.832307935,"value":-0.7866998,"weightedAverage":-0.819632351}},"metadata":{"timer_format_version":"0.1.0","start_time_seconds":"1683409530","unity_version":"2022.2.11f1","command_line_arguments":"C:\\Program Files\\Unity\\Hub\\Editor\\2022.2.11f1\\Editor\\Unity.exe -projectpath Z:\\Git\\Flappy_bird -useHub -hubIPC -cloudEnvironment production -licensingIpc LicenseClient-Kevinn -hubSessionId ae689200-ebda-11ed-a155-c75282bf2479 -accessToken WnmpkP33EPsqQAr_YJc2rFSZytZOC1OWLp34GodPIkI00af","communication_protocol_version":"1.5.0","com.unity.ml-agents_version":"2.0.1","scene_name":"Unit_test_Solver_Generator","end_time_seconds":"1683410070"}}