ydiffs;heights;distances;angles
1.998157;3.512288;2.022181;44.65762
0.1024171;3.151027;2.115608;2.771538
0.9325936;3.714993;2.197808;22.99292
1.48959;3.73912;1.729622;40.73577
2.483847;3.661981;1.12;65.72875
-0.03999339;3.004414;2.235811;-1.024777
-0.9016498;3.955477;1.939034;-24.9384
2.119698;3.525892;2.690991;38.22756
0.2434389;3.365674;1.541174;8.976094