ydiffs;heights;distances;angles
1.838667;3.924958;1.986936;42.78049
2.358716;3.460104;2.108613;48.20436
-1.858515;3.579553;1.977281;-43.22654
-0.3537752;3.272832;2.062128;-9.7348
-0.07467186;3.711488;2.271807;-1.882573
-0.3170924;3.536501;1.972843;-9.13098
-0.3167695;3.74632;1.922762;-9.355279
-0.1173454;3.444115;2.422682;-2.77302
-0.5975454;3.396315;1.991905;-16.69855