ydiffs;heights;distances;angles
0.674641;3.5819;2.248737;16.69971
-3.352068;3.814587;1.855103;-61.03896
2.032653;3.38822;1.745645;49.34396
-0.7901392;3.581407;1.817125;-23.50082
0.08900148;3.33185;1.976869;2.577798
1.305826;2.717414;1.796003;36.01991
1.480083;3.763807;1.528099;44.08554
-1.877911;3.18464;2.206382;-40.402
-0.5015041;3.258547;2.395098;-11.82618