ydiffs;heights;distances;angles
-1.966519;3.400064;1.960113;-45.09348
1.143488;3.03484;2.406004;25.42007
0.5334663;3.302221;2.192157;13.6772
-0.1079982;3.546832;2.214865;-2.791567
1.27386;3.363182;2.377252;28.18482
0.4763274;3.703043;2.132104;12.59349
1.408629;3.498554;1.928606;36.14391
0.4037552;3.314317;1.966611;11.6019
1.267482;3.096466;1.44948;41.16771