ydiffs;heights;distances;angles
-1.031683;2.967772;2.237937;-24.74957
-0.7485211;3.51738;2.150439;-19.19189
-0.3610864;3.370811;2.076725;-9.863578
-0.2910978;3.45009;1.991577;-8.315723
-0.218317;3.209776;2.372663;-5.257183
-0.2079003;4;1.806164;-6.566191
-0.3196999;3.131752;2.431971;-7.488994
-0.2781221;3.515791;2.557602;-6.206147
-0.05847551;3.209837;1.822569;-1.837654