ydiffs;heights;distances;angles
-0.4544864;3.010113;1.990511;-12.86167
0.03249946;3.513593;2.172682;0.8569791
0.1234049;3.347931;1.82731;3.863526
-0.07636113;4;1.832261;-2.386472
0.05582847;3.293199;2.198754;1.454483
0.08977301;3.137398;2.397931;2.144021
-0.01302305;3.459964;1.706544;-0.4372296
0.2588926;2.937188;1.959742;7.52551
0.1230538;3.662999;1.957515;3.597008