ydiffs;heights;distances;angles
-0.6431735;3.238571;2.017897;-17.67888
-0.3882929;3.836952;1.845289;-11.88304
-0.3756897;3.232581;1.867372;-11.37527
-0.4191039;3.513021;1.645795;-14.2868
-0.3134355;3.396314;2.172336;-8.210258
-0.2964383;3.839042;2.339585;-7.221212
-0.3564307;3.169086;1.80992;-11.1408
2.457738;3.351264;1.860428;52.87546
-1.980555;3.427252;1.948283;-45.47062