ydiffs;heights;distances;angles
1.000023;3.608681;2.252828;23.93629
-0.5296301;2.824641;2.163456;-13.75589
1.610837;2.940271;1.971213;39.25502
-0.1050511;3.651045;1.769591;-3.397354
0.4108903;3.160404;2.382176;9.786386
1.857971;3.593771;1.679415;47.88965
-2.517352;3.505966;1.885618;-53.16502
2.786301;3.116358;2.12279;52.69744
0.5879229;3.377433;1.931165;16.93232