ydiffs;heights;distances;angles
2.085967;3.446137;2.274227;42.52767
2.788289;3.885016;1.983466;54.57363
-1.554174;3.418948;2.474202;-32.13506
0.2592891;3.416023;2.036965;7.254273
0.6556209;3.441352;1.972026;18.38993
1.192979;3.743848;2.05449;30.14243
-0.3245282;2.995712;2.039962;-9.039179
1.263636;3.126995;2.434933;27.42757
-0.1274204;3.880499;2.252368;-3.237873