ydiffs;heights;distances;angles
1.505224;2.779829;2.163775;34.82431
-0.7560721;2.954192;2.504651;-16.79735
-0.6993775;3.583189;1.76602;-21.60451
-0.2829922;3.416008;1.82028;-8.836822
-0.2938491;3.551434;2.375405;-7.051941
-0.2428706;3.196176;2.083622;-6.648494
-0.2131747;3.706022;2.133296;-5.706474
-0.3324256;3.55426;1.706278;-11.02455
-0.2704759;3.518665;1.425991;-10.74004