ydiffs;heights;distances;angles
-0.5437819;3.458952;1.984665;-15.32253
-0.3127546;2.838257;2.177774;-8.172483
0.1234689;3.455048;1.962272;3.600385
0.2524208;3.357408;2.16733;6.643097
-0.06892601;3.671919;2.720711;-1.45121
0.04264208;3.100536;1.8751;1.302752
0.01479659;3.191166;1.454859;0.5827048
-0.06798777;3.818447;2.099243;-1.854979
0.1922662;3.594812;1.942859;5.651617