ydiffs;heights;distances;angles
-0.5533876;3.595771;1.603808;-19.03679
-0.1969491;3.364196;1.667937;-6.734274
-0.2347835;3.789679;1.729225;-7.731987
-0.4197816;3.519823;1.805688;-13.08751
-0.3166873;3.73593;2.107175;-8.547013
-0.2118172;3.847376;2.203157;-5.491684
-0.2976321;3.157191;1.679122;-10.05154
-0.4013764;3.305807;2.252126;-10.10522
-0.381225;3.412368;1.884639;-11.43549