ydiffs;heights;distances;angles
-0.2631202;3.524628;1.783346;-8.393038
-0.2066642;3.272534;2.423378;-4.874356
-0.2431192;3.605465;2.62312;-5.29523
-0.1519857;3.287102;1.825214;-4.760044
0.3793668;3.733738;2.131394;10.09238
0.1748161;2.93147;2.180927;4.582847
0.0412488;3.359616;2.025057;1.166908
0.01658778;3.380682;2.170744;0.4378182
0.06591732;3.404982;2.148931;1.756967