ydiffs;heights;distances;angles
1.721616;3.617333;2.300315;36.81215
0.297052;2.933167;2.070426;8.164727
1.144363;2.62325;1.887388;31.22931
-0.807559;3.388336;1.963076;-22.361
2.456789;3.165665;1.961854;51.3911
-1.554974;3.127923;1.952431;-38.53486
0.6736351;3.898094;1.911136;19.41648
0.1222851;3.957581;1.741519;4.016572
-0.160822;3.463577;1.596846;-5.750997