ydiffs;heights;distances;angles
1.098311;3.411936;2.063518;28.02423
0.06973575;2.946985;2.06257;1.93644
-0.01016124;3.364188;2.144509;-0.2714802
-1.39773;3.655986;1.884926;-36.55807
0.9390875;3.904375;1.931409;25.9299
-0.4829771;2.976848;2.22431;-12.25079
2.528229;3.646549;2.231973;48.56126
2.311426;3.553023;2.498546;42.77217
0.3414662;2.9999;2.286753;8.49286