ydiffs;heights;distances;angles
-0.06571894;3.200386;1.868211;-2.01469
1.112288;3.265013;2.19974;26.82322
1.079997;3.196246;1.739716;31.83156
0.635541;3.49072;1.515256;22.75455
2.163311;3.116704;2.053979;46.48503
-0.70913;3.216611;1.71058;-22.51671
0.9977381;3.08621;1.857252;28.24523
0.4383808;3.244608;1.877629;13.14176
1.415694;2.951669;2.412392;30.40621