ydiffs;heights;distances;angles
-0.737313;2.808569;2.059814;-19.69489
-0.349887;3.21453;2.234807;-8.898138
-0.04786009;3.654603;1.403376;-1.953232
0.1887965;3.351398;1.979433;5.448336
0.03545365;3.606328;2.148905;0.9452069
0.2632022;3.271159;2.478464;6.061845
0.1607569;3.425606;2.144175;4.28766
0.5354715;3.082623;2.014926;14.8825
0.2897179;3.821369;1.946381;8.46629