ydiffs;heights;distances;angles
-0.1775587;3.374721;2.502155;-4.059038
0.05159178;3.131305;2.160942;1.367658
-0.04878273;3.444865;2.092694;-1.335379
0.1380016;3.177309;1.739908;4.534947
-0.07838061;3.451953;2.058205;-2.180885
-0.009891806;3.215349;2.292645;-0.2472059
-0.1285288;3.398086;1.891195;-3.887939
-0.07073921;3.494715;2.176943;-1.861157
-0.1797572;3.066145;2.279177;-4.509547