ydiffs;heights;distances;angles
-0.5072502;3.466772;2.239231;-12.76373
-0.3930928;3.39262;1.791022;-12.37897
-0.2762329;3.599799;2.334884;-6.747123
-1.658348;3.556256;1.973209;-40.04476
1.824831;3.428418;2.152966;40.28426
2.353626;3.484547;1.940393;50.49691
0.3641416;3.350541;2.227392;9.284771
-1.120621;3.072951;2.118495;-27.87751
2.08069;3.98264;2.351272;41.50628