ydiffs;heights;distances;angles
0.5759681;3.540228;1.907622;16.80063
0.1057136;3.137822;1.629386;3.712114
1.822346;3.250523;1.815722;45.10432
-1.148305;3.300639;2.204902;-27.51034
0.7986436;3.020694;1.916582;22.6216
0.9791512;2.969159;1.62348;31.09496
1.510332;3.513817;2.060396;36.24253
-1.12466;3.244704;2.142643;-27.6947
0.1562843;3.390343;2.061802;4.334724