ydiffs;heights;distances;angles
0.7533668;3.110472;2.030567;20.35551
-0.9013078;3.06961;1.580424;-29.6959
2.283578;3.778095;1.461399;57.38237
0.4450022;3.656356;2.203959;11.41514
1.00846;2.848215;2.066029;26.01769
0.6325815;3.538116;2.016042;17.4205
0.2393059;2.955766;1.866819;7.304858
1.888702;3.228327;2.708488;34.8891
-0.7077735;3.469725;2.47734;-15.94458