ydiffs;heights;distances;angles
1.784091;3.381965;1.992237;41.84513
-1.235603;3.1844;2.011105;-31.56616
-0.4582205;3.725837;1.574019;-16.23107
-0.06069763;2.910181;2.365946;-1.469584
-0.1538728;3.747446;2.477585;-3.553845
-0.2409351;3.414809;1.776781;-7.722324
-0.1266577;3.822579;2.089789;-3.468334
-0.1647353;3.640028;1.897393;-4.962086
-0.06371564;3.67106;1.966011;-1.856226