ydiffs;heights;distances;angles
0.1017405;3.291076;2.038383;2.857396
-0.1370956;3.502309;2.312819;-3.392319
0.04966285;3.284479;2.075358;1.370813
-0.02965212;3.875847;1.841515;-0.9224986
0.06034847;2.915433;2.516488;1.37376
-0.1179533;3.832826;2.002165;-3.371562
-0.04650928;3.401131;1.755842;-1.517313
-0.1672726;3.262844;2.345237;-4.079679
-0.1194486;3.54128;1.779308;-3.840621