ydiffs;heights;distances;angles
0.02323249;3.809283;2.105815;0.6320923
-0.435114;3.255064;1.976696;-12.41408
-0.2350335;3.536739;2.087051;-6.425298
-0.01889666;3.331895;2.541156;-0.4260577
0.03779679;3.582954;1.878012;1.152977
-0.3478278;3.818319;1.484184;-13.18959
-0.227794;2.928503;1.992142;-6.523226
-0.1582223;3.486175;1.816939;-4.976864
-0.1614502;3.395498;2.086822;-4.423964