ydiffs;heights;distances;angles
-0.5756332;3.327743;2.027824;-15.84752
-0.3777473;3.651945;1.80307;-11.83246
-0.3165696;2.957762;2.162347;-8.328985
-0.2290316;3.802366;2.040915;-6.402948
-0.628923;3.193515;2.182907;-16.07236
2.099485;3.896243;2.227378;43.30695
0.3563506;3.951648;1.517165;13.218
-0.8892152;2.962588;1.550486;-29.8346
0.07891621;3.460852;2.079866;2.172927