ydiffs;heights;distances;angles
0.7402515;3.444306;2.092623;19.48089
-0.0692468;3.461995;2.246731;-1.765362
-0.1156438;3.560519;1.98777;-3.329582
1.800431;3.559676;2.469986;36.0892
-1.058366;3.48107;2.120234;-26.52718
1.115646;3.823458;2.255123;26.32236
0.1887075;4;2.431521;4.437764
3.373569;3.137004;1.964398;59.78815
-1.018327;3.557312;1.931314;-27.80141