ydiffs;heights;distances;angles
-0.5155287;3.966966;2.154247;-13.45825
-1.017955;3.397961;2.406095;-22.93192
1.042396;3.588485;1.889076;28.89001
0.4253117;3.002528;2.327502;10.35558
-1.30957;3.051619;1.933475;-34.11034
2.940292;3.824246;2.062584;54.95075
1.515741;3.850957;2.037471;36.64676
-1.328685;3.344906;2.042432;-33.04564
1.011755;3.073866;1.993765;26.90595