ydiffs;heights;distances;angles
-1.756861;2.741819;1.474217;-49.99931
0.6394677;2.888782;2.199442;16.21131
2.606063;3.603738;2.001035;52.48156
-0.8267329;3.409737;2.070322;-21.7681
-0.4638304;3.149283;2.100527;-12.45202
-0.1136487;3.716393;1.990894;-3.267143
-0.2092213;3.184367;1.950829;-6.121426
-0.2136745;3.507629;1.764522;-6.904602
-0.164885;3.413339;2.178132;-4.329046