ydiffs;heights;distances;angles
-0.3708715;3.041576;2.341791;-8.999242
-0.2145671;3.655121;1.671708;-7.31404
-0.09419063;3.379206;1.497706;-3.598589
0.04599958;3.428715;2.316164;1.137758
0.1417399;2.904086;2.029887;3.994282
0.1784901;3.5384;2.317595;4.403954
0.2573955;3.455466;2.03789;7.198617
0.3584269;3.309098;2.015434;10.08411
0.3541569;3.324731;2.080007;9.662925