ydiffs;heights;distances;angles
-0.5365301;3.351135;2.430302;-12.44932
-0.4183259;3.123973;2.346523;-10.1082
-0.3448886;3.829486;1.744515;-11.1831
-0.2087518;3.141924;1.963593;-6.068386
-0.2451674;3.51152;2.494913;-5.61226
1.580971;3.430194;1.492118;46.65616
0.5470983;3.300817;2.217799;13.85736
-1.282693;3.25472;2.259481;-29.58329
3.090234;3.532771;2.401915;52.14351