ydiffs;heights;distances;angles
0.02149971;4;1.86526;0.6603841
1.455895;3.141809;1.986337;36.23973
2.732032;3.860096;2.036641;53.29667
-1.960052;2.995782;2.166288;-42.13871
0.8161249;3.141026;1.410915;30.04666
2.538931;2.999106;1.884457;53.41629
0.8731999;3.328846;1.76002;26.38742
-0.7375916;3.037737;1.931685;-20.89878
1.474037;3.496692;2.185752;33.99511