ydiffs;heights;distances;angles
-0.3414141;3.427228;2.214406;-8.764771
-1.832781;3.199961;1.70713;-47.03289
2.569684;3.252455;1.742696;55.85585
-0.2712225;3.183273;1.861051;-8.291696
1.006712;3.073559;2.007818;26.62902
-0.2321564;3.665291;1.96936;-6.723238
1.028003;3.107533;1.874294;28.74365
2.681419;3.814373;2.19419;50.70673
-2.376849;2.931476;2.429233;-44.37553