ydiffs;heights;distances;angles
-0.6534825;3.453509;1.837996;-19.57238
-0.454183;3.585731;1.739508;-14.63316
-0.3342128;4;2.166664;-8.768891
-0.2610143;3.213183;1.86725;-7.95755
-0.1904137;3.578776;1.919055;-5.666492
-0.1793879;3.320111;1.994587;-5.139206
-0.1564424;3.624857;1.889922;-4.731994
-0.1199714;3.081173;2.110871;-3.252907
-0.0814467;3.402243;1.99474;-2.33813