ydiffs;heights;distances;angles
-0.2419234;3.460831;1.999313;-6.899435
-0.04428012;3.043185;2.291188;-1.107176
0.08499751;3.643728;1.498991;3.245376
0.2769127;3.388642;1.701983;9.241052
0.3650287;3.711563;2.129846;9.725286
0.2199756;3.621019;1.822709;6.881522
0.1307961;3.284163;2.061885;3.629705
0.08070872;3.716727;2.045376;2.259669
0.02965783;3.122679;2.146651;0.7915401