ydiffs;heights;distances;angles
-0.6341222;3.481163;2.340047;-15.16227
-0.4518595;3.237948;1.649113;-15.32305
1.221534;3.26725;1.66534;36.2602
-1.812475;3.432754;2.254653;-38.79519
4.446588;3.50094;2.144644;64.25141
-0.2006748;3.29475;2.17725;-5.266015
1.215374;3.353152;1.754943;34.70427
0.1579195;3.415349;2.271783;3.97643
1.776568;2.572271;1.724711;45.84853