ydiffs;heights;distances;angles
-0.4101406;3.527722;2.559161;-9.105008
-0.3308517;3.139847;1.942291;-9.667028
-0.2528624;3.159374;2.458216;-5.873029
-0.1798407;3.8007;1.806296;-5.685817
-0.2249317;3.379476;1.780157;-7.201443
-0.2446404;3.751725;1.782581;-7.814422
-0.2547958;3.293951;2.080868;-6.980939
-0.2740407;3.830637;1.912091;-8.156084
-0.2814543;3.54743;2.158057;-7.430589