ydiffs;heights;distances;angles
1.389955;4;1.844626;36.9986
-0.5231544;3.105255;1.696665;-17.13677
0.3863785;3.076079;1.791709;12.16936
-0.03988278;3.36463;1.778682;-1.284508
-0.2578081;2.870421;1.226833;-11.86753
-2.083769;3.410637;1.546914;-53.41116
2.443043;3.568064;1.983144;50.93198
1.744024;3.672754;2.020582;40.79845
-0.3007778;3.399415;1.83873;-9.290114