ydiffs;heights;distances;angles
2.31081;3.704786;2.268017;45.53546
-2.490699;3.120759;2.212866;-48.38046
-0.7977717;3.378938;2.223617;-19.73657
0.9275602;3.490724;2.523697;20.18041
-0.1717952;3.25271;2.584932;-3.8023
1.120894;3.055094;1.997617;29.29746
-0.9180904;3.088606;2.481248;-20.30506
1.837491;3.603069;2.589383;35.36047
0.399923;3.270529;2.236627;10.13771