ydiffs;heights;distances;angles
-0.1891931;3.953924;1.885355;-5.73038
1.056124;3.501926;1.893824;29.14699
-0.2433602;3.337186;2.0443;-6.78873
1.167384;3.089931;1.890033;31.70166
-0.1470411;3.439298;1.948702;-4.315126
3.091229;2.995068;1.44506;64.94528
-1.20448;3.75683;1.631466;-36.43775
0.9131504;3.55894;2.189961;22.63473
-1.771051;3.633781;2.187174;-38.99861