ydiffs;heights;distances;angles
-0.7469404;3.618653;2.120349;-19.40596
-0.6133957;3.126942;1.84461;-18.39372
-0.5550733;3.641;1.781495;-17.30585
-0.4566062;3.433593;1.879021;-13.65827
-0.4385979;3.528491;2.040887;-12.12871
-0.4742003;2.879776;2.23225;-11.99314
-0.2444648;3.245574;1.496539;-9.277518
-0.1065401;3.687703;2.278867;-2.676707
-0.140762;3.710088;2.628263;-3.065664