ydiffs;heights;distances;angles
-0.5619871;3.593059;2.026602;-15.49896
-0.4640676;3.378724;2.002084;-13.05025
-0.4363995;3.522733;1.778412;-13.78723
-0.2796616;3.618398;2.080267;-7.656677
-0.2088984;3.405056;2.003198;-5.953426
-0.1962974;3.556453;1.967071;-5.698777
-0.1433098;2.832488;2.536267;-3.234015
-0.09535808;3.514763;1.839123;-2.968115
-0.03782447;3.646798;1.752612;-1.236353