ydiffs;heights;distances;angles
-0.9424723;2.974284;2.046644;-24.7259
-0.7124048;3.669363;2.04576;-19.1999
-0.5500278;3.387688;2.316674;-13.35595
-0.4509276;3.547887;2.337721;-10.91781
-0.4170283;3.211639;1.806665;-12.9978
-0.3813967;3.844682;2.496513;-8.686019
-0.3613008;3.789521;1.889508;-10.8251
-0.324628;3.611804;1.772838;-10.37659
0.4113175;3.430198;2.114616;11.00725