ydiffs;heights;distances;angles
2.788499;3.725844;2.15025;52.36368
-0.3157279;4;2.486985;-7.235113
1.102446;3.135276;2.467014;24.07866
-0.1342262;3.319605;1.913065;-4.013462
1.381381;3.473574;2.032935;34.19615
-0.02363271;3.843057;1.815807;-0.7456619
0.09429107;3.006007;2.38549;2.263547
0.3906694;3.921833;1.665502;13.20096
0.4918718;3.06443;1.553561;17.56827