ydiffs;heights;distances;angles
1.26356;3.320391;1.96936;32.68462
-0.4123721;3.393186;1.814519;-12.80371
0.4290212;3.177679;2.236251;10.86015
0.5141499;3.237142;2.226727;13.0017
-1.784791;3.044574;2.03023;-41.31896
2.934987;3.310611;1.930437;56.66577
0.4332719;3.283359;2.264077;10.8336
-0.007391338;3.458967;1.773301;-0.2388145
0.2061676;3.055867;2.062649;5.707915