ydiffs;heights;distances;angles
-2.012158;3.528577;2.579946;-37.95148
2.391467;3.575753;2.762242;40.88504
0.4456037;3.008229;2.132684;11.80162
0.906139;3.395943;2.166986;22.69256
-0.09498521;3.694616;2.424548;-2.243498
1.154934;3.362396;2.212806;27.56149
-0.229454;3.198617;2.076515;-6.305578
-0.5740399;3.479711;2.203159;-14.60389
-0.3747646;3.299066;1.627789;-12.96524