ydiffs;heights;distances;angles
5.08016;3.685298;2.389669;64.80807
0.887855;3.209377;2.048337;23.4344
-0.1970071;2.94813;2.200773;-5.115325
-0.03481394;2.717721;1.986186;-1.00418
1.408574;3.277502;2.19667;32.66928
-0.4372576;3.260605;2.535774;-9.78362
2.276289;2.667852;2.099014;47.32021
1.319564;3.059511;1.803142;36.19718
-0.09410196;3.48561;2.073545;-2.598423