ydiffs;heights;distances;angles
-0.8187811;3.153262;2.16088;-20.75225
-0.6606631;3.43301;2.084638;-17.58444
-0.5929241;3.677206;1.833304;-17.92216
-0.4657573;3.118159;1.991519;-13.1632
0.2405937;3.215428;2.23082;6.155551
0.005629826;4;2.035776;0.1584479
-0.1366677;3.329155;1.735892;-4.501643
-0.1434684;3.507612;2.135529;-3.843452
-0.1915571;3.089137;1.68955;-6.468434