ydiffs;heights;distances;angles
-0.652788;3.743139;2.250165;-16.1778
-0.3889104;3.14759;2.420747;-9.126988
-0.1906015;3.958401;2.316462;-4.703774
-0.05573075;3.324512;2.25528;-1.415561
-0.02818012;3.826637;1.96164;-0.8230312
0.02948807;3.240434;2.224309;0.759536
-0.6665832;3.113529;1.775975;-20.57281
-0.524036;3.77726;2.41547;-12.24062
-0.4533437;3.344841;2.485118;-10.33841