ydiffs;heights;distances;angles
-0.7689337;3.449431;1.866749;-22.38729
-0.5509501;3.409647;2.154906;-14.34172
-0.4771231;3.573759;2.057259;-13.0573
0.4937522;3.499993;2.28356;12.2007
1.825397;3.314581;1.769372;45.89288
0.1392491;3.176291;1.906227;4.178013
2.141096;4;1.723542;51.1666
0.2304043;2.956803;1.93449;6.792126
1.222231;3.139756;1.834209;33.67763