ydiffs;heights;distances;angles
-0.5298944;3.391217;2.291956;-13.01791
-0.2391694;3.13924;2.011191;-6.781726
0.2386555;3.640434;2.295647;5.935151
0.3905357;3.280293;2.155854;10.26785
0.5503725;3.735041;1.755509;17.40682
-1.924084;3.898692;2.16167;-41.67201
2.582372;3.293752;2.134048;50.42999
0.3793835;3.18035;2.419496;8.911569
-0.7594119;3.730169;2.116267;-19.74027