ydiffs;heights;distances;angles
0.9792418;3.605625;2.350066;22.62085
-0.1183096;2.720752;1.912417;-3.540028
0.1733451;3.598079;2.281145;4.345577
-0.3979287;3.256739;2.008199;-11.20809
-0.1726181;3.441789;2.317693;-4.259435
0.5331084;3.053118;1.882253;15.81366
-0.1183812;3.461585;2.33998;-2.896164
2.482058;3.194582;1.85414;53.23963
-0.9433438;3.457583;1.678454;-29.33736