ydiffs;heights;distances;angles
0.6547144;3.383714;2.04634;17.74177
-2.851668;3.182786;2.092944;-53.72368
-0.4635164;3.581965;2.426869;-10.8129
-0.2167404;3.355513;2.081125;-5.945682
-0.5246287;3.669944;1.855024;-15.79171
-0.4531378;3.311532;1.995096;-12.79626
-0.4926981;3.88616;2.35859;-11.79914
-0.4972472;3.142682;1.629657;-16.96819
-0.5036131;3.475777;1.773934;-15.84904