ydiffs;heights;distances;angles
-0.2884461;3.545295;2.176351;-7.549785
-0.3958442;3.135847;2.260798;-9.931276
-0.2351751;2.725578;2.277476;-5.895541
-0.2895997;3.855295;1.977852;-8.330128
-0.2073478;3.445887;1.956912;-6.048301
-0.3804577;3.033282;1.93856;-11.10363
-0.3063563;3.914383;2.158659;-8.077461
-0.2715167;3.989608;2.532629;-6.119164
-0.3553802;3.106361;1.862138;-10.8047