ydiffs;heights;distances;angles
-0.7669802;3.180225;1.755067;-23.60577
-0.6143361;3.708038;2.323801;-14.80833
-0.4751462;3.196136;2.423587;-11.0922
-0.4299214;3.098152;1.912452;-12.66953
0.4306201;3.284691;2.171296;11.21757
2.195334;3.476621;1.70712;52.13091
0.2052896;3.512373;2.346115;5.000753
0.5415687;3.309501;2.12931;14.27004
-0.6915053;3.836644;2.160576;-17.74758