ydiffs;heights;distances;angles
0.9541283;3.939887;2.004255;25.45685
-0.05084701;3.357;2.057335;-1.415776
-0.1785033;4;1.654562;-6.157569
0.453458;3.612187;2.2679;11.30697
0.2853953;2.995934;1.870111;8.676889
0.7579762;3.563711;1.919131;21.55194
0.2231073;3.037909;1.498755;8.466976
1.628962;3.418531;1.48983;47.55431
-1.13047;3.487718;2.228374;-26.89899