ydiffs;heights;distances;angles
0.1492556;3.085854;1.649476;5.170424
-0.3834017;2.920045;1.979235;-10.9631
0.1570704;3.101756;2.303724;3.90045
0.4041099;3.686784;1.603385;14.14595
-0.003291117;3.316045;1.783041;-0.1057558
0.1285925;3.808068;2.104101;3.49729
-0.2454002;3.344781;2.400153;-5.837839
0.8849501;3.316246;2.223691;21.7008
2.653593;3.538509;2.559962;46.02887