ydiffs;heights;distances;angles
0.4897332;3.546406;2.274878;12.14915
0.2341346;3.14496;1.990065;6.710102
2.396112;3.115595;2.229246;47.06614
-1.034798;3.643638;2.36341;-23.64578
-2.299769;2.976743;1.793934;-52.04399
2.25065;3.925826;1.994443;48.45382
0.4352887;3.986125;2.24868;10.95554
-0.5403602;3.445745;2.169443;-13.98651
-0.3349129;3.443439;2.297013;-8.295482