ydiffs;heights;distances;angles
0.1981561;3.156085;2.179926;5.193934
1.915827;3.244207;1.986365;43.9644
-1.406526;3.207851;2.179663;-32.83396
-0.899069;3.415351;2.348984;-20.94425
-0.6095421;2.883082;1.752368;-19.17967
-0.7394081;2.929804;2.733746;-15.1349
-0.6570919;3.39883;2.32749;-15.76532
-0.5867018;3.577368;1.963893;-16.63321
-0.4634566;3.324178;2.291151;-11.43555