ydiffs;heights;distances;angles
-0.2493511;3.361324;2.143378;-6.635711
-0.09275606;3.277476;2.120574;-2.504579
-0.3424778;2.846499;1.930715;-10.05872
-0.106523;3.79522;1.802802;-3.381531
-0.2729426;3.331971;1.475625;-10.47941
-0.1982655;3.658743;2.30718;-4.911598
-0.3741143;3.542225;2.231665;-9.516525
-0.3183674;3.766129;2.050957;-8.823528
-0.32765;3.462023;1.699837;-10.91018