ydiffs;heights;distances;angles
-0.6360487;3.177928;2.046812;-17.26268
-0.2597909;3.80969;2.434442;-6.091253
-0.2836715;2.913636;1.735138;-9.284941
0.06381893;3.214386;1.99467;1.832538
-0.06924637;3.393655;2.517042;-1.575867
-0.7156112;3.272513;2.212039;-17.92678
-0.591349;3.570514;2.451864;-13.55983
-0.4941776;3.337795;2.345337;-11.89854
-0.5480395;3.621911;1.766608;-17.235