ydiffs;heights;distances;angles
-0.6852001;2.802646;2.142531;-17.73473
-0.6130043;3.92098;2.256896;-15.19572
-0.9432474;3.987369;2.265145;-22.60773
1.996993;3.173603;2.168379;42.64388
-0.1400578;3.162192;1.540224;-5.195809
2.549959;2.701094;1.69013;56.46332
-1.091686;3.417839;1.934018;-29.44322
5.049469;3.458371;1.831733;70.06138
0.6602263;3.409832;1.906827;19.09807