ydiffs;heights;distances;angles
-0.2646735;3.272306;2.030827;-7.425389
0.1576439;3.665734;1.965152;4.586429
0.07252693;3.066397;2.214577;1.875754
1.106965;3.184734;2.420054;24.57999
0.3339492;3.628409;2.567315;7.411265
4.271404;4;2.004129;64.86418
-0.3862639;3.268561;1.817358;-11.99917
1.372762;2.93927;1.785458;37.55515
2.126902;3.02615;2.180848;44.28252