ydiffs;heights;distances;angles
0.09759676;3.781765;2.175643;2.568499
0.04701597;2.841892;2.449922;1.099417
0.5090593;3.103142;2.493778;11.53738
0.4894874;3.407305;1.915636;14.33364
-0.3021073;3.599186;1.746271;-9.815102
1.267654;3.515178;2.366435;28.17711
-0.3021044;3.589499;1.940897;-8.847207
1.110452;3.327632;1.913228;30.13121
0.4635817;3.823313;1.949181;13.37834