ydiffs;heights;distances;angles
2.339912;3.569348;2.314962;45.30711
-0.728016;3.025836;2.135866;-18.82183
-0.7110972;3.588981;2.032913;-19.27944
-0.1245371;3.431391;2.035624;-3.500926
-0.2689083;3.560086;2.415317;-6.352839
-0.4527699;3.348441;1.805474;-14.07809
-0.3901466;4;2.554606;-8.683278
-0.3518472;3.797945;2.449572;-8.173841
-0.4022409;3.550117;1.819334;-12.4671