ydiffs;heights;distances;angles
-0.1138907;3.52882;1.850793;-3.521323
-0.1145428;3.050117;2.645722;-2.478992
-0.4177957;3.502712;1.941258;-12.14587
-0.2429833;3.563869;1.785522;-7.74951
-0.02385416;4;2.227645;-0.6135138
-0.1558937;3.22176;2.013241;-4.427816
-0.1438041;3.266456;1.650989;-4.978004
-0.05475198;3.842999;2.300043;-1.363655
-0.2532274;3.785135;1.884653;-7.652596