ydiffs;heights;distances;angles
-0.1109092;3.711004;2.612252;-2.431165
-0.2636859;3.337234;2.032066;-7.393528
-0.05545056;3.602592;1.795786;-1.768626
-0.4529623;3.205275;1.883527;-13.52208
-0.3739061;3.295045;1.897954;-11.14483
-0.3721247;3.585991;2.126115;-9.927674
-0.384092;3.187833;1.983688;-10.95831
-0.251388;3.809458;1.856396;-7.711926
-0.223352;3.332581;1.843199;-6.909204