ydiffs;heights;distances;angles
2.429886;3.100381;2.215068;47.64791
-2.427788;3.332743;1.965039;-51.01348
0.02679102;3.644005;1.781926;0.8613694
0.8561535;3.509174;2.318149;20.27052
1.804395;2.980703;2.17296;39.70575
0.1605027;3.608196;2.169768;4.230593
1.511708;3.65236;2.041233;36.52312
0.1774621;2.817422;1.731908;5.850465
0.2665849;3.453015;2.42804;6.265653