ydiffs;heights;distances;angles
0.9485847;3.126341;2.227942;23.06272
-0.7653497;3.616965;1.72964;-23.86894
-0.5015195;3.391619;1.896294;-14.81403
-0.2104948;3.071267;1.964257;-6.116619
-0.2948214;3.924579;2.407921;-6.980447
-0.1588054;3.279051;1.937877;-4.684814
-0.213051;3.624893;2.176281;-5.591258
-0.2551173;3.167753;2.286081;-6.367629
-0.2773599;3.393336;1.810811;-8.708251