ydiffs;heights;distances;angles
0.1050934;3.679527;2.271131;2.649391
-0.191233;3.214757;1.958155;-5.577807
1.24;3.280824;1.525663;39.10287
-1.042887;2.820535;2.280739;-24.57265
0.5097184;3.030752;2.244592;12.79416
3.208941;3.946201;2.212671;55.41246
-1.654955;3.319085;2.435397;-34.19776
0.6165999;3.319178;1.665564;20.31479
1.420344;3.268823;1.911996;36.60715