ydiffs;heights;distances;angles
0.5933225;3.666906;2.304435;14.43834
0.3093966;3.206508;1.672055;10.48342
1.44757;3.064392;2.47656;30.30663
0.7612526;3.375417;1.80806;22.83269
-1.051728;3.23024;2.064254;-26.99862
3.130121;3.843061;2.161694;55.37064
-0.2053665;3.322954;2.228842;-5.264394
1.014981;3.534431;2.097767;25.81949
-0.2481508;3.528238;1.653939;-8.532796