ydiffs;heights;distances;angles
-0.6678664;3.501678;2.383095;-15.65562
-0.430358;3.92643;2.05371;-11.83516
-0.4264354;3.139476;1.840446;-13.04536
-0.4325636;3.127647;2.180818;-11.21896
-0.4012893;3.692183;2.148751;-10.5784
-0.3708794;3.382931;2.06805;-10.16722
-0.398101;3.456725;1.643143;-13.6192
0.1530147;3.520237;2.017007;4.338277
-0.02126509;3.409677;2.230734;-0.5461714