ydiffs;heights;distances;angles
-0.2061743;2.688335;1.673491;-7.023454
-0.02024972;3.595334;2.377435;-0.488003
-0.2650723;3.335059;2.267582;-6.667413
-0.0399717;2.92839;1.777281;-1.288386
-0.4886441;3.593266;2.348307;-11.75457
-0.4290678;3.092802;2.137525;-11.35021
-0.4099784;3.87428;1.837258;-12.57928
-0.3978043;3.191072;2.382939;-9.477478
-0.2953135;3.345856;1.989708;-8.44224