ydiffs;heights;distances;angles
-0.710695;3.275745;1.855986;-20.95286
1.252111;2.864914;2.395688;27.59391
-0.3959168;3.686927;2.061654;-10.87065
1.340572;3.650036;2.057255;33.08952
-0.2026892;2.984207;2.022589;-5.722661
2.990051;3.4181;1.919573;57.30008
-1.651561;3.239784;1.930589;-40.546
0.7800134;3.318749;2.51519;17.22976
3.685374;2.96406;1.475414;68.18166