ydiffs;heights;distances;angles
-0.414782;3.371891;1.676624;-13.89548
-0.3227607;3.474598;2.374773;-7.739772
0.2448213;3.609928;1.814662;7.683546
0.1614552;3.249904;2.618623;3.528191
0.06909042;3.636683;2.4386;1.62287
-0.3175833;3.344618;1.767549;-10.1859
-0.1804192;3.21065;1.853251;-5.560384
0.02483084;3.163909;1.994162;0.7133968
0.1699726;3.194953;2.09879;4.63005