ydiffs;heights;distances;angles
-0.4425907;3.392613;1.884008;-13.22019
-0.2379762;3.0158;1.570854;-8.614508
-0.1239595;4;2.138058;-3.318156
-0.4024383;3.56066;1.655873;-13.66015
-0.2475135;3.351115;2.37448;-5.950966
-0.2077301;3.534251;2.397299;-4.95241
-0.2156277;3.254842;1.78606;-6.883898
-0.3739185;3.97003;2.090962;-10.13881
-0.3357281;3.097551;2.090117;-9.125273