{
    "name": "root",
    "gauges": {
        "FlappyBird.Policy.Entropy.mean": {
            "value": 0.3489963710308075,
            "min": 0.3489963710308075,
            "max": 0.6840980648994446,
            "count": 10
        },
        "FlappyBird.Policy.Entropy.sum": {
            "value": 344.11041259765625,
            "min": 344.11041259765625,
            "max": 693.6754150390625,
            "count": 10
        },
        "FlappyBird.Environment.EpisodeLength.mean": {
            "value": 60.76470588235294,
            "min": 10.655172413793103,
            "max": 71.61538461538461,
            "count": 10
        },
        "FlappyBird.Environment.EpisodeLength.sum": {
            "value": 1033.0,
            "min": 900.0,
            "max": 1033.0,
            "count": 10
        },
        "FlappyBird.Step.mean": {
            "value": 9969.0,
            "min": 998.0,
            "max": 9969.0,
            "count": 10
        },
        "FlappyBird.Step.sum": {
            "value": 9969.0,
            "min": 998.0,
            "max": 9969.0,
            "count": 10
        },
        "FlappyBird.Policy.ExtrinsicValueEstimate.mean": {
            "value": 16.8964900970459,
            "min": 1.5579155683517456,
            "max": 16.8964900970459,
            "count": 10
        },
        "FlappyBird.Policy.ExtrinsicValueEstimate.sum": {
            "value": 405.5157470703125,
            "min": 133.98074340820312,
            "max": 419.13079833984375,
            "count": 10
        },
        "FlappyBird.Environment.CumulativeReward.mean": {
            "value": 58.25,
            "min": 9.604651162790697,
            "max": 70.28571428571429,
            "count": 10
        },
        "FlappyBird.Environment.CumulativeReward.sum": {
            "value": 932.0,
            "min": 826.0,
            "max": 984.0,
            "count": 10
        },
        "FlappyBird.Policy.ExtrinsicReward.mean": {
            "value": 58.25,
            "min": 9.604651162790697,
            "max": 70.28571428571429,
            "count": 10
        },
        "FlappyBird.Policy.ExtrinsicReward.sum": {
            "value": 932.0,
            "min": 826.0,
            "max": 984.0,
            "count": 10
        },
        "FlappyBird.Losses.PolicyLoss.mean": {
            "value": 0.525342548188443,
            "min": 0.48603571276180446,
            "max": 1.1423920371986849,
            "count": 9
        },
        "FlappyBird.Losses.PolicyLoss.sum": {
            "value": 0.525342548188443,
            "min": 0.48603571276180446,
            "max": 2.2847840743973697,
            "count": 9
        },
        "FlappyBird.Losses.ValueLoss.mean": {
            "value": 96.81568241119385,
            "min": 18.324748287598293,
            "max": 96.81568241119385,
            "count": 9
        },
        "FlappyBird.Losses.ValueLoss.sum": {
            "value": 96.81568241119385,
            "min": 32.87202809254328,
            "max": 96.81568241119385,
            "count": 9
        },
        "FlappyBird.Policy.LearningRate.mean": {
            "value": 0.000299944854018382,
            "min": 0.000299944854018382,
            "max": 0.00029999651100116295,
            "count": 9
        },
        "FlappyBird.Policy.LearningRate.sum": {
            "value": 0.000299944854018382,
            "min": 0.000299944854018382,
            "max": 0.0005999930220023259,
            "count": 9
        },
        "FlappyBird.Policy.Epsilon.mean": {
            "value": 0.19998161800000003,
            "min": 0.19998161800000003,
            "max": 0.19999883699999998,
            "count": 9
        },
        "FlappyBird.Policy.Epsilon.sum": {
            "value": 0.19998161800000003,
            "min": 0.19998161800000003,
            "max": 0.39999767399999997,
            "count": 9
        },
        "FlappyBird.Policy.Beta.mean": {
            "value": 0.0049990827382000004,
            "min": 0.0049990827382000004,
            "max": 0.0049999419663,
            "count": 9
        },
        "FlappyBird.Policy.Beta.sum": {
            "value": 0.0049990827382000004,
            "min": 0.0049990827382000004,
            "max": 0.0099998839326,
            "count": 9
        },
        "FlappyBird.IsTraining.mean": {
            "value": 1.0,
            "min": 1.0,
            "max": 1.0,
            "count": 10
        },
        "FlappyBird.IsTraining.sum": {
            "value": 1.0,
            "min": 1.0,
            "max": 1.0,
            "count": 10
        }
    },
    "metadata": {
        "timer_format_version": "0.1.0",
        "start_time_seconds": "1679347148",
        "python_version": "3.9.2 (default, Feb 28 2021, 17:03:44) \n[GCC 10.2.1 20210110]",
        "command_line_arguments": "/home/bears_bears/Unity_env/bin/mlagents-learn trainer_config.yaml --run-id Phase_3 --force --time-scale 20",
        "mlagents_version": "0.30.0",
        "mlagents_envs_version": "0.30.0",
        "communication_protocol_version": "1.5.0",
        "pytorch_version": "1.11.0+cu102",
        "numpy_version": "1.21.2",
        "end_time_seconds": "1679347301"
    },
    "total": 153.17738132199884,
    "count": 1,
    "self": 0.007284863000677433,
    "children": {
        "run_training.setup": {
            "total": 0.03347561500049778,
            "count": 1,
            "self": 0.03347561500049778
        },
        "TrainerController.start_learning": {
            "total": 153.13662084399766,
            "count": 1,
            "self": 0.32099666301655816,
            "children": {
                "TrainerController._reset_env": {
                    "total": 9.178346556996985,
                    "count": 1,
                    "self": 9.178346556996985
                },
                "TrainerController.advance": {
                    "total": 143.41811345798124,
                    "count": 10357,
                    "self": 0.3259525711146125,
                    "children": {
                        "env_step": {
                            "total": 131.2170736370099,
                            "count": 10357,
                            "self": 101.16691175597953,
                            "children": {
                                "SubprocessEnvManager._take_step": {
                                    "total": 29.863809983053216,
                                    "count": 10357,
                                    "self": 1.1481186540986528,
                                    "children": {
                                        "TorchPolicy.evaluate": {
                                            "total": 28.715691328954563,
                                            "count": 10091,
                                            "self": 28.715691328954563
                                        }
                                    }
                                },
                                "workers": {
                                    "total": 0.18635189797714702,
                                    "count": 10356,
                                    "self": 0.0,
                                    "children": {
                                        "worker_root": {
                                            "total": 152.45993887513032,
                                            "count": 10356,
                                            "is_parallel": true,
                                            "self": 64.86444343547555,
                                            "children": {
                                                "run_training.setup": {
                                                    "total": 0.0,
                                                    "count": 0,
                                                    "is_parallel": true,
                                                    "self": 0.0,