ydiffs;heights;distances;angles
-0.9008484;2.682184;1.923395;-25.09669
0.3795938;3.354256;2.583873;8.357477
0.2085064;2.865404;2.034379;5.851892
0.4528422;3.29809;2.071722;12.32993
0.375812;3.899498;2.731253;7.834527
-0.02242173;3.566374;2.578613;-0.4981895
-0.04109357;3.660637;2.510102;-0.9379213
0.2509392;3.32549;1.991802;7.180636
0.1182103;3.871835;2.469333;2.740734