ydiffs;heights;distances;angles
-0.6116155;3.552752;1.791274;-18.85204
0.306277;3.721891;1.735449;10.00866
-0.03471242;4;1.642686;-1.210566
-0.117709;3.454019;2.100381;-3.207601
0.2983817;4;1.716284;9.862485
0.1085671;2.765778;2.071267;3.000458
0.1506223;3.658001;1.419976;6.05494
0.2710947;3.732898;1.849227;8.340095
-0.04556696;3.470746;2.06427;-1.264549