ydiffs;heights;distances;angles
-0.7191044;3.256097;1.709896;-22.8094
-0.7759846;3.775687;1.526069;-26.95269
-0.6707403;3.921789;2.316633;-16.14744
-0.9719576;3.988594;2.191422;-23.91864
-0.7845021;3.681435;1.964103;-21.77276
-1.046811;3.931793;1.849225;-29.51338
-0.8934875;3.731815;1.563194;-29.75134
0.3441253;3.840532;1.576723;12.31194
0.02754364;3.467653;2.4738;0.6379128