ydiffs;heights;distances;angles
-1.088316;3.129241;1.881673;-30.0441
-0.1747226;3.596971;1.345224;-7.400352
1.495709;3.817188;1.900723;38.19977
0.07280469;3.364768;2.06552;2.018705
1.003904;3.536783;1.668638;31.0324
-0.106624;3.304375;2.136926;-2.856459
0.1485468;4;1.709366;4.966621
-8.228175E-05;3.898161;1.876541;-0.00251228
0.07909782;3.743711;2.702398;1.67654