ydiffs;heights;distances;angles
0.2482706;4;1.69993;8.309162
0.07399158;3.18488;1.979192;2.140991
0.8863276;3.111867;1.925506;24.71704
-0.3846103;3.830617;2.449056;-8.92508
2.320651;3.521945;2.199743;46.53215
-0.785524;3.257363;1.818189;-23.36611
-0.5281258;3.327549;2.097795;-14.13072
-0.285343;4;1.811385;-8.952095
-0.1437547;3.27348;1.359419;-6.036429