ydiffs;heights;distances;angles
-0.3280484;3.739362;1.89829;-9.804598
0.02777534;3.517059;1.883844;0.8447059
-0.1883107;3.788256;1.802442;-5.964359
-1.275604;3.54881;1.598877;-38.58331
-0.9507014;4;1.981701;-25.6289
-0.5481022;3.061063;2.182138;-14.09968
-0.847508;3.856156;1.34997;-32.12051
-0.4664482;3.666923;2.294633;-11.49041
-0.6304399;3.754891;1.792078;-19.38149