ydiffs;heights;distances;angles
-1.557061;3.422744;1.234814;-51.58411
-0.8318424;3.808395;1.645986;-26.81095
-1.093052;3.736431;1.639109;-33.69762
-1.031259;3.16105;1.637198;-32.20651
-1.002631;4;1.960865;-27.0816
-1.107607;3.694104;2.411269;-24.6715
-1.236283;3.610449;2.150491;-29.89391
-1.259841;3.610798;2.087552;-31.11105
-1.257753;3.8619;2.108871;-30.81229