ydiffs;heights;distances;angles
-0.4890428;3.612979;1.886154;-14.53559
-0.4764021;3.642047;1.859532;-14.3698
-0.7841608;4;1.987803;-21.52854
-0.7339916;3.023623;1.821038;-21.9525
-0.6940321;3.930737;2.287513;-16.87781
-0.8341301;3.460269;1.403372;-30.72621
-0.8342782;3.985207;1.552968;-28.24538
-0.8540025;4;2.072896;-22.39094
0.3951412;3.765902;2.023085;11.05166