ydiffs;heights;distances;angles
-0.3123645;3.557739;1.980074;-8.964755
-0.2834975;3.907255;1.678279;-9.587979
-0.4187105;3.364273;2.526731;-9.409112
-0.4292726;3.785207;1.996682;-12.1335
-0.3966413;3.631348;1.819754;-12.29612
2.31698;3.549321;2.190716;46.60447
-0.9223526;3.545427;2.067778;-24.03973
-0.5032001;3.287874;2.537755;-11.21544
2.857093;4;2.035154;54.53711