ydiffs;heights;distances;angles
0.04543342;3.873073;1.120149;2.322653
0.1918405;3.473294;1.651709;6.62503
3.413882;3.264306;1.208568;70.50523
-1.299234;3.399298;1.637497;-38.42944
0.7108339;3.463345;1.98299;19.72102
0.6528699;3.033154;2.122434;17.09813
-0.872729;3.618668;1.865748;-25.06848
-0.3893869;3.597952;2.156094;-10.23717
-0.1741724;3.300931;1.902866;-5.229804