ydiffs;heights;distances;angles
-0.3020122;3.648669;1.405713;-12.12547
-0.0652665;3.524739;1.361752;-2.743991
-0.08717594;4;2.048923;-2.436306
-1.41121;3.441612;1.868418;-37.06364
-0.9104579;3.889319;1.752366;-27.45454
-0.6624439;3.535078;1.67178;-21.61598
-0.6923108;3.900681;1.932875;-19.70634
-0.6552415;3.305491;1.620146;-22.02007
-0.554024;4;2.006484;-15.43573