ydiffs;heights;distances;angles
-1.753524;3.760065;2.108213;-39.75227
-1.360828;3.492588;1.192344;-48.77548
-1.164911;4;1.479887;-38.20847
-1.107805;4;1.341885;-39.54167
-1.051708;3.389503;2.5072;-22.75684
-1.106544;3.765835;1.929051;-29.83949
-1.088162;4;1.883692;-30.01395
-0.9569765;3.290501;1.83895;-27.49215
-1.015876;3.730917;2.020624;-26.69113