ydiffs;heights;distances;angles
-0.6948985;3.643951;1.920144;-19.89515
-1.096567;3.213149;1.586915;-34.6447
1.950828;4;1.59588;50.71503
-1.134075;4;1.641211;-34.64442
-0.7972022;3.579538;1.725398;-24.79881
-0.4521658;3.693821;2.19175;-11.65678
-0.5153607;3.432041;1.813675;-15.86264
-0.06772685;3.891072;2.0301;-1.910756
-0.02226766;3.251235;1.824257;-0.6993421