ydiffs;heights;distances;angles
-1.86597;3.723266;1.904402;-44.416
-1.427151;3.725908;1.658905;-40.70531
-0.1797868;3.875933;2.156174;-4.76643
-0.567371;3.570472;1.520004;-20.46906
-0.682842;3.822732;1.627138;-22.76577
-0.6544542;3.589325;2.286114;-15.97502
-0.797205;3.752577;1.966787;-22.06437
-0.8842134;3.893942;2.156043;-22.29899
-0.934873;4;1.360537;-34.49434