ydiffs;heights;distances;angles
-0.2560185;3.351308;1.974381;-7.388333
-0.2143184;3.77058;2.521526;-4.858207
-0.3415747;3.433662;1.969492;-9.839103
-0.2808191;3.945432;2.01223;-7.944668
-0.307743;2.607142;2.206501;-7.939884
-0.4038609;3.630112;1.824275;-12.4829
-0.4496883;3.610555;2.033731;-12.46833
0.5670345;3.828993;1.567343;19.88914
0.8198784;3.804037;2.37173;19.06965