ydiffs;heights;distances;angles
-0.4359886;3.422189;2.366746;-10.43769
-0.151326;3.153742;1.638289;-5.277339
0.09225546;2.842576;1.634808;3.229888
-0.03160353;3.816738;2.188933;-0.8271716
0.0744891;3.896913;2.012926;2.119285
0.1583592;3.416929;1.743664;5.189353
0.2143506;3.511297;2.168514;5.645163
0.3449089;4;2.154459;9.095346
1.82599;3.425778;2.144746;40.41034