ydiffs;heights;distances;angles
-0.3342687;3.474945;1.493472;-12.61601
-0.09551571;3.664446;1.86814;-2.926914
-0.1233993;3.289939;2.013354;-3.507295
-0.0210884;3.948132;1.815094;-0.6656526
-1.289621;3.375535;1.276546;-45.29192
-0.8076045;4;2.188568;-20.25459
-0.6318753;3.919133;1.693472;-20.46176
-0.7134115;3.771982;1.605234;-23.96172
-0.5833689;3.576167;1.944199;-16.7022