ydiffs;heights;distances;angles
-0.6289946;3.737534;1.756913;-19.69794
-1.580918;3.661371;1.8025;-41.25301
-1.44069;3.547036;1.571087;-42.52088
-1.158182;4;1.899665;-31.36969
-1.132342;3.407091;2.271893;-26.49228
-1.184713;3.864097;2.152816;-28.82437
-1.127985;3.537393;1.534948;-36.311
-0.9623535;3.103274;2.275984;-22.92009
-0.9490193;3.446663;2.122298;-24.09257