ydiffs;heights;distances;angles
-1.857862;3.588658;1.579957;-49.6216
-1.353146;3.818243;2.012355;-33.91765
-1.430871;3.666147;1.907353;-36.87674
-1.330708;3.960122;1.861875;-35.55392
-1.11657;4;1.807844;-31.70051
-1.040064;3.988255;1.710381;-31.30331
-0.9486995;3.908059;1.200718;-38.31262
-0.7612191;3.706629;1.892007;-21.9166
-0.7431892;4;1.857762;-21.80366