ydiffs;heights;distances;angles
-0.7587261;3.488974;2.181228;-19.1799
-0.4939257;3.716347;2.228848;-12.49515
-0.5736167;3.486795;1.620916;-19.48807
-0.658234;4;1.91731;-18.94792
-0.5485436;3.416299;1.980433;-15.48175
-0.4656104;3.766711;1.55499;-16.66927
-0.3163931;3.526082;1.800411;-9.967035
-0.2133892;3.972533;2.019774;-6.030928
-0.1477921;3.376132;1.864879;-4.531234