ydiffs;heights;distances;angles
-0.1226181;3.560992;1.498641;-4.677495
0.06348266;3.66092;2.345706;1.550237
0.05915989;3.331569;2.154483;1.572888
0.1992636;3.854753;1.660162;6.844276
0.2774135;3.575528;2.045362;7.723927
0.3145413;3.983227;2.11671;8.452252
-0.929771;3.643262;2.044212;-24.45751
1.99891;3.775869;1.781879;48.28539
1.494623;3.922187;1.94704;37.51123