ydiffs;heights;distances;angles
0.05820978;3.515463;1.907958;1.747491
0.03250155;4;1.725841;1.078884
-0.02733814;3.602274;1.660585;-0.9431728
-0.00624077;3.681715;1.733155;-0.2063105
0.009403978;3.533775;1.922526;0.2802584
-0.04842526;3.547929;1.920499;-1.444404
-0.104432;3.954832;1.700557;-3.514149
-0.1469059;3.309425;1.805698;-4.651158
-0.1975046;3.905993;2.213569;-5.098685