ydiffs;heights;distances;angles
-1.826911;3.061354;1.899888;-43.8782
-1.315428;3.995058;1.32764;-44.73529
-0.8233826;3.730351;1.576354;-27.57958
-1.047926;3.900085;1.795734;-30.26631
-1.197939;3.866271;1.506392;-38.49302
-1.182912;3.560894;2.156614;-28.74495
-1.32759;3.885395;2.109591;-32.18268
-1.464811;3.5558;1.269422;-49.08742
-1.368067;3.525757;2.05821;-33.61151