ydiffs;heights;distances;angles
-1.271733;3.882302;2.136032;-30.76837
-0.8382698;3.641922;1.561586;-28.22719
-1.043867;4;1.512345;-34.61464
-0.8322399;3.296271;2.375351;-19.30868
-0.3550971;3.876303;1.730532;-11.59587
-0.4395484;3.504731;1.958885;-12.64695
-0.7669199;3.802223;2.134008;-19.76743
-0.5967874;3.527056;1.855039;-17.83358
-1.554553;3.271685;2.041353;-37.29039