ydiffs;heights;distances;angles
-1.967695;3.187569;1.903497;-45.95007
-1.590093;3.565285;1.944208;-39.2784
-1.649048;3.970635;1.909532;-40.81348
-1.557504;3.650545;1.464584;-46.76112
-1.356802;3.913318;1.805832;-36.91918
-1.320813;3.347668;1.874235;-35.17316
-1.305915;4;1.615843;-38.94495
-1.16831;3.641848;2.121824;-28.83788
-1.112269;3.799438;2.34393;-25.38582