ydiffs;heights;distances;angles
-1.196975;3.800534;2.19806;-28.57093
-0.7964944;3.621076;1.504079;-27.90374
-0.7067561;3.732108;1.834623;-21.0683
-0.5922288;3.713013;2.188956;-15.13911
-0.5294519;4;1.503864;-19.39518
-0.4274147;3.343225;2.00071;-12.05891
-0.3595815;4;2.506761;-8.16309
-0.3530586;3.448807;1.753306;-11.38524
-0.2635886;3.767448;1.866719;-8.037269