ydiffs;heights;distances;angles
-0.2639076;2.793467;1.976682;-7.604612
-0.08921468;3.776812;2.134463;-2.393412
-0.1990043;3.551291;1.693135;-6.703561
-0.3278086;3.607072;2.022758;-9.205337
-0.2076801;3.687289;1.71859;-6.890401
-0.09141944;3.35578;1.833589;-2.8543
0.02398013;3.925328;1.705818;0.8054026
0.134804;3.512113;1.628361;4.732447
0.2440433;3.94749;1.714247;8.102287