ydiffs;heights;distances;angles
0.5191553;3.379711;1.931933;15.04137
-2.175041;3.430767;1.930625;-48.40688
2.072932;3.701871;1.713462;50.42325
0.1403357;3.49013;2.299405;3.492504
-0.03795503;3.963145;1.938799;-1.121511
0.1826791;3.309986;1.737028;6.003591
0.0742294;3.693668;1.666673;2.550124
-0.002534777;3.530376;2.175623;-0.06675421
-0.0252293;3.661065;1.483679;-0.9741952