ydiffs;heights;distances;angles
-0.3462841;3.828463;1.373897;-14.14647
-0.2504125;3.223288;1.717887;-8.293464
-0.376911;3.707967;1.785814;-11.91785
-0.3945969;3.360312;1.914039;-11.64886
-0.3745455;4;1.899971;-11.15185
-0.4733207;3.344587;2.058226;-12.95088
-0.5575549;4;1.648757;-18.68383
-0.5974456;3.017747;1.676367;-19.61572
-0.6588668;3.744427;1.583038;-22.59728