ydiffs;heights;distances;angles
-1.987282;3.756712;2.11089;-43.2724
-1.623428;3.482812;1.464051;-47.95501
-1.472058;4;1.7201;-40.55685
-1.468167;3.851107;1.523151;-43.94697
-1.280095;3.535971;1.644492;-37.89766
-1.380276;3.938664;2.26188;-31.39296
-1.231409;3.62486;2.263678;-28.54556
-1.403387;3.809694;2.112966;-33.59126
-1.055733;3.333539;1.67219;-32.26616