ydiffs;heights;distances;angles
-1.343154;3.42158;1.972971;-34.24616
-0.6750986;3.76573;1.615809;-22.67558
-0.9128572;3.890753;1.459562;-32.02319
-0.50517;4;1.817372;-15.53419
-0.6263743;3.30696;1.98962;-17.4751
-0.4086734;3.954098;1.938132;-11.90693
-0.54412;3.643423;1.532856;-19.5434
-0.2211728;3.668082;1.784284;-7.066115
-0.3734517;3.701204;1.94201;-10.88519