ydiffs;heights;distances;angles
-0.1654631;3.764107;2.418053;-3.914547
-0.1880467;3.415132;1.551755;-6.909596
-0.08246793;3.693485;1.613557;-2.925808
-0.1034411;3.404811;2.232769;-2.652538
0.1556933;3.18475;1.703583;5.221853
0.01695101;4;2.140148;0.4538008
0.2346379;3.664497;2.702841;4.961499
0.1425493;4;1.928506;4.227442
-0.05199238;3.829078;2.333371;-1.276459