ydiffs;heights;distances;angles
0.4256239;3.805475;1.487535;15.96726
0.4274467;3.56719;2.250767;10.75308
-0.192972;3.360996;2.27053;-4.857886
0.1450632;3.574043;1.884105;4.402699
0.00779041;3.999889;1.368786;0.326094
0.06080765;3.178494;1.733434;2.009072
-0.1422706;3.748274;1.728179;-4.706204
-0.01873373;3.993479;1.712523;-0.6267483
-0.2351608;3.65393;1.880965;-7.126224