ydiffs;heights;distances;angles
-0.3828432;3.97868;1.983573;-10.92415
-0.5176541;3.622689;1.986131;-14.60826
-0.4699126;3.203955;1.790562;-14.70502
-0.652941;3.624663;1.797766;-19.9608
-0.4321367;3.666528;1.420628;-16.91908
-0.7374673;3.475353;1.908833;-21.12377
-0.609853;3.985238;1.9765;-17.14772
-0.9551733;3.653717;2.146757;-23.98609
-0.8025031;3.770493;1.571458;-27.05223