ydiffs;heights;distances;angles
-1.723985;3.723556;1.939869;-41.62788
-1.022059;3.651871;1.647645;-31.81196
-1.033617;3.94859;2.401099;-23.29075
-1.37378;3.525695;2.021601;-34.19809
-1.177009;3.90977;1.838776;-32.6235
-0.9957997;3.543217;1.747448;-29.67705
-0.9469332;3.81288;2.278318;-22.56915
-1.27755;3.619241;2.284804;-29.21178
-1.193564;4;1.547676;-37.63933