ydiffs;heights;distances;angles
-1.640518;3.91592;1.266006;-52.34224
-1.028393;3.480455;1.994107;-27.28087
-1.465542;3.797726;1.871941;-38.05739
-1.372069;3.721854;1.715426;-38.65427
-1.434486;4;1.903449;-37.00257
-1.385004;3.653686;1.672565;-39.6272
-1.486677;3.679181;1.942826;-37.4237
-1.472867;3.909307;2.164779;-34.2305
-1.553926;3.773888;1.861432;-39.85517