ydiffs;heights;distances;angles
-1.274574;3.875359;1.499736;-40.36007
-1.017017;3.342538;2.036419;-26.53819
-0.7804474;3.767712;1.877904;-22.56752
-0.9453452;3.662979;2.275969;-22.55602
-0.5645114;3.906392;2.042309;-15.45125
-0.7400259;3.315416;2.055313;-19.80167
-0.432354;3.643252;1.698754;-14.27932
-0.5539752;3.840638;1.873718;-16.47061
-0.2727971;3.8612;2.232916;-6.965354