ydiffs;heights;distances;angles
-0.4585359;3.54372;2.428533;-10.69225
-0.1020052;3.687662;2.220875;-2.629756
-0.3232121;3.659086;1.990141;-9.224675
0.0007760689;4;1.919023;0.02317088
-0.06608229;3.34064;1.835162;-2.062271
0.1027608;3.418662;2.052637;2.865996
0.002054546;3.728383;1.807625;0.06512233
0.2084899;3.461616;1.717037;6.923204
0.08886715;3.744642;2.03818;2.496586