ydiffs;heights;distances;angles
1.529582;3.676877;1.718895;41.66471
0.1018351;3.381938;1.892747;3.079706
0.2875571;3.388944;1.863404;8.772581
0.266109;3.845485;2.055693;7.375909
0.256451;4;1.910577;7.644944
-1.253061;3.915283;1.742536;-35.72
0.4743806;3.920707;2.260387;11.85248
0.4011706;3.594211;1.560427;14.41795
-0.1481547;3.845821;1.466261;-5.769725