ydiffs;heights;distances;angles
-0.3499812;3.524184;1.635274;-12.0802
-0.4730667;3.498599;1.652487;-15.97513
-0.4163643;3.801348;1.933483;-12.15273
-0.6451755;3.569621;2.171165;-16.54965
-0.4381469;3.175447;2.002915;-12.33934
-0.7466817;2.826181;1.592138;-25.12567
-0.5485439;3.946862;2.141243;-14.36902
-0.8970577;3.651457;2.484478;-19.85287
-0.8025045;3.837653;1.911731;-22.77164