ydiffs;heights;distances;angles
-1.556102;3.68277;1.522435;-45.62656
-1.021327;3.005113;1.697942;-31.02727
-1.460048;3.494656;2.171327;-33.91776
-1.367423;3.612031;1.896206;-35.79676
-1.489736;4;1.707337;-41.1063
-1.353066;3.543994;1.885255;-35.66738
-1.516568;3.832067;2.05285;-36.45557
-1.520576;3.145283;1.716154;-41.54213
-1.352363;3.819181;1.39919;-44.02502