ydiffs;heights;distances;angles
-1.861931;3.114078;1.398382;-53.09203
-0.9934169;3.890789;1.646444;-31.10557
-1.044622;3.592355;1.773224;-30.50272
-1.45262;3.849588;1.525688;-43.59462
-1.15497;3.618783;1.859667;-31.84288
-0.6037291;3.396467;1.759882;-18.93458
-0.69819;4;2.194261;-17.6505
-1.138496;3.923606;1.740458;-33.19014
-0.889173;3.794474;1.690706;-27.7407