ydiffs;heights;distances;angles
-1.008765;3.452538;2.160754;-25.02589
-0.7926994;2.737738;1.846086;-23.23842
-0.2709889;3.819276;1.487517;-10.32466
0.0654611;3.024069;1.77271;2.114808
0.008518456;3.757562;2.184052;0.2234696
-0.2554219;3.404958;2.158315;-6.749176
-0.1043361;4;1.533636;-3.891939
0.2754388;3.977009;2.070228;7.578557
0.2363587;2.63985;1.65528;8.126379