ydiffs;heights;distances;angles
2.041384;3.421095;2.067175;44.64034
-1.06278;4;1.642406;-32.90639
0.2897488;3.756187;1.959652;8.410662
-0.1977826;3.484975;2.158306;-5.235841
0.1314224;3.437443;2.249492;3.343597
0.3496345;3.710382;2.345211;8.479456
-1.077057;4;1.752084;-31.58024
2.136971;3.290275;1.816588;49.63294
-0.1720605;3.666814;2.136069;-4.605237