ydiffs;heights;distances;angles
-0.008473797;3.7537;2.077536;-0.2336951
-0.3239326;3.901814;1.785608;-10.28238
-0.3485621;3.340288;2.052274;-9.639237
0.004371894;3.750601;1.893915;0.1322608
-0.06596697;3.720559;1.850557;-2.041563
-0.5033143;3.913692;1.997564;-14.1421
-0.4673972;3.409335;1.745221;-14.99285
-0.1258112;3.5556;1.788588;-4.02362
-0.3035633;4;1.575319;-10.90718