ydiffs;heights;distances;angles
-1.228157;3.994395;1.393827;-41.38458
-0.7660223;3.541463;2.003902;-20.92012
0.201346;3.694002;1.617165;7.097119
-0.04534454;3.75842;1.8449;-1.407951
-0.2996265;4;1.837415;-9.261679
-0.06932712;3.224695;1.524665;-2.603468
-0.3211509;3.852448;1.637495;-11.0962
-0.203412;3.55027;2.253458;-5.157915
-0.4556054;3.857057;2.450751;-10.53132