ydiffs;heights;distances;angles
-0.6392559;3.568344;1.873955;-18.83587
-0.5692834;3.329278;1.671777;-18.80504
-1.166535;3.682756;1.600339;-36.08942
-1.28051;3.94437;2.001463;-32.61058
-0.9103181;4;2.328114;-21.35605
-1.168121;3.249325;1.518068;-37.57752
-1.564585;3.506295;2.414612;-32.94184
-1.503604;3.837886;1.637867;-42.55272
-1.060383;3.556579;1.777289;-30.82155