ydiffs;heights;distances;angles
-1.84524;4;2.012768;-42.51358
-1.372635;3.847479;2.266469;-31.20024
-1.572348;3.744154;2.019865;-37.8987
-1.529817;3.941401;2.257011;-34.12967
-1.406361;4;2.241406;-32.10605
-1.555752;4;1.802791;-40.79316
-1.477127;3.635604;1.761539;-39.98131
-1.06544;3.354631;1.918771;-29.0422
-1.064136;3.743154;2.057147;-27.35196