ydiffs;heights;distances;angles
-1.019702;3.486407;2.160889;-25.26215
-0.7219839;3.766206;1.607928;-24.18081
-1.265173;3.599891;1.816091;-34.86285
-0.9882253;3.892361;1.885794;-27.65619
-0.3381989;3.204479;1.683159;-11.36122
-0.4339169;4;1.922302;-12.72007
-0.8425468;3.643398;1.401282;-31.01717
-0.5566037;3.6188;1.419758;-21.40724
-0.03373103;3.724927;1.52371;-1.268175