ydiffs;heights;distances;angles
-0.04238996;3.497846;1.69852;-1.429634
0.7671652;3.540309;1.796501;23.12408
-1.308855;2.68081;1.859733;-35.13737
0.3995626;3.68228;1.605898;13.97202
0.5671592;3.661664;2.0597;15.39543
1.209494;3.022989;1.861406;33.01478
0.007571068;3.706428;1.900637;0.228233
0.03281033;3.645644;2.036779;0.922894
3.795086;3.840859;2.12025;60.80865