ydiffs;heights;distances;angles
0.1139344;3.144657;2.298864;2.837323
0.08281281;3.906948;1.631146;2.906395
-0.3319041;4;2.251755;-8.384905
-0.2321281;3.421929;1.724784;-7.66503
0.106676;3.766644;1.78387;3.422231
-0.07177773;3.82329;1.864668;-2.20443
-0.475554;3.93729;1.727527;-15.39118
-0.4072527;3.296634;1.905075;-12.06664
-0.102545;3.915194;2.242908;-2.617721