ydiffs;heights;distances;angles
-0.9621209;3.583528;2.338026;-22.36765
-0.428678;4;2.125979;-11.40014
-0.6395339;3.187082;1.580335;-22.03232
-1.059775;3.877735;1.764664;-30.98706
-0.9910752;3.556775;1.827865;-28.46672
-0.6087977;4;2.62634;-13.05093
-0.8822048;3.816538;2.299153;-20.99224
-1.474886;3.288733;1.45923;-45.30573
-1.290663;4;1.961465;-33.34531