ydiffs;heights;distances;angles
-1.988148;3.741547;2.394426;-39.70365
-1.485824;3.985853;1.381495;-47.08382
-1.3749;3.618599;1.963586;-34.99966
-1.416577;3.974299;1.88395;-36.9402
-1.421592;3.715058;1.887228;-36.98963
-0.9220337;4;1.89656;-25.92722
-1.12792;3.429626;2.074327;-28.53523
-1.2802;3.87796;1.647808;-37.84403
-1.261631;3.18013;1.639095;-37.58591