ydiffs;heights;distances;angles
-1.24615;3.175956;1.840482;-34.10108
-1.024752;3.87186;1.733597;-30.58789
-0.3145843;3.657346;2.17094;-8.245168
-0.5659183;3.743287;1.502553;-20.63828
-0.6313986;3.323081;1.475877;-23.16185
-0.6272421;4;2.118908;-16.48988
-0.01953814;3.401703;2.441377;-0.4585237
-0.2942145;4;1.749465;-9.546329
-0.3962252;3.534307;1.747164;-12.77752