ydiffs;heights;distances;angles
-0.2235833;3.754127;1.861986;-6.847168
-0.1924635;3.38771;2.001614;-5.492342
-0.3124815;3.7672;1.22862;-14.26979
0.3836165;3.701688;2.229739;9.761913
0.1858123;3.123733;1.772053;5.985993
0.01378951;4;1.622193;0.487033
0.01209373;3.264493;2.137194;0.324216
0.9114994;3.777663;2.291973;21.68733
-0.7699743;3.680806;2.049476;-20.59086