ydiffs;heights;distances;angles
-0.06530008;4;1.810469;-2.065652
0.09341487;4;1.722838;3.103625
0.09592956;3.630697;2.005294;2.738836
-0.3993469;3.773438;1.861766;-12.10644
-0.1051675;3.570904;1.487352;-4.044531
-0.01255429;3.800725;1.942778;-0.3702419
-0.02313453;3.480565;2.067667;-0.641039
-0.6056101;3.692917;2.365152;-14.36232
-0.3881493;3.494731;1.887281;-11.62174