ydiffs;heights;distances;angles
2.446891;4;1.53094;57.96713
-0.8748095;3.767847;2.641152;-18.32604
1.3726;3.83458;1.877903;36.16388
-0.02070719;3.376763;1.802029;-0.6583593
0.1870579;3.67635;2.084251;5.128457
0.02967149;3.476861;2.05344;0.8278465
0.1191948;3.820267;1.938478;3.518622
0.08517997;3.873455;1.553988;3.13746
-0.01035491;3.580647;2.285106;-0.2596328