ydiffs;heights;distances;angles
-1.116788;3.929451;2.048497;-28.59808
-0.697533;3.463953;1.764063;-21.57448
-0.562138;3.774766;1.923347;-16.2921
-0.4816733;3.836032;1.969659;-13.74179
-1.219774;3.969505;1.808308;-34.00119
-0.9410892;3.018395;2.474771;-20.82047
-0.814604;4;1.475006;-28.91062
-0.7229713;3.664762;1.69916;-23.04915
-1.423437;4;2.05657;-34.68871