ydiffs;heights;distances;angles
-1.367204;3.95636;2.414076;-29.52491
-1.557076;3.60461;1.730326;-41.98323
-1.537862;3.720781;1.803674;-40.45182
-1.35115;3.043435;2.315571;-30.26383
-1.33877;3.883244;1.782654;-36.90648
-1.389609;4;2.035274;-34.32381
-1.418137;3.385997;1.628524;-41.04971
-1.405604;3.7281;1.874039;-36.87135
-1.407318;3.625741;1.899841;-36.52941