ydiffs;heights;distances;angles
-1.652256;3.673108;1.967431;-40.02365
-1.365553;3.14974;2.153636;-32.3775
-0.6250276;3.656205;2.085402;-16.6843
-1.21058;3.176693;1.742839;-34.78392
-1.296264;3.222714;1.459314;-41.61371
-1.148237;3.945232;2.129591;-28.33275
-0.4212782;3.514357;1.883187;-12.60973
-0.6813719;3.709358;1.852295;-20.19619
-0.7402211;3.571905;1.760121;-22.80925