ydiffs;heights;distances;angles
-0.4080024;3.607862;1.974476;-11.67518
-0.4005777;3.448725;1.87255;-12.07477
-0.6102073;3.767519;1.699835;-19.74714
0.0983034;3.208506;1.94145;2.89864
-0.05096641;4;1.735003;-1.682603
-0.2065428;3.523667;2.272195;-5.193919
-0.2223374;3.37618;2.057014;-6.169008
0.3321152;3.853102;1.8299;10.28685
0.1037947;3.520237;1.883021;3.155028