ydiffs;heights;distances;angles
1.538829;3.461476;1.61371;43.63934
0.0210311;3.240009;1.7949;0.671312
2.275413;3.000131;2.028142;48.28846
-0.203291;3.104401;2.270202;-5.117046
0.2203856;3.106573;2.037616;6.173033
2.054773;3.43462;1.905675;47.15598
-0.1962168;3.676465;1.621438;-6.900044
1.012257;3.881573;1.769722;29.76897
-0.1808664;3.5535;2.104423;-4.912263