ydiffs;heights;distances;angles
-0.5716557;3.474634;1.927394;-16.5201
-0.2828943;3.964513;2.080173;-7.744461
-0.2703337;3.620796;2.071385;-7.435573
-0.8880589;4;1.710129;-27.44257
-0.5660326;3.487133;2.111372;-15.0074
-0.4472979;3.781324;2.455244;-10.32495
-0.4790677;3.625846;1.870747;-14.36383
-1.208384;3.973781;2.000667;-31.13158
-0.9154617;3.468906;2.253876;-22.10562