ydiffs;heights;distances;angles
-1.761143;3.514791;1.714166;-45.77443
-1.231315;3.725068;1.512138;-39.15549
-1.095559;3.665688;1.825378;-30.97143
-1.052266;4;1.634189;-32.77777
-1.506899;3.755197;2.468966;-31.39721
-1.48009;3.81633;1.605471;-42.67308
-1.340765;3.518007;1.556248;-40.74609
-1.213584;4;2.19804;-28.90402
1.001663;3.705314;2.402841;22.62961