ydiffs;heights;distances;angles
0.231181;3.621487;2.237329;5.899381
0.1686749;3.193243;1.827127;5.274426
0.1831263;3.87688;1.976575;5.293245
0.27526;3.605738;1.93781;8.084606
0.3391136;3.625923;2.045234;9.414377
0.2028379;3.719428;2.036679;5.687475
0.2490844;3.891563;2.214624;6.417233
0.2811153;4;1.807199;8.841677
0.2706554;3.460142;2.062116;7.477404