ydiffs;heights;distances;angles
0.01484627;3.571086;2.002896;0.4246917
-0.3704567;3.849337;2.255248;-9.328344
-0.2123976;3.272515;2.253772;-5.383706
-0.003794749;3.818238;1.647447;-0.1319755
0.04952383;3.514513;2.31153;1.227357
-1.077052;3.672202;1.968492;-28.6851
-0.5056061;4;2.006237;-14.14497
-0.2190223;3.326087;2.137432;-5.850669
-0.2246045;4;1.599888;-7.99139