ydiffs;heights;distances;angles
-1.812288;3.442353;2.108028;-40.68591
-0.8642451;3.885385;2.007883;-23.2883
-1.312402;3.96399;2.089278;-32.13542
-1.98295;3.368263;1.657657;-50.10589
-2.638361;4;1.3927;-62.17197
-3.092556;4;2.159833;-55.06965
0.5700765;4;1.727741;18.26056
-0.3560998;3.068054;1.670616;-12.03279
-0.7984747;3.69976;1.838296;-23.478