ydiffs;heights;distances;angles
-0.4594633;3.461679;1.475274;-17.29881
0.5203934;3.4426;1.499716;19.1365
2.204202;3.1939;1.477666;56.16264
-3.138699;3.562845;2.061815;-56.69904
-0.3920285;3.546646;1.803987;-12.26045
-0.1028934;3.952472;1.94306;-3.031227
-0.2497548;3.560789;1.943136;-7.324177
-0.3512416;3.861959;1.709149;-11.61299
-0.04227967;3.180878;2.067381;-1.171583