ydiffs;heights;distances;angles
-0.2020334;3.778828;1.687733;-6.82622
-0.1690589;3.456675;1.747003;-5.527349
-0.3017446;3.723088;1.641661;-10.41498
0.2592143;3.573503;1.32445;11.07365
0.1329544;3.934747;1.779131;4.273768
0.03647784;3.115066;1.997754;1.046072
0.05608388;4;1.857504;1.729414
0.287654;3.420445;1.655393;9.857728
0.1840573;4;1.922629;5.468381