ydiffs;heights;distances;angles
0.1997037;3.350535;1.807165;6.305976
0.2284905;3.506298;1.881289;6.924897
0.1764879;3.893077;1.992981;5.060612
0.2557155;3.351472;1.448273;10.01327
0.3745733;3.714066;1.944279;10.90467
0.321953;3.602022;1.728135;10.55327
0.3068362;3.689675;1.829108;9.522805
0.3056216;3.356126;1.929635;8.999926
0.3036834;3.309508;1.731761;9.946315