ydiffs;heights;distances;angles
0.21614;3.596901;1.819729;6.773624
0.1431526;3.099625;2.264245;3.617603
0.176042;3.665397;1.610138;6.239562
0.2811157;3.345546;1.866053;8.567031
0.3122295;4;1.835075;9.656142
0.1659209;3.757118;1.968776;4.817283
0.2268707;4;1.915793;6.753591
0.2556515;3.998118;2.096744;6.951639
0.261466;3.395173;1.683311;8.829108