ydiffs;heights;distances;angles
0.05162836;3.788273;1.878517;1.574296
0.1332532;3.257422;1.984774;3.840944
-0.2095491;4;2.164597;-5.529429
0.005198841;3.287345;1.633905;0.182306
0.1321569;3.813729;1.569201;4.814047
0.09950402;3.43441;2.308308;2.468316
-0.44223;4;1.46564;-16.79023
-0.1226115;3.319735;1.405265;-4.986516
-0.01074766;3.711059;1.888933;-0.3259983