ydiffs;heights;distances;angles
-1.585874;4;1.92464;-39.488
-1.793644;3.189279;1.836601;-44.32203
-2.418788;3.732906;1.786283;-53.55402
-3.004621;3.680971;1.384994;-65.25244
0.5807343;3.956363;2.119331;15.32392
-0.2553879;3.616874;1.409953;-10.2668
-0.7917653;3.80183;1.565743;-26.82482
-0.7906746;3.615407;2.102847;-20.60636
0.3718506;3.732774;1.710819;12.26264