ydiffs;heights;distances;angles
-1.09925;3.928081;1.96049;-29.27943
-0.54283;3.115809;1.8992;-15.95102
-0.8097322;3.67632;2.169603;-20.46642
-0.4943074;3.598184;2.136511;-13.02686
-0.549487;4;1.60357;-18.91479
-1.555916;3.974113;1.883716;-39.5561
-1.335221;3.489257;1.686734;-38.36518
-1.122119;3.175619;1.672626;-33.85657
-1.214343;3.711066;2.026413;-30.93246