ydiffs;heights;distances;angles
-1.259419;3.658521;1.869348;-33.96898
-1.068023;3.624347;1.639139;-33.0873
-1.224841;3.615149;1.892993;-32.90446
-1.076927;3.775944;2.153426;-26.5696
-1.282262;3.355333;1.853292;-34.67873
-1.171652;4;1.884242;-31.87401
-1.310601;3.421736;1.34837;-44.18621
-1.173589;4;1.494255;-38.14613
-1.217068;3.368813;2.287615;-28.01408