{
    "name": "root",
    "gauges": {
        "FlappyBird.Policy.Entropy.mean": {
            "value": 0.2791772782802582,
            "min": 0.1786402314901352,
            "max": 0.6887248754501343,
            "count": 121
        },
        "FlappyBird.Policy.Entropy.sum": {
            "value": 276.94384765625,
            "min": 157.20339965820312,
            "max": 721.78369140625,
            "count": 121
        },
        "FlappyBird.Environment.EpisodeLength.mean": {
            "value": 24.147058823529413,
            "min": 2.7074074074074073,
            "max": 35.138888888888886,
            "count": 121
        },
        "FlappyBird.Environment.EpisodeLength.sum": {
            "value": 821.0,
            "min": 731.0,
            "max": 1442.0,
            "count": 121
        },
        "FlappyBird.Step.mean": {
            "value": 120962.0,
            "min": 999.0,
            "max": 120962.0,
            "count": 121
        },
        "FlappyBird.Step.sum": {
            "value": 120962.0,
            "min": 999.0,
            "max": 120962.0,
            "count": 121
        },
        "FlappyBird.Policy.ExtrinsicValueEstimate.mean": {
            "value": 13.148573875427246,
            "min": 0.8176431059837341,
            "max": 13.592951774597168,
            "count": 121
        },
        "FlappyBird.Policy.ExtrinsicValueEstimate.sum": {
            "value": 512.7943725585938,
            "min": 219.12835693359375,
            "max": 725.3280029296875,
            "count": 121
        },
        "FlappyBird.Environment.CumulativeReward.mean": {
            "value": 23.1352940149167,
            "min": 2.1111940272263627,
            "max": 34.16756752052822,
            "count": 121
        },
        "FlappyBird.Environment.CumulativeReward.sum": {
            "value": 786.5999965071678,
            "min": 565.7999992966652,
            "max": 1419.9999969601631,
            "count": 121
        },
        "FlappyBird.Policy.ExtrinsicReward.mean": {
            "value": 23.1352940149167,
            "min": 2.1111940272263627,
            "max": 34.16756752052822,
            "count": 121
        },
        "FlappyBird.Policy.ExtrinsicReward.sum": {
            "value": 786.5999965071678,
            "min": 565.7999992966652,
            "max": 1419.9999969601631,
            "count": 121
        },
        "FlappyBird.Losses.PolicyLoss.mean": {
            "value": 1.3120043563346069,
            "min": 0.5800735941156745,
            "max": 1.446078928444288,
            "count": 121
        },
        "FlappyBird.Losses.PolicyLoss.sum": {
            "value": 1.3120043563346069,
            "min": 0.5800735941156745,
            "max": 11.568631427554305,
            "count": 121
        },
        "FlappyBird.Losses.ValueLoss.mean": {
            "value": 59.69629620512327,
            "min": 5.5774270691691,
            "max": 93.9250396490097,
            "count": 121
        },
        "FlappyBird.Losses.ValueLoss.sum": {
            "value": 59.69629620512327,
            "min": 42.09519718397482,
            "max": 192.62398473900177,
            "count": 121
        },
        "FlappyBird.Policy.LearningRate.mean": {
            "value": 0.00029927770224076595,
            "min": 0.00029927770224076595,
            "max": 0.0002999969512510162,
            "count": 121
        },
        "FlappyBird.Policy.LearningRate.sum": {
            "value": 0.00029927770224076595,
            "min": 0.00029927770224076595,
            "max": 0.0023999756100081295,
            "count": 121
        },
        "FlappyBird.Policy.Epsilon.mean": {
            "value": 0.19975923400000004,
            "min": 0.19975923400000004,
            "max": 0.19999898375000003,
            "count": 121
        },
        "FlappyBird.Policy.Epsilon.sum": {
            "value": 0.19975923400000004,
            "min": 0.19975923400000004,
            "max": 1.5999918700000002,
            "count": 121
        },
        "FlappyBird.Policy.Beta.mean": {
            "value": 0.0049879857766,
            "min": 0.0049879857766,
            "max": 0.004999949289125,
            "count": 121
        },
        "FlappyBird.Policy.Beta.sum": {
            "value": 0.0049879857766,
            "min": 0.0049879857766,
            "max": 0.039999594313,
            "count": 121
        },
        "FlappyBird.IsTraining.mean": {
            "value": 1.0,
            "min": 1.0,
            "max": 1.0,
            "count": 121
        },
        "FlappyBird.IsTraining.sum": {
            "value": 1.0,
            "min": 1.0,
            "max": 1.0,
            "count": 121
        }
    },
    "metadata": {
        "timer_format_version": "0.1.0",
        "start_time_seconds": "1679385287",
        "python_version": "3.9.2 (default, Feb 28 2021, 17:03:44) \n[GCC 10.2.1 20210110]",
        "command_line_arguments": "/home/bears_bears/Unity_env/bin/mlagents-learn trainer_config.yaml --run-id FlappyBird_Normal_Obs_1 --time-scale 20",
        "mlagents_version": "0.30.0",
        "mlagents_envs_version": "0.30.0",
        "communication_protocol_version": "1.5.0",
        "pytorch_version": "1.11.0+cu102",
        "numpy_version": "1.21.2",
        "end_time_seconds": "1679385916"
    },
    "total": 629.3689391089993,
    "count": 1,
    "self": 0.06097270199825289,
    "children": {
        "run_training.setup": {
            "total": 0.1286189150005157,
            "count": 1,
            "self": 0.1286189150005157
        },
        "TrainerController.start_learning": {
            "total": 629.1793474920005,
            "count": 1,
            "self": 0.8090248269936637,
            "children": {
                "TrainerController._reset_env": {
                    "total": 28.257831089999854,
                    "count": 1,
                    "self": 28.257831089999854
                },
                "TrainerController.advance": {
                    "total": 597.972834511007,
                    "count": 25529,
                    "self": 0.7513958388926767,
                    "children": {
                        "env_step": {
                            "total": 243.36413132705547,
                            "count": 25529,
                            "self": 198.55190205898361,
                            "children": {
                                "SubprocessEnvManager._take_step": {
                                    "total": 44.390505990078054,
                                    "count": 25529,
                                    "self": 1.9097711110744058,
                                    "children": {
                                        "TorchPolicy.evaluate": {
                                            "total": 42.48073487900365,
                                            "count": 15176,
                                            "self": 42.48073487900365
                                        }
                                    }
                                },
                                "workers": {
                                    "total": 0.4217232779938058,
                                    "count": 25528,
                                    "self": 0.0,
                                    "children": {
                                        "worker_root": {
                                            "total": 626.0616913569338,
                                            "count": 25528,
                                            "is_parallel": true,
                                            "self": 463.17458530692693,
                                            "children": {
                                                "run_training.setup": {
                                                    "total": 0.0,
                                                    "count": 0,
                                                    "is_parallel": true,