{
    "name": "root",
    "gauges": {
        "FlappyBird.Policy.Entropy.mean": {
            "value": 0.09720674157142639,
            "min": 0.08894272893667221,
            "max": 0.12681029736995697,
            "count": 51
        },
        "FlappyBird.Policy.Entropy.sum": {
            "value": 107.31624603271484,
            "min": 51.84248352050781,
            "max": 229.69351196289062,
            "count": 51
        },
        "FlappyBird.Environment.EpisodeLength.mean": {
            "value": 68.8,
            "min": 29.416666666666668,
            "max": 104.08333333333333,
            "count": 51
        },
        "FlappyBird.Environment.EpisodeLength.sum": {
            "value": 1376.0,
            "min": 297.0,
            "max": 2498.0,
            "count": 51
        },
        "FlappyBird.Step.mean": {
            "value": 639944.0,
            "min": 588980.0,
            "max": 639944.0,
            "count": 52
        },
        "FlappyBird.Step.sum": {
            "value": 639944.0,
            "min": 588980.0,
            "max": 639944.0,
            "count": 52
        },
        "FlappyBird.Policy.ExtrinsicValueEstimate.mean": {
            "value": 0.19738832116127014,
            "min": -0.014517958275973797,
            "max": 0.19738832116127014,
            "count": 52
        },
        "FlappyBird.Policy.ExtrinsicValueEstimate.sum": {
            "value": 4.539931297302246,
            "min": -0.3629489541053772,
            "max": 4.539931297302246,
            "count": 52
        },
        "FlappyBird.Environment.CumulativeReward.mean": {
            "value": 0.389999994635582,
            "min": -0.8363636244427074,
            "max": 1.4047618820553733,
            "count": 51
        },
        "FlappyBird.Environment.CumulativeReward.sum": {
            "value": 7.799999892711639,
            "min": -9.199999868869781,
            "max": 29.499999523162842,
            "count": 51
        },
        "FlappyBird.Policy.ExtrinsicReward.mean": {
            "value": 0.389999994635582,
            "min": -0.8363636244427074,
            "max": 1.4047618820553733,
            "count": 51
        },
        "FlappyBird.Policy.ExtrinsicReward.sum": {
            "value": 7.799999892711639,
            "min": -9.199999868869781,
            "max": 29.499999523162842,
            "count": 51
        },
        "FlappyBird.IsTraining.mean": {
            "value": 1.0,
            "min": 1.0,
            "max": 1.0,
            "count": 52
        },
        "FlappyBird.IsTraining.sum": {
            "value": 1.0,
            "min": 1.0,
            "max": 1.0,
            "count": 52
        },
        "FlappyBird.Losses.PolicyLoss.mean": {
            "value": 0.0755101297205935,
            "min": 0.05539451675334325,
            "max": 0.08352078198610495,
            "count": 24
        },
        "FlappyBird.Losses.PolicyLoss.sum": {
            "value": 0.0755101297205935,
            "min": 0.05539451675334325,
            "max": 0.08352078198610495,
            "count": 24
        },
        "FlappyBird.Losses.ValueLoss.mean": {
            "value": 0.12759002018719912,
            "min": 0.06855146084276456,
            "max": 0.15684765887757143,
            "count": 24
        },
        "FlappyBird.Losses.ValueLoss.sum": {
            "value": 0.12759002018719912,
            "min": 0.06855146084276456,
            "max": 0.15684765887757143,
            "count": 24
        },
        "FlappyBird.Policy.LearningRate.mean": {
            "value": 6.0187204937624994e-05,
            "min": 6.0187204937624994e-05,
            "max": 7.823332392224997e-05,
            "count": 24
        },
        "FlappyBird.Policy.LearningRate.sum": {
            "value": 6.0187204937624994e-05,
            "min": 6.0187204937624994e-05,
            "max": 7.823332392224997e-05,
            "count": 24
        },
        "FlappyBird.Policy.Epsilon.mean": {
            "value": 0.12006237500000001,
            "min": 0.12006237500000001,
            "max": 0.12607775000000004,
            "count": 24
        },
        "FlappyBird.Policy.Epsilon.sum": {
            "value": 0.12006237500000001,
            "min": 0.12006237500000001,
            "max": 0.12607775000000004,
            "count": 24
        },
        "FlappyBird.Policy.Beta.mean": {
            "value": 0.00010830563749999999,
            "min": 0.00010830563749999999,
            "max": 0.00013778097499999998,
            "count": 24
        },
        "FlappyBird.Policy.Beta.sum": {
            "value": 0.00010830563749999999,
            "min": 0.00010830563749999999,
            "max": 0.00013778097499999998,
            "count": 24
        }
    },
    "metadata": {
        "timer_format_version": "0.1.0",
        "start_time_seconds": "1679867674",
        "python_version": "3.9.2 (default, Feb 28 2021, 17:03:44) \n[GCC 10.2.1 20210110]",
        "command_line_arguments": "/home/bears_bears/Unity_env/bin/mlagents-learn trainer_config_hardcore.yaml --run-id FlappyBird-v2-Obs9-4-newReward --resume",
        "mlagents_version": "0.30.0",
        "mlagents_envs_version": "0.30.0",
        "communication_protocol_version": "1.5.0",
        "pytorch_version": "1.11.0+cu102",
        "numpy_version": "1.21.2",
        "end_time_seconds": "1679867873"
    },
    "total": 198.8238589859975,
    "count": 1,
    "self": 0.00698116698913509,
    "children": {
        "run_training.setup": {
            "total": 0.03327659900241997,
            "count": 1,
            "self": 0.03327659900241997
        },
        "TrainerController.start_learning": {
            "total": 198.78360122000595,
            "count": 1,
            "self": 0.06577197593287565,
            "children": {
                "TrainerController._reset_env": {
                    "total": 10.802107675997831,
                    "count": 1,
                    "self": 10.802107675997831
                },
                "TrainerController.advance": {
                    "total": 187.8044206270788,
                    "count": 1621,
                    "self": 0.0673244728895952,
                    "children": {
                        "env_step": {
                            "total": 162.57607143518544,
                            "count": 1621,
                            "self": 159.8056135500956,
                            "children": {
                                "SubprocessEnvManager._take_step": {
                                    "total": 2.738805700020748,
                                    "count": 1621,
                                    "self": 0.17071665100957034,
                                    "children": {
                                        "TorchPolicy.evaluate": {
                                            "total": 2.568089049011178,
                                            "count": 1101,
                                            "self": 2.568089049011178
                                        }
                                    }
                                },
                                "workers": {
                                    "total": 0.031652185069106054,
                                    "count": 1620,
                                    "self": 0.0,
                                    "children": {
                                        "worker_root": {
                                            "total": 198.60570715009817,
                                            "count": 1620,
                                            "is_parallel": true,
                                            "self": 44.7628900339696,
                                            "children": {
                                                "run_training.setup": {
                                                    "total": 0.0,
                                                    "count": 0,