{
    "name": "root",
    "gauges": {
        "FlappyBird.Policy.Entropy.mean": {
            "value": 0.13921689987182617,
            "min": 0.11118540912866592,
            "max": 0.14685645699501038,
            "count": 19
        },
        "FlappyBird.Policy.Entropy.sum": {
            "value": 147.56991577148438,
            "min": 82.25042724609375,
            "max": 154.18679809570312,
            "count": 19
        },
        "FlappyBird.Environment.EpisodeLength.mean": {
            "value": 267.5,
            "min": 34.0,
            "max": 299.0,
            "count": 19
        },
        "FlappyBird.Environment.EpisodeLength.sum": {
            "value": 535.0,
            "min": 34.0,
            "max": 1860.0,
            "count": 19
        },
        "FlappyBird.Step.mean": {
            "value": 199960.0,
            "min": 181957.0,
            "max": 199960.0,
            "count": 19
        },
        "FlappyBird.Step.sum": {
            "value": 199960.0,
            "min": 181957.0,
            "max": 199960.0,
            "count": 19
        },
        "FlappyBird.Policy.ExtrinsicValueEstimate.mean": {
            "value": 61.39418411254883,
            "min": 59.72996139526367,
            "max": 61.39418411254883,
            "count": 19
        },
        "FlappyBird.Policy.ExtrinsicValueEstimate.sum": {
            "value": 982.3069458007812,
            "min": 364.81646728515625,
            "max": 1214.3253173828125,
            "count": 19
        },
        "FlappyBird.Environment.CumulativeReward.mean": {
            "value": 286.70000076293945,
            "min": 35.599998474121094,
            "max": 292.93333371480304,
            "count": 19
        },
        "FlappyBird.Environment.CumulativeReward.sum": {
            "value": 573.4000015258789,
            "min": 35.599998474121094,
            "max": 1997.6000003814697,
            "count": 19
        },
        "FlappyBird.Policy.ExtrinsicReward.mean": {
            "value": 286.70000076293945,
            "min": 35.599998474121094,
            "max": 292.93333371480304,
            "count": 19
        },
        "FlappyBird.Policy.ExtrinsicReward.sum": {
            "value": 573.4000015258789,
            "min": 35.599998474121094,
            "max": 1997.6000003814697,
            "count": 19
        },
        "FlappyBird.IsTraining.mean": {
            "value": 1.0,
            "min": 1.0,
            "max": 1.0,
            "count": 19
        },
        "FlappyBird.IsTraining.sum": {
            "value": 1.0,
            "min": 1.0,
            "max": 1.0,
            "count": 19
        },
        "FlappyBird.Losses.PolicyLoss.mean": {
            "value": 0.43475610731790465,
            "min": 0.33610358694568276,
            "max": 0.4758327618862192,
            "count": 9
        },
        "FlappyBird.Losses.PolicyLoss.sum": {
            "value": 0.43475610731790465,
            "min": 0.33610358694568276,
            "max": 0.4758327618862192,
            "count": 9
        },
        "FlappyBird.Losses.ValueLoss.mean": {
            "value": 106.5614988009135,
            "min": 75.12103199958801,
            "max": 209.30655717849731,
            "count": 9
        },
        "FlappyBird.Losses.ValueLoss.sum": {
            "value": 106.5614988009135,
            "min": 75.12103199958801,
            "max": 209.30655717849731,
            "count": 9
        },
        "FlappyBird.Policy.LearningRate.mean": {
            "value": 2.2815992394999915e-06,
            "min": 2.2815992394999915e-06,
            "max": 2.479659173450001e-05,
            "count": 9
        },
        "FlappyBird.Policy.LearningRate.sum": {
            "value": 2.2815992394999915e-06,
            "min": 2.2815992394999915e-06,
            "max": 2.479659173450001e-05,
            "count": 9
        },
        "FlappyBird.Policy.Epsilon.mean": {
            "value": 0.10076050000000002,
            "min": 0.10076050000000002,
            "max": 0.10826550000000001,
            "count": 9
        },
        "FlappyBird.Policy.Epsilon.sum": {
            "value": 0.10076050000000002,
            "min": 0.10076050000000002,
            "max": 0.10826550000000001,
            "count": 9
        },
        "FlappyBird.Policy.Beta.mean": {
            "value": 4.7948949999999866e-05,
            "min": 4.7948949999999866e-05,
            "max": 0.00042244845000000017,
            "count": 9
        },
        "FlappyBird.Policy.Beta.sum": {
            "value": 4.7948949999999866e-05,
            "min": 4.7948949999999866e-05,
            "max": 0.00042244845000000017,
            "count": 9
        }
    },
    "metadata": {
        "timer_format_version": "0.1.0",
        "start_time_seconds": "1679711490",
        "python_version": "3.9.2 (default, Feb 28 2021, 17:03:44) \n[GCC 10.2.1 20210110]",
        "command_line_arguments": "/home/bears_bears/Unity_env/bin/mlagents-learn trainer_config_hardcore.yaml --run-id FlappyBird-v1-Obs9-2_maxStep1500 --time-scale 20 --resume",
        "mlagents_version": "0.30.0",
        "mlagents_envs_version": "0.30.0",
        "communication_protocol_version": "1.5.0",
        "pytorch_version": "1.11.0+cu102",
        "numpy_version": "1.21.2",
        "end_time_seconds": "1679711555"
    },
    "total": 64.57271175300048,
    "count": 1,
    "self": 0.010987584000758943,
    "children": {
        "run_training.setup": {
            "total": 0.05251792499984731,
            "count": 1,
            "self": 0.05251792499984731
        },
        "TrainerController.start_learning": {
            "total": 64.50920624399987,
            "count": 1,
            "self": 0.06178666397863708,
            "children": {
                "TrainerController._reset_env": {
                    "total": 15.318279113000244,
                    "count": 1,
                    "self": 15.318279113000244
                },
                "TrainerController.advance": {
                    "total": 48.91918495602113,
                    "count": 1939,
                    "self": 0.06381750199761882,
                    "children": {
                        "env_step": {
                            "total": 38.26326769005391,
                            "count": 1939,
                            "self": 32.74813941999673,
                            "children": {
                                "SubprocessEnvManager._take_step": {
                                    "total": 5.481092313029876,
                                    "count": 1939,
                                    "self": 0.24860227897988807,
                                    "children": {
                                        "TorchPolicy.evaluate": {
                                            "total": 5.232490034049988,
                                            "count": 1871,
                                            "self": 5.232490034049988
                                        }
                                    }
                                },
                                "workers": {
                                    "total": 0.034035957027299446,
                                    "count": 1939,
                                    "self": 0.0,
                                    "children": {
                                        "worker_root": {
                                            "total": 63.94663710393979,
                                            "count": 1939,
                                            "is_parallel": true,
                                            "self": 34.841020583926365,
                                            "children": {
                                                "run_training.setup": {
                                                    "total": 0.0,
                                                    "count": 0,
                                                    "is_parallel": true,