ydiffs;heights;distances;angles
0.3752603;3.198694;1.906746;11.1339
0.4513214;3.186526;1.692346;14.93234
0.4890338;3.859217;1.910295;14.35929
0.5315065;3.416924;1.983826;14.99843
0.5862886;3.570451;1.825248;17.80756
0.4576876;3.066302;2.251693;11.48962
0.49915;3.603823;1.601995;17.306
0.5046209;3.251034;1.836544;15.36382
0.5094354;4;1.791879;15.87057