ydiffs;heights;distances;angles
-0.004692749;4;3;-0.08962484
0.2496934;3.685117;3;4.757827
0.1169966;4;2.894652;2.314532
0.1750748;4;3;3.339895
0.2124732;4;3;4.051175
0.217132;3.734578;3;4.139698
-0.08418275;4;3;-1.60735
0.06886845;3.717465;3;1.31506
0.1313905;4;3;2.507771