ydiffs;heights;distances;angles
-0.1267009;3.783402;3;-2.418371
0.2111157;4;3;4.025377
0.36016;4;2.927892;7.012725
0.3019143;3.910759;3;5.746789
0.2413398;4;3;4.599346
0.2902406;3.893186;3;5.525989
0.3675355;4;3;6.984605
0.3547924;3.571421;3;6.744708
0.2901278;4;3;5.523855