ydiffs;heights;distances;angles
-0.001907513;4;3;-0.03643082
0.3303042;3.81592;3;6.28304
0.3597409;4;3;6.837895
0.2297236;4;3;4.378851
0.2439344;4;3;4.648576
0.3213106;3.727776;3;6.113276
0.2772609;4;3;5.280293
0.1733008;3.823377;3;3.306126
0.1884527;3.850085;3;3.594459