ydiffs;heights;distances;angles
-0.2370334;4;3;-4.517619
0.07147669;3.542362;2.989787;1.369506
0.03089578;3.362144;2.082553;0.8499509
-0.5015993;4;3;-9.492038
-0.06964763;4;3;-1.329933
-0.03318106;3.906562;3;-0.6336858
0.1129018;4;3;2.155248
0.03080687;3.880495;3;0.5883471
-0.4043851;3.842459;3;-7.676914