ydiffs;heights;distances;angles
-0.364708;3.293136;3;-6.931397
-1.089553;3.751128;2.791322;-21.32249
-1.189573;4;3;-21.62952
-0.09424564;4;3;-1.799367
-0.6431065;4;3;-12.09931
-3.108717;3.366615;3;-46.01959
-2.763324;4;3;-42.64842
-0.8758563;4;3;-16.27528
-1.96025;3.873298;3;-33.16127