ydiffs;heights;distances;angles
-3.080548;4;3;-45.75895
-1.885064;4;3;-32.1434
0.2646144;4;3;5.040718
-0.2597866;3.967412;3;-4.949212
-1.291469;4;3;-23.29137
-0.5441452;3.804766;3;-10.28064
0.2764834;3.806023;3;5.26557
-0.03533716;4;3;-0.6748587
-0.416542;4;3;-7.904827