ydiffs;heights;distances;angles
-0.09014741;4;3;-1.721171
-0.04761289;3.93447;3;-0.909263
0.06127202;4;3;1.170047
0.2488102;3.910589;3;4.741075
0.1984689;4;3;3.784962
0.075701;3.734732;3;1.445476
0.06880006;3.905902;2.178028;1.809271
0.3154824;3.869966;3;6.003206
0.2652307;4;3;5.052396