ydiffs;heights;distances;angles
0.038937;4;3;0.7436002
0.2921854;3.562636;3;5.562785
0.2654655;4;3;5.056846
0.280694;4;3;5.345298
0.3709671;3.664422;3;7.049166
0.3686406;3.759671;3;7.005398
0.2853741;4;3;5.433893
0.3288565;3.842075;3;6.255719
0.3469285;3.971931;3;6.596545