ydiffs;heights;distances;angles
0.07744347;3.782406;3;1.478733
0.2299995;3.948656;3;4.384091
0.3256968;3.899487;3;6.196084
0.2395866;4;3;4.566076
0.2671061;3.723357;3;5.087935
0.207227;3.829952;3;3.951466
0.2436403;4;3;4.642998
0.1692131;4;3;3.228311
0.2122773;4;3;4.047452