ydiffs;heights;distances;angles
-0.2525734;3.938636;3;-4.812448
0.1313314;4;3;2.506644
0.01361263;4;3;0.2599804
0.07147159;4;3;1.364749
-0.1020599;3.721769;3;-1.948448
0.009835677;4;3;0.1878469
-0.2325618;3.865663;3;-4.432738
-0.08382344;4;3;-1.600493
-0.4245969;3.744739;3;-8.0557