ydiffs;heights;distances;angles
-0.4763132;3.906696;3;-9.021607
-1.181678;4;2.881223;-22.30004
-0.7186519;4;3;-13.47139
-2.001549;4;3;-33.71054
-1.212483;3.96128;3;-22.00664
-2.773731;4;3;-42.75576
-2.077737;4;3;-34.70566
-2.269821;4;3;-37.11141
-2.658094;4;3;-41.54195