ydiffs;heights;distances;angles
-0.2024977;3.924969;3;-3.861564
0.02724444;4;3;0.5203161
-0.05516711;4;3;-1.053495
-1.34507;3.868597;3;-24.14939
-0.5647064;4;3;-10.66036
-0.2793306;3.984107;3;-5.319483
-0.3063507;4;3;-5.830657
-3.692711;3.80225;3;-50.9092
-2.389025;4;3;-38.53177