ydiffs;heights;distances;angles
-0.3929924;4;3;-7.463106
-0.948425;4;3;-17.54392
-0.372209;3.600286;3;-7.072526
-0.6231957;4;3;-11.73526
-0.1188119;4;3;-2.267956
-0.3712963;4;3;-7.055357
-0.02706025;4;3;-0.5167986
-0.1820723;3.977956;3;-3.473065
0.0504689;4;3;0.9637941