ydiffs;heights;distances;angles
-0.2193141;4;3;-4.181153
0.1700865;4;3;3.24494
0.08739764;4;2.907756;1.721606
0.1880709;4;3;3.587196
0.140639;3.797558;3;2.684042
0.227195;3.852309;3;4.330837
0.1827458;3.969796;3;3.48588
0.2554351;4;3;4.866713
0.2189261;3.235888;3;4.173782