ydiffs;heights;distances;angles
0.002764634;3.873776;3;0.0528006
0.2486748;4;3;4.738506
0.2189218;2.226177;2.059748;6.066944
-0.4213413;4;3;-7.994734
0.375535;3.978589;3;7.135078
0.3820404;3.653722;3;7.257371
0.2779698;4;3;5.293718
0.3540895;4;3;6.731468
0.2810456;4;3;5.351956