ydiffs;heights;distances;angles
-0.1386742;4;3;-2.646599
0.1919678;4;3;3.661323
0.300779;3.895431;3;5.725324
0.177357;3.675154;3;3.383331
0.2193018;4;3;4.180919
0.1459125;3.911902;3;2.78453
0.1909649;4;3;3.642246
0.09274568;3.865751;3;1.770748
0.1512696;4;3;2.886592