ydiffs;heights;distances;angles
-0.2794774;3.993027;3;-5.322265
0.04521326;4;3;0.8634443
-0.1565528;3.965308;3;-2.987228
-0.04446248;4;3;-0.8491086
-0.3146518;4;3;-5.987514
-0.1428116;3.849946;3;-2.725442
-0.5428059;3.635842;3;-10.25587
-0.2924485;4;3;-5.567762
-0.900639;4;3;-16.71044