ydiffs;heights;distances;angles
-1.836739;4;3;-31.4769
-0.229638;3.951647;3;-4.377226
-1.121279;4;3;-20.49371
-0.2953028;4;3;-5.621758
-0.5809019;4;3;-10.95879
-0.1447294;4;3;-2.761986
-0.3615731;3.55264;3;-6.87239
-0.03329602;3.7658;3;-0.635881
-0.1879497;4;3;-3.58489