ydiffs;heights;distances;angles
-0.05194393;4;3;-0.9919568
0.03572731;3.910865;2.97441;0.6881788
0.1357938;3.66933;3;2.591702
0.07943487;4;3;1.51674
0.1903224;4;3;3.630024
0.1333944;3.913605;3;2.545969
0.2238457;4;3;4.267231
0.1793972;4;3;3.42216
0.2526841;4;3;4.814548