ydiffs;heights;distances;angles
0.03080749;4;3;0.5883591
0.2833342;3.851712;3;5.395282
0.2950916;4;3;5.617763
0.3313497;3.799913;3;6.302767
0.2969574;4;3;5.653054
0.3787274;3.965642;3;7.195099
0.3272105;4;3;6.224655
0.3587304;4;3;6.81887
0.3225461;3.713337;3;6.136603