ydiffs;heights;distances;angles
0.02358665;4;3;0.4504625
0.228559;3.872934;3;4.356738
0.1351727;3.519427;2.02084;3.826776
-0.3922472;4;3;-7.449113
0.2333181;3.89944;3;4.447095
0.2375051;4;3;4.526572
0.1454588;3.603419;3;2.775885
0.1542607;4;3;2.94357
0.1335465;3.946723;3;2.548867