ydiffs;heights;distances;angles
-0.2575122;4;3;-4.906095
0.02876609;3.241797;2.905627;0.5672174
-0.03072066;4;3;-0.5867009
-0.08254843;3.989035;3;-1.576161
-0.1295225;4;3;-2.472163
-0.1996396;3.913601;3;-3.807223
-0.2717925;4;3;-5.176721
-0.3598159;4;3;-6.839308
-0.4652555;4;3;-8.815498