ydiffs;heights;distances;angles
-0.8772892;4;3;-16.30049
-1.412196;3.672359;3;-25.20786
-2.335911;4;3;-37.90564
-2.764918;4;3;-42.66489
0.7715972;4;3;14.4238
-0.2698706;4;3;-5.140313
-0.8277332;4;3;-15.42477
-0.7539602;3.996855;3;-14.10741
0.4403971;4;3;8.351316