ydiffs;heights;distances;angles
-0.9661804;3.999287;3;-17.85168
-1.098708;3.412954;3;-20.11454
-1.601614;4;3;-28.09648
-1.869551;4;3;-31.93049
-2.204536;4;3;-36.31013
-2.439691;4;3;-39.11906
-2.475189;3.929346;3;-39.52478
-2.176663;4;3;-35.96293
-1.748219;4;3;-30.23105