ydiffs;heights;distances;angles
-1.045726;3.835175;3;-19.21729
-0.2283066;4;3;-4.351946
0.1410237;3.828349;3;2.691374
-0.02572982;4;3;-0.4913913
0.01030979;3.628955;3;0.1969017
0.07724187;4;3;1.474885
0.09685862;4;3;1.849221
0.1206766;4;3;2.303511
0.1474788;3.852607;3;2.814371