ydiffs;heights;distances;angles
0.01668563;4;3;0.3186688
0.2095149;3.557411;3;3.994953
0.2543606;3.799898;3;4.846338
0.252396;4;3;4.809083
0.2670666;3.753233;3;5.087186
0.2850412;4;3;5.427592
0.297606;4;3;5.665319
0.3125679;4;3;5.948147
0.3295518;3.63501;3;6.268841