ydiffs;heights;distances;angles
-0.06825204;4;3;-1.303293
0.2522778;4;3;4.806841
0.3226063;3.885303;3;6.13774
0.2566603;4;3;4.889943
0.239015;3.552217;3;4.555227
0.2323159;4;3;4.428069
0.2125567;3.996041;3;4.052762
0.1918243;3.981564;3;3.658593
0.173384;4;2.68588;3.693541