ydiffs;heights;distances;angles
-0.1100897;4;3;-2.101615
0.06177361;4;3;1.179622
0.05260664;3.451136;3;1.00461
-0.1646132;3.764328;1.888218;-4.9824
-0.1195164;3.774232;3;-2.281389
-0.07604802;4;3;-1.452099
-0.1304345;3.995879;3;-2.489547
-0.1942826;3.650259;3;-3.705349
-0.2674652;3.828123;3;-5.094739