ydiffs;heights;distances;angles
-0.6631684;4;3;-12.46513
-0.6582351;4;3;-12.37526
-0.9443572;4;3;-17.47326
-1.133474;4;3;-20.6978
-1.390768;3.901486;3;-24.87194
-1.721546;4;3;-29.8493
-2.045798;3.931912;3;-34.29136
-2.31416;4;3;-37.64611
-2.403657;4;3;-38.70237