ydiffs;heights;distances;angles
-1.710213;4;3;-29.68621
-1.058492;4;3;-19.4344
-1.065805;3.74806;3;-19.55852
-0.7936944;4;3;-14.81893
-0.5998555;4;3;-11.30728
-0.4857764;3.886703;3;-9.197811
-0.3783953;4;3;-7.188855
-0.2832027;4;3;-5.392793
-0.2102934;4;3;-4.009749