ydiffs;heights;distances;angles
-0.1997328;4;3;-3.808994
0.04548575;4;3;0.8686473
0.009452358;3.663049;3;0.1805261
0.05895916;4;3;1.125892
0.09862294;3.633962;3;1.882881
0.1183031;4;3;2.258252
0.03993196;3.149093;2.211579;1.034412
0.1930413;4;3;3.681742
0.1956269;3.850581;3;3.730917