ydiffs;heights;distances;angles
-0.03689209;4;3;-0.7045514
0.2389472;4;3;4.553941
0.2918252;3.553689;3;5.55597
0.282388;4;3;5.377369
0.2976769;3.922046;3;5.66666
0.3195271;4;3;6.079597
0.3372295;3.931279;3;6.413686
0.3690548;4;3;7.013191
0.3674074;4;3;6.982195