ydiffs;heights;distances;angles
-0.07013825;4;3;-1.339298
0.322885;3.886756;3;6.143003
0.424046;3.789796;3;8.045384
0.3639007;4;3;6.916202
0.3637453;3.909773;3;6.913277
0.3487526;4;3;6.63092
0.3566439;4;3;6.779579
0.3602596;3.731881;3;6.847661
0.3602058;4;3;6.846648