ydiffs;heights;distances;angles
-0.3510153;4;3;-6.673555
0.3299256;3.896705;3;6.275895
0.1359109;4;3;2.593934
0.04366882;4;3;0.8339542
0.06046113;4;3;1.154566
0.3053232;3.335086;3;5.811235
0.2020957;4;3;3.853921
0.1555334;3.9821;3;2.967812
0.1593119;4;3;3.039778