ydiffs;heights;distances;angles
0.08536351;4;3;1.629883
0.3242765;4;3;6.169272
0.344499;3.27158;3;6.550753
0.3353635;4;3;6.378489
0.3425601;3.94765;3;6.514203
0.3490015;4;3;6.63561
0.3512795;3.802239;3;6.678533
0.3539506;4;3;6.728851
0.3566608;3.634965;3;6.779897