ydiffs;heights;distances;angles
0.2368515;4;3;4.514166
0.3670854;4;3;6.976137
0.2170144;3.109183;3;4.137463
0.3098132;4;3;5.896095
0.3385143;3.864727;3;6.437915
0.329474;4;3;6.267374
0.3393565;3.84757;3;6.453797
0.3360217;3.689906;3;6.390904
0.3203751;4;3;6.095612