ydiffs;heights;distances;angles
0.04362722;3.8188;3;0.8331598
0.161995;4;3;3.090875
0.06821198;4;3;1.302528
-2.401328;3.859304;3;-38.67527
1.198518;4;3;21.77701
0.6522954;4;3;12.26699
0.1226554;4;3;2.341243
0.3763301;3.714539;3;7.150028
0.4046361;3.976769;3;7.681622