ydiffs;heights;distances;angles
0.1612446;4;3;3.076584
0.3399063;4;2.62012;7.391661
0.3824777;3.70895;3;7.265589
0.3633374;4;3;6.9056
0.3695713;3.839932;3;7.022908
0.3721956;4;3;7.072274
0.3692389;3.65598;3;7.016655
0.3705213;4;3;7.04078
0.3696754;4;3;7.024866