ydiffs;heights;distances;angles
0.1545742;4;3;2.949542
0.3315857;4;3;6.307219
0.4019783;4;3;7.631763
0.3340074;3.418932;1.990907;9.523622
0.1768489;3.656347;3;3.373661
0.3356294;4;3;6.383505
0.3868446;4;3;7.347643
0.350269;4;3;6.659493
0.353601;4;3;6.722267