ydiffs;heights;distances;angles
0.1124171;3.569411;3;2.146005
0.3262157;3.519204;2.649389;7.019421
0.3879926;4;3;7.369207
0.3043355;3.941842;3;5.792563
0.3327731;4;3;6.329622
0.3453816;3.967795;3;6.56739
0.3415368;4;2.402817;8.08984
0.3214028;4;3;6.115017
0.3410769;3.902634;3;6.486238