ydiffs;heights;distances;angles
-0.06097338;3.957379;3;-1.164346
0.244271;4;2.921086;4.780143
0.3376019;4;3;6.420709
0.2995919;4;3;5.702877
0.3110974;3.989916;3;5.920361
0.3263721;4;3;6.208829
0.3262667;4;3;6.20684
0.3315548;4;3;6.306637
-4.790798;3.700297;3;-57.94518