ydiffs;heights;distances;angles
-0.01454592;4;3;-0.2778045
0.2519967;4;2.930928;4.914118
0.1765655;3.944376;3;3.368268
0.2350281;4;3;4.479556
0.2746693;3.830483;3;5.231214
0.2760641;3.933258;3;5.257628
0.1995322;4;2.08957;5.454611
0.1841058;4;3;3.511757
0.1441831;4;3;2.751577