ydiffs;heights;distances;angles
-0.6107751;4;3;-11.50767
-1.741047;4;3;-30.1287
1.099652;4;3;20.13044
0.5349442;4;3;10.11042
0.1265393;4;3;2.415291
0.3450433;3.785171;3;6.561013
0.3571349;4;3;6.788826
0.2976812;3.870879;3;5.666743
0.2989943;4;3;5.691575