ydiffs;heights;distances;angles
0.1456871;3.648988;3;2.780234
0.3165468;3.514055;3;6.02331
0.3816344;4;3;7.249741
0.3542647;4;3;6.734768
0.3459515;3.882847;3;6.578131
0.3500097;4;3;6.654609
0.34596;3.881514;3;6.578291
0.3834776;4;3;7.28438
0.3705291;4;3;7.040926