ydiffs;heights;distances;angles
0.02033286;4;3;0.388323
0.2015695;4;3;3.843916
0.3777678;4;3;7.177058
0.3036581;3.975742;3;5.779757
0.275564;4;3;5.248158
0.2834778;3.460493;3;5.398
0.3987537;4;3;7.571255
0.3406127;4;3;6.477485
0.3185257;4;3;6.060686