ydiffs;heights;distances;angles
0.08748877;3.977119;3;1.670439
0.3230408;4;3;6.145944
0.398328;3.762941;3;7.563266
0.3607444;4;3;6.856787
0.3346574;4;3;6.365171
0.3453034;4;2.867592;6.866259
0.3566295;4;3;6.779307
0.3483757;3.697047;3;6.623819
0.3644758;4;3;6.927027