ydiffs;heights;distances;angles
0.1242977;3.881268;3;2.372554
0.2515836;3.469141;3;4.793677
0.3360684;4;3;6.391786
0.3403879;4;3;6.473247
0.3150253;4;3;5.994571
0.3398148;3.715929;3;6.46244
0.3313921;4;3;6.303567
0.3466654;3.948285;3;6.591586
0.3386728;4;3;6.440905