ydiffs;heights;distances;angles
0.001960029;3.947011;3;0.03743379
0.2337772;4;3;4.455811
0.3217332;3.810958;3;6.121256
0.274501;4;3;5.228025
0.3129378;3.902647;3;5.955134
0.2996607;4;3;5.704178
-1.249075;4;3;-22.60481
-2.670578;3.698667;3;-41.67525
0.8336062;4;3;15.52895