ydiffs;heights;distances;angles
-0.243776;3.860588;3;-4.645572
0.2728748;4;3;5.197223
0.1609927;3.792449;3;3.071788
0.1152729;3.955781;3;2.200467
0.2106051;4;3;4.015673
-0.07763492;4;3;-1.482387
0.1171562;4;3;2.236382
-0.6751486;4;3;-12.68309
-0.05190098;4;3;-0.9911368