ydiffs;heights;distances;angles
-0.03099043;3.767652;3;-0.5918527
0.1716499;3.959689;3;3.274701
0.2791932;3.706453;3;5.316882
0.4011611;4;3;7.616431
0.3466828;4;3;6.591915
0.3258495;4;3;6.198966
0.347501;3.8446;3;6.607335
0.3264722;4;3;6.210719
0.3342839;3.964981;3;6.358125