ydiffs;heights;distances;angles
0.1439979;3.925238;3;2.748048
0.3353094;4;3;6.377468
0.3819915;4;3;7.256452
0.3634962;4;3;6.908589
0.3494794;3.29623;3;6.644617
0.3604302;4;3;6.850873
0.3504058;3.975705;3;6.662071
0.3544854;3.725865;3;6.738924
0.3305803;3.897917;3;6.288249