ydiffs;heights;distances;angles
0.06269312;3.822809;3;1.197176
0.3207662;3.991377;3;6.102997
0.3818228;4;3;7.253281
0.3661095;4;2.857511;7.301064
0.3455439;3.834388;3;6.570448
0.2588399;3.674854;3;4.931265
0.2797044;4;3;5.326561
0.3256067;4;3;6.194383
0.2971472;3.685426;3;5.656644