ydiffs;heights;distances;angles
-0.043843;4;3;-0.83728
0.1924127;4;3;3.669785
0.2822192;4;3;5.374174
0.2324318;4;3;4.43027
0.2879069;3.648713;3;5.481828
0.2643713;4;3;5.03611
-2.466726;4;3;-39.42848
-3.930965;3.988269;3;-52.65017
0.7688879;4;3;14.37525