ydiffs;heights;distances;angles
-0.4218565;3.823256;3;-8.004383
0.2573661;4;3;4.903325
0.01863931;4;2.992211;0.3569067
0.07347995;3.984638;3;1.403083
0.1750624;4;3;3.339658
-0.1868864;3.525069;3;-3.564661
0.04663729;4;3;0.8906349
-0.7220281;3.991694;3;-13.53235
-0.14339;4;3;-2.736465