ydiffs;heights;distances;angles
0.8880085;4;3;16.4889
0.5173996;3.444621;3;9.785341
0.02982304;4;3;0.5695594
0.2969858;4;3;5.653591
0.242724;4;3;4.625611
0.2312052;4;3;4.406983
0.140958;4;3;2.690122
0.2117101;4;3;4.036673
0.4126298;4;3;7.831511