ydiffs;heights;distances;angles
0.07133813;4;3;1.362201
0.2630619;4;3;5.011295
0.2248918;4;3;4.287099
0.2091717;3.44327;3;3.98843
0.2849347;4;3;5.425577
0.2460958;4;3;4.689583
0.112681;4;3;2.151037
0.1275395;4;3;2.43436
0.2431813;4;3;4.634288