ydiffs;heights;distances;angles
0.1049237;3.84921;3;2.003078
0.2720585;3.953137;3;5.181761
0.2341891;3.25969;2.220002;6.021887
-0.286445;4;3;-5.454161
0.3376821;3.695256;2.97265;6.480808
0.434157;3.81051;3;8.234618
0.3490704;4;3;6.636908
0.3439512;3.855707;3;6.540427
0.3670294;4;3;6.975083