ydiffs;heights;distances;angles
0.1309095;4;3;2.498603
0.3096722;3.556458;3;5.893431
0.3604221;4;3;6.85072
0.3430857;4;3;6.524111
0.3152674;3.454622;3;5.999145
0.3352309;4;3;6.375988
0.3732523;3.980608;3;7.092148
0.3688117;4;3;7.008617
0.335929;4;3;6.389156