ydiffs;heights;distances;angles
-0.0003806933;3.732001;3;-0.007270707
0.2186839;4;3;4.16918
0.3066787;3.947224;3;5.836856
0.335586;4;3;6.382686
0.3185495;3.969903;3;6.061135
0.2883467;4;3;5.490152
0.3118926;3.924276;3;5.935387
0.09971099;4;3;1.903639
0.1983611;4;3;3.782912