ydiffs;heights;distances;angles
0.07406122;4;3;1.414178
0.2657569;3.954888;3;5.062369
0.1956628;4;3;3.731599
0.2403732;3.798733;3;4.581004
-1.27061;3.811743;3;-22.95444
-0.3241296;4;3;-6.166499
-3.788148;3.315;1.655327;-66.39586
-0.8294474;4;3;-15.45519
0.976727;4;3;18.03399