ydiffs;heights;distances;angles
-0.1726398;4;3;-3.293544
-0.08791443;3.784637;3;-1.678562
-0.3928069;3.96305;3;-7.459623
0.2051623;4;3;3.91222
-0.0266079;3.724119;3;-0.5081602
-2.649794;4;3;-41.45303
-3.705914;4;3;-51.00924
0.5699067;4;3;10.75625
-0.9611995;4;3;-17.76545