ydiffs;heights;distances;angles
0.03483703;4;3;0.6653084
0.2209751;3.881882;2.676198;4.720236
0.07836129;3.762535;3;1.49625
0.05856075;4;2.998785;1.118739
0.2541601;3.684977;3;4.842536
0.1571725;4;3;2.999032
0.3763224;3.938096;3;7.149882
0.3196999;4;3;6.082861
0.3194672;3.953183;3;6.078468