ydiffs;heights;distances;angles
-0.04388436;3.884125;3;-0.8380698
0.2873806;3.473328;3;5.471869
0.3270264;4;3;6.22118
0.3735545;4;3;7.097833
0.3449531;3.819459;3;6.559311
0.3660007;4;3;6.955726
0.3572267;3.865554;3;6.790554
0.3232661;4;3;6.150198
0.3278885;3.61483;3;6.23745