ydiffs;heights;distances;angles
0.05324424;4;3;1.016783
0.2976206;4;3;5.665597
0.3374225;3.846912;3;6.417325
0.3198991;4;3;6.086624
0.3636853;3.922417;3;6.912148
0.3650724;4;3;6.938255
0.3262586;3.624768;3;6.206687
0.3466336;4;3;6.590988
0.2196444;4;3;4.187428