ydiffs;heights;distances;angles
-0.04443244;4;3;-0.848535
0.3056832;4;3;5.818039
0.3367936;3.662019;3;6.405465
0.259192;4;3;4.93794
0.2902614;4;3;5.526383
0.02240488;4;3;0.4278937
0.1491337;4;3;2.845901
-0.02875977;4;3;-0.5492542
0.07921842;3.846516;3;1.512609