ydiffs;heights;distances;angles
-0.1300109;4;3;-2.481473
0.1823972;3.280532;3;3.479246
-1.890527;3.864943;3;-32.21814
-0.602803;4;3;-11.3614
-3.708796;3.978912;3;-51.03103
-2.028233;4;3;-34.06174
0.9117827;3.567117;3;16.90547
0.04002625;4;3;0.7643996
-0.873542;3.934949;3;-16.23454