ydiffs;heights;distances;angles
-0.2242612;4;3;-4.275122
0.1722368;4;3;3.285872
0.07956987;3.80921;3;1.519316
-0.3068066;4;3;-5.839274
-0.2884229;4;3;-5.491593
0.09170439;4;3;1.75088
-0.1119535;3.84938;3;-2.137162
-0.9312009;3.976579;3;-17.24436
-0.9604208;4;3;-17.75196