ydiffs;heights;distances;angles
-3.026269;4;3;-45.24976
-3.342853;3.988962;2.95121;-48.5606
0.4912249;4;3;9.299184
-0.9037638;3.845773;3;-16.76517
0.4945649;3.899235;3;9.361296
0.3154835;4;3;6.003225
0.1651174;3.427411;3;3.150331
0.2222895;4;3;4.237673
0.04851646;3.754708;3;0.9265154