ydiffs;heights;distances;angles
-0.1615093;4;3;-3.081626
0.3856759;3.685911;3;7.325685
0.3232504;4;3;6.149901
0.30375;3.639442;3;5.781496
0.3122275;4;3;5.941714
0.2542267;3.823371;3;4.8438
0.2527117;4;3;4.81507
0.3096488;3.772999;3;5.892989
0.2787729;4;3;5.308925