ydiffs;heights;distances;angles
0.08611297;4;3;1.644185
0.3142463;3.932858;3;5.979856
0.3477647;4;3;6.612304
0.3188764;4;3;6.06731
0.3452283;4;3;6.564499
0.3349419;3.833937;3;6.370536
0.3251174;3.866693;3;6.185146
0.3197947;4;3;6.084651
0.312923;4;3;5.954855