ydiffs;heights;distances;angles
0.1515208;4;3;2.891378
0.2674172;3.906001;3;5.09383
0.2856384;4;3;5.438895
0.26698;3.639513;3;5.085544
0.04064313;4;3;0.7761792
0.06155802;3.629535;3;1.175506
0.03813316;4;3;0.7282504
-0.03783569;4;3;-0.7225701
0.3236775;4;3;6.157964