ydiffs;heights;distances;angles
-0.06422458;3.911502;3;-1.226412
-1.162484;3.965522;3;-21.18108
-1.313659;3.768684;3;-23.64796
-1.93516;3.704734;3;-32.82418
-2.961195;4;3;-44.62703
0.9754144;4;3;18.01132
-0.03846835;4;3;-0.7346511
-0.6272736;4;3;-11.8099
-0.5006878;4;3;-9.475103