ydiffs;heights;distances;angles
-2.809687;4;3;-43.12378
-2.706477;4;3;-42.05549
-0.5916837;4;3;-11.15713
-1.641439;4;3;-28.68512
-1.969578;4;3;-33.28594
-1.02974;4;3;-18.94462
-3.135236;4;3;-46.26274
-2.330574;3.774661;3;-37.84213
0.3863592;4;3;7.338522