ydiffs;heights;distances;angles
-0.2378031;4;3;-4.532227
0.2692271;3.877655;2.917376;5.27255
0.1021307;4;3;1.9498
-0.0664909;4;3;-1.269675
0.08100481;4;3;1.546702
0.2567851;3.863926;3;4.892309
0.2012705;4;3;3.838232
0.087147;3.798869;3;1.663917
0.1690945;4;3;3.226054