{"count":1,"self":62.751961599999994,"total":4254.3672956,"children":{"InitializeActuators":{"count":130,"self":0.0019935,"total":0.0019935,"children":null},"InitializeSensors":{"count":130,"self":0.0191295,"total":0.0191295,"children":null},"AgentInfo.ToProto":{"count":7137,"self":0.0277807,"total":0.5949814,"children":{"GenerateSensorData":{"count":7137,"self":0.1079589,"total":0.5672007,"children":{"GridSensor.GetCompressedObservation":{"count":3536,"self":0.44641739999999996,"total":0.44641739999999996,"children":null},"RayPerceptionSensor.Perceive":{"count":3536,"self":0.0128244,"total":0.0128244,"children":null}}}}},"AgentSendState":{"count":18842,"self":13.342008799999999,"total":586.433368,"children":{"GridSensor.Update":{"count":244985,"self":531.5977216,"total":531.5976967,"children":null},"CollectObservations":{"count":271624,"self":1.1637935,"total":1.1637935,"children":null},"WriteActionMask":{"count":271624,"self":0.26628219999999997,"total":0.26628219999999997,"children":null},"RequestDecision":{"count":271624,"self":0.6780587,"total":40.0635871,"children":{"AgentInfo.ToProto":{"count":271624,"self":1.0856997,"total":39.3855284,"children":{"GenerateSensorData":{"count":271624,"self":5.9657215999999993,"total":38.2998287,"children":{"GridSensor.GetCompressedObservation":{"count":244985,"self":31.4778976,"total":31.4778968,"children":null},"RayPerceptionSensor.Perceive":{"count":244985,"self":0.8562105,"total":0.8562105,"children":null}}}}}}}}},"DecideAction":{"count":18842,"self":3600.4339711999996,"total":3600.4338417,"children":null},"AgentAct":{"count":18842,"self":4.1075735999999994,"total":4.1075735999999994,"children":null}},"gauges":{"Generator.CumulativeReward":{"count":3601,"max":13.9400654,"min":-13.3000507,"runningAverage":0.734557331,"value":-12.5600395,"weightedAverage":-8.400634},"Solver.CumulativeReward":{"count":3536,"max":5.940018,"min":-0.680000663,"runningAverage":3.80047274,"value":4.559997,"weightedAverage":2.690389}},"metadata":{"timer_format_version":"0.1.0","start_time_seconds":"1683636024","unity_version":"2022.2.11f1","command_line_arguments":"Z:\\Git\\Flappy_bird\\Builds\\Windows\\Curr42\\Flappy_bird.exe -nographics -batchmode --mlagents-port 5014 -logFile Z:\\Git\\Flappy_bird\\TrainerConfig\\results\\Curr42\\run_logs\\Player-9.log","communication_protocol_version":"1.5.0","com.unity.ml-agents_version":"2.0.1","scene_name":"Unit_test_Solver_Generator","end_time_seconds":"1683640277"}}