{"count":1,"self":75.403808,"total":4553.5118985,"children":{"InitializeActuators":{"count":130,"self":0.0049872,"total":0.0049872,"children":null},"InitializeSensors":{"count":130,"self":0.026929099999999997,"total":0.026929099999999997,"children":null},"AgentInfo.ToProto":{"count":15827,"self":0.038113299999999996,"total":1.2130424,"children":{"GenerateSensorData":{"count":15827,"self":0.2585299,"total":1.1749291,"children":{"GridSensor.GetCompressedObservation":{"count":7881,"self":0.88546759999999991,"total":0.88546759999999991,"children":null},"RayPerceptionSensor.Perceive":{"count":7881,"self":0.0309316,"total":0.0309316,"children":null}}}}},"AgentSendState":{"count":27046,"self":16.2211104,"total":727.8836593,"children":{"GridSensor.Update":{"count":351650,"self":657.19552,"total":657.1955144,"children":null},"CollectObservations":{"count":385108,"self":1.5654051999999998,"total":1.5654051999999998,"children":null},"WriteActionMask":{"count":385108,"self":0.3462857,"total":0.3462857,"children":null},"RequestDecision":{"count":385108,"self":0.9548059,"total":52.555343699999995,"children":{"AgentInfo.ToProto":{"count":385108,"self":1.4738453999999999,"total":51.6005378,"children":{"GenerateSensorData":{"count":385108,"self":7.9648328,"total":50.126692399999996,"children":{"GridSensor.GetCompressedObservation":{"count":351650,"self":41.0594592,"total":41.0594596,"children":null},"RayPerceptionSensor.Perceive":{"count":351650,"self":1.1024003,"total":1.1024003,"children":null}}}}}}}}},"DecideAction":{"count":27046,"self":3744.016384,"total":3744.0162714,"children":null},"AgentAct":{"count":27046,"self":4.9582172,"total":4.9582172,"children":null}},"gauges":{"Generator.CumulativeReward":{"count":7946,"max":17.7200756,"min":-13.370039,"runningAverage":2.29781318,"value":-1.81999922,"weightedAverage":-1.794036},"Solver.CumulativeReward":{"count":7881,"max":6.190024,"min":-1.60000038,"runningAverage":1.69628131,"value":0.2199992,"weightedAverage":0.159286082}},"metadata":{"timer_format_version":"0.1.0","start_time_seconds":"1683659516","unity_version":"2022.2.11f1","command_line_arguments":"Z:\\Git\\Flappy_bird\\Builds\\Windows\\Curr42\\Flappy_bird.exe -nographics -batchmode --mlagents-port 5006 -logFile Z:\\Git\\Flappy_bird\\TrainerConfig\\results\\Curr42b\\run_logs\\Player-1.log","communication_protocol_version":"1.5.0","com.unity.ml-agents_version":"2.0.1","scene_name":"Unit_test_Solver_Generator","end_time_seconds":"1683664069"}}