{
    "name": "root",
    "gauges": {
        "Solver.Policy.Entropy.mean": {
            "value": 0.1566939651966095,
            "min": 0.12811113893985748,
            "max": 0.2431432455778122,
            "count": 6126
        },
        "Solver.Policy.Entropy.sum": {
            "value": 152.776611328125,
            "min": 8.327223777770996,
            "max": 3729.8173828125,
            "count": 6126
        },
        "Solver.Score.mean": {
            "value": 6.111111111111111,
            "min": 0.044382801664355064,
            "max": 10.0,
            "count": 6115
        },
        "Solver.Score.sum": {
            "value": 110.0,
            "min": 8.0,
            "max": 847.0,
            "count": 6115
        },
        "Solver.Episode.mean": {
            "value": 1.0,
            "min": 1.0,
            "max": 1.0,
            "count": 4967
        },
        "Solver.Episode.sum": {
            "value": 1.0,
            "min": 1.0,
            "max": 1.0,
            "count": 4967
        },
        "Solver.Environment.LessonNumber.aux_input.mean": {
            "value": 4.0,
            "min": 0.0,
            "max": 4.0,
            "count": 6121
        },
        "Solver.Environment.LessonNumber.aux_input.sum": {
            "value": 4.0,
            "min": 0.0,
            "max": 4.0,
            "count": 6121
        },
        "Solver.Environment.EpisodeLength.mean": {
            "value": 51.388888888888886,
            "min": 13.098591549295774,
            "max": 78.88461538461539,
            "count": 6116
        },
        "Solver.Environment.EpisodeLength.sum": {
            "value": 925.0,
            "min": 66.0,
            "max": 6511.0,
            "count": 6116
        },
        "Solver.Step.mean": {
            "value": 6138980.0,
            "min": 976.0,
            "max": 6138980.0,
            "count": 6139
        },
        "Solver.Step.sum": {
            "value": 6138980.0,
            "min": 976.0,
            "max": 6138980.0,
            "count": 6139
        },
        "Solver.Policy.ExtrinsicValueEstimate.mean": {
            "value": 1.8111588954925537,
            "min": 1.2785987854003906,
            "max": 2.268153429031372,
            "count": 6139
        },
        "Solver.Policy.ExtrinsicValueEstimate.sum": {
            "value": 47.09012985229492,
            "min": 32.59601974487305,
            "max": 126.65597534179688,
            "count": 6139
        },
        "Solver.Environment.CumulativeReward.mean": {
            "value": 2.4814284140510217,
            "min": 0.6744285455771855,
            "max": 3.9422639372213832,
            "count": 6114
        },
        "Solver.Environment.CumulativeReward.sum": {
            "value": 34.739997796714306,
            "min": 2.9499995708465576,
            "max": 275.99998581409454,
            "count": 6114
        },
        "Solver.Policy.ExtrinsicReward.mean": {
            "value": 2.4814284140510217,
            "min": 0.6744285455771855,
            "max": 3.9422639372213832,
            "count": 6114
        },
        "Solver.Policy.ExtrinsicReward.sum": {
            "value": 34.739997796714306,
            "min": 2.9499995708465576,
            "max": 275.99998581409454,
            "count": 6114
        },
        "Solver.IsTraining.mean": {
            "value": 0.0,
            "min": 0.0,
            "max": 0.0,
            "count": 6139
        },
        "Solver.IsTraining.sum": {
            "value": 0.0,
            "min": 0.0,
            "max": 0.0,
            "count": 6139
        }
    },
    "metadata": {
        "timer_format_version": "0.1.0",
        "start_time_seconds": "1684084441",
        "python_version": "3.9.13 (tags/v3.9.13:6de2ca5, May 17 2022, 16:36:42) [MSC v.1929 64 bit (AMD64)]",
        "command_line_arguments": "C:\\Users\\Kevinn\\test_ml_env\\Scripts\\mlagents-learn inference.yaml --num-envs=10 --run-id=InferenceNoCurr_PCG_2 --env=Z:\\Git\\Flappy_bird\\Builds\\Windows\\InferenceNoCurr\\Flappy_bird.exe --no-graphics --torch-device=cuda --time-scale=1 --inference --initialize-from=PCG_2",
        "mlagents_version": "0.30.0",
        "mlagents_envs_version": "0.30.0",
        "communication_protocol_version": "1.5.0",
        "pytorch_version": "2.0.1+cu118",
        "numpy_version": "1.21.2",
        "end_time_seconds": "1684087968"
    },
    "total": 3526.2991469,
    "count": 1,
    "self": 2.908261599999605,
    "children": {
        "run_training.setup": {
            "total": 2.1133225999999996,
            "count": 1,
            "self": 2.1133225999999996
        },
        "TrainerController.start_learning": {
            "total": 3521.2775627,
            "count": 1,
            "self": 7.348126799969577,
            "children": {
                "TrainerController._reset_env": {
                    "total": 6.6264726,
                    "count": 1,
                    "self": 6.6264726
                },
                "TrainerController.advance": {
                    "total": 3507.3029180000303,
                    "count": 118231,
                    "self": 8.84655129996645,
                    "children": {
                        "env_step": {
                            "total": 3498.456366700064,
                            "count": 118231,
                            "self": 2453.8157082000944,
                            "children": {
                                "SubprocessEnvManager._take_step": {
                                    "total": 1040.4167066999607,
                                    "count": 169220,
                                    "self": 15.974590199954719,
                                    "children": {
                                        "TorchPolicy.evaluate": {
                                            "total": 1024.442116500006,
                                            "count": 94740,
                                            "self": 1024.442116500006
                                        }
                                    }
                                },
                                "workers": {
                                    "total": 4.223951800008759,
                                    "count": 118230,
                                    "self": 0.0,
                                    "children": {
                                        "worker_root": {
                                            "total": 35158.72864339985,
                                            "count": 169210,
                                            "is_parallel": true,
                                            "self": 4597.7886954994465,
                                            "children": {
                                                "steps_from_proto": {
                                                    "total": 0.313349399999999,
                                                    "count": 10,
                                                    "is_parallel": true,
                                                    "self": 0.003885200000000033,
                                                    "children": {
                                                        "_process_maybe_compressed_observation": {
                                                            "total": 0.29511749999999726,
                                                            "count": 20,
                                                            "is_parallel": true,
                                                            "self": 0.012793499999989244,