{
    "name": "root",
    "gauges": {
        "Solver.Policy.Entropy.mean": {
            "value": 0.0012053062673658133,
            "min": -1.192088632251398e-07,
            "max": 0.004385050386190414,
            "count": 6170
        },
        "Solver.Policy.Entropy.sum": {
            "value": 1.4885532855987549,
            "min": -0.00011614957475103438,
            "max": 4.843074798583984,
            "count": 6170
        },
        "Solver.Score.mean": {
            "value": 2.13953488372093,
            "min": 0.0,
            "max": 3.5,
            "count": 6170
        },
        "Solver.Score.sum": {
            "value": 92.0,
            "min": 0.0,
            "max": 156.0,
            "count": 6170
        },
        "Solver.Environment.LessonNumber.aux_input.mean": {
            "value": 4.0,
            "min": 0.0,
            "max": 4.0,
            "count": 6170
        },
        "Solver.Environment.LessonNumber.aux_input.sum": {
            "value": 4.0,
            "min": 0.0,
            "max": 4.0,
            "count": 6170
        },
        "Solver.Episode.mean": {
            "value": 1.0,
            "min": 1.0,
            "max": 1.0,
            "count": 6012
        },
        "Solver.Episode.sum": {
            "value": 1.0,
            "min": 1.0,
            "max": 1.0,
            "count": 6012
        },
        "Solver.Environment.EpisodeLength.mean": {
            "value": 25.093023255813954,
            "min": 5.585987261146497,
            "max": 35.59375,
            "count": 6170
        },
        "Solver.Environment.EpisodeLength.sum": {
            "value": 1079.0,
            "min": 402.0,
            "max": 1703.0,
            "count": 6170
        },
        "Solver.Step.mean": {
            "value": 6169983.0,
            "min": 989.0,
            "max": 6169983.0,
            "count": 6170
        },
        "Solver.Step.sum": {
            "value": 6169983.0,
            "min": 989.0,
            "max": 6169983.0,
            "count": 6170
        },
        "Solver.Policy.ExtrinsicValueEstimate.mean": {
            "value": 0.6349294781684875,
            "min": -0.3992958664894104,
            "max": 1.331885814666748,
            "count": 6170
        },
        "Solver.Policy.ExtrinsicValueEstimate.sum": {
            "value": 27.30196762084961,
            "min": -61.4915657043457,
            "max": 49.2797737121582,
            "count": 6170
        },
        "Solver.Environment.CumulativeReward.mean": {
            "value": 1.250476058395136,
            "min": 0.29577920547166425,
            "max": 1.7874071807773024,
            "count": 6170
        },
        "Solver.Environment.CumulativeReward.sum": {
            "value": 52.51999445259571,
            "min": 31.29999701678753,
            "max": 68.539993442595,
            "count": 6170
        },
        "Solver.Policy.ExtrinsicReward.mean": {
            "value": 1.250476058395136,
            "min": 0.29577920547166425,
            "max": 1.7874071807773024,
            "count": 6170
        },
        "Solver.Policy.ExtrinsicReward.sum": {
            "value": 52.51999445259571,
            "min": 31.29999701678753,
            "max": 68.539993442595,
            "count": 6170
        },
        "Solver.IsTraining.mean": {
            "value": 0.0,
            "min": 0.0,
            "max": 0.0,
            "count": 6170
        },
        "Solver.IsTraining.sum": {
            "value": 0.0,
            "min": 0.0,
            "max": 0.0,
            "count": 6170
        }
    },
    "metadata": {
        "timer_format_version": "0.1.0",
        "start_time_seconds": "1684131181",
        "python_version": "3.9.13 (tags/v3.9.13:6de2ca5, May 17 2022, 16:36:42) [MSC v.1929 64 bit (AMD64)]",
        "command_line_arguments": "C:\\Users\\Kevinn\\test_ml_env\\Scripts\\mlagents-learn inference.yaml --num-envs=10 --run-id=InferFixed_2 --env=Z:\\Git\\Flappy_bird\\Builds\\Windows\\Inference\\Flappy_bird.exe --no-graphics --torch-device=cuda --time-scale=1 --inference --initialize-from=Fixed_2",
        "mlagents_version": "0.30.0",
        "mlagents_envs_version": "0.30.0",
        "communication_protocol_version": "1.5.0",
        "pytorch_version": "2.0.1+cu118",
        "numpy_version": "1.21.2",
        "end_time_seconds": "1684134886"
    },
    "total": 3705.617802,
    "count": 1,
    "self": 2.4635093000006236,
    "children": {
        "run_training.setup": {
            "total": 1.9610770999999998,
            "count": 1,
            "self": 1.9610770999999998
        },
        "TrainerController.start_learning": {
            "total": 3701.1932156,
            "count": 1,
            "self": 8.995585299994218,
            "children": {
                "TrainerController._reset_env": {
                    "total": 7.9030737,
                    "count": 1,
                    "self": 7.9030737
                },
                "TrainerController.advance": {
                    "total": 3684.2944720000055,
                    "count": 146344,
                    "self": 7.451986699963982,
                    "children": {
                        "env_step": {
                            "total": 3676.8424853000415,
                            "count": 146344,
                            "self": 2713.1809570999894,
                            "children": {
                                "SubprocessEnvManager._take_step": {
                                    "total": 958.1778622999899,
                                    "count": 231114,
                                    "self": 16.335619299983932,
                                    "children": {
                                        "TorchPolicy.evaluate": {
                                            "total": 941.842243000006,
                                            "count": 95101,
                                            "self": 941.842243000006
                                        }
                                    }
                                },
                                "workers": {
                                    "total": 5.48366590006194,
                                    "count": 146343,
                                    "self": 0.0,
                                    "children": {
                                        "worker_root": {
                                            "total": 36945.89937780051,
                                            "count": 231109,
                                            "is_parallel": true,
                                            "self": 5522.997757701578,
                                            "children": {
                                                "steps_from_proto": {
                                                    "total": 0.35430839999999897,
                                                    "count": 10,
                                                    "is_parallel": true,
                                                    "self": 0.004263300000002523,
                                                    "children": {
                                                        "_process_maybe_compressed_observation": {
                                                            "total": 0.3327562999999989,
                                                            "count": 20,
                                                            "is_parallel": true,
                                                            "self": 0.012950700000004645,