{
    "name": "root",
    "gauges": {
        "Generator.Policy.Entropy.mean": {
            "value": 1.2777692079544067,
            "min": 1.2777692079544067,
            "max": 1.4189385175704956,
            "count": 44
        },
        "Generator.Policy.Entropy.sum": {
            "value": 1226.658447265625,
            "min": 1226.658447265625,
            "max": 1589.211181640625,
            "count": 44
        },
        "Generator.Environment.EpisodeLength.mean": {
            "value": 9.0,
            "min": 9.0,
            "max": 9.0,
            "count": 44
        },
        "Generator.Environment.EpisodeLength.sum": {
            "value": 864.0,
            "min": 864.0,
            "max": 1008.0,
            "count": 44
        },
        "Generator.Step.mean": {
            "value": 43990.0,
            "min": 990.0,
            "max": 43990.0,
            "count": 44
        },
        "Generator.Step.sum": {
            "value": 43990.0,
            "min": 990.0,
            "max": 43990.0,
            "count": 44
        },
        "Generator.Policy.ExtrinsicValueEstimate.mean": {
            "value": -2556.6044921875,
            "min": -2583.925048828125,
            "max": -39.34328842163086,
            "count": 44
        },
        "Generator.Policy.ExtrinsicValueEstimate.sum": {
            "value": -255660.4375,
            "min": -258392.5,
            "max": -3894.985595703125,
            "count": 44
        },
        "Generator.Environment.CumulativeReward.mean": {
            "value": 0.30600000970065594,
            "min": 0.18239999974146484,
            "max": 0.30600000992417337,
            "count": 44
        },
        "Generator.Environment.CumulativeReward.sum": {
            "value": 30.600000970065594,
            "min": 18.239999974146485,
            "max": 30.600000992417336,
            "count": 44
        },
        "Generator.Policy.ExtrinsicReward.mean": {
            "value": 0.30600000970065594,
            "min": 0.18239999974146484,
            "max": 0.30600000992417337,
            "count": 44
        },
        "Generator.Policy.ExtrinsicReward.sum": {
            "value": 30.600000970065594,
            "min": 18.239999974146485,
            "max": 30.600000992417336,
            "count": 44
        },
        "Generator.IsTraining.mean": {
            "value": 1.0,
            "min": 1.0,
            "max": 1.0,
            "count": 44
        },
        "Generator.IsTraining.sum": {
            "value": 1.0,
            "min": 1.0,
            "max": 1.0,
            "count": 44
        },
        "Generator.Losses.PolicyLoss.mean": {
            "value": 0.05456309819661934,
            "min": 0.05456309819661934,
            "max": 0.08189269049883781,
            "count": 21
        },
        "Generator.Losses.PolicyLoss.sum": {
            "value": 0.05456309819661934,
            "min": 0.05456309819661934,
            "max": 0.08189269049883781,
            "count": 21
        },
        "Generator.Losses.ValueLoss.mean": {
            "value": 2837530.1614583335,
            "min": 729.1803194681803,
            "max": 2867074.7864583335,
            "count": 21
        },
        "Generator.Losses.ValueLoss.sum": {
            "value": 2837530.1614583335,
            "min": 729.1803194681803,
            "max": 2867074.7864583335,
            "count": 21
        },
        "Generator.Policy.LearningRate.mean": {
            "value": 0.0007301120087360001,
            "min": 0.0007301120087360001,
            "max": 0.000796672000416,
            "count": 21
        },
        "Generator.Policy.LearningRate.sum": {
            "value": 0.0007301120087360001,
            "min": 0.0007301120087360001,
            "max": 0.000796672000416,
            "count": 21
        },
        "Generator.Policy.Epsilon.mean": {
            "value": 0.19126400000000002,
            "min": 0.19126400000000002,
            "max": 0.199584,
            "count": 21
        },
        "Generator.Policy.Epsilon.sum": {
            "value": 0.19126400000000002,
            "min": 0.19126400000000002,
            "max": 0.199584,
            "count": 21
        },
        "Generator.Policy.Beta.mean": {
            "value": 0.0009135136,
            "min": 0.0009135136,
            "max": 0.0009958815999999999,
            "count": 21
        },
        "Generator.Policy.Beta.sum": {
            "value": 0.0009135136,
            "min": 0.0009135136,
            "max": 0.0009958815999999999,
            "count": 21
        }
    },
    "metadata": {
        "timer_format_version": "0.1.0",
        "start_time_seconds": "1682262604",
        "python_version": "3.9.2 (default, Feb 28 2021, 17:03:44) \n[GCC 10.2.1 20210110]",
        "command_line_arguments": "/home/bears_bears/Unity_env/bin/mlagents-learn ARLPCG.yaml --run-id G7_1layer --force",
        "mlagents_version": "0.30.0",
        "mlagents_envs_version": "0.30.0",
        "communication_protocol_version": "1.5.0",
        "pytorch_version": "1.11.0+cu102",
        "numpy_version": "1.21.2",
        "end_time_seconds": "1682262807"
    },
    "total": 202.85713060499984,
    "count": 1,
    "self": 0.0072255280101671815,
    "children": {
        "run_training.setup": {
            "total": 0.0327899889962282,
            "count": 1,
            "self": 0.0327899889962282
        },
        "TrainerController.start_learning": {
            "total": 202.81711508799344,
            "count": 1,
            "self": 0.09246635148883797,
            "children": {
                "TrainerController._reset_env": {
                    "total": 48.172370649990626,
                    "count": 1,
                    "self": 48.172370649990626
                },
                "TrainerController.advance": {
                    "total": 154.4503943605232,
                    "count": 2790,
                    "self": 0.104250119329663,
                    "children": {
                        "env_step": {
                            "total": 113.37214212765684,
                            "count": 2790,
                            "self": 108.26174897828605,
                            "children": {
                                "SubprocessEnvManager._take_step": {
                                    "total": 5.055850554461358,
                                    "count": 2790,
                                    "self": 0.3824564323294908,
                                    "children": {
                                        "TorchPolicy.evaluate": {
                                            "total": 4.673394122131867,
                                            "count": 2790,
                                            "self": 4.673394122131867
                                        }
                                    }
                                },
                                "workers": {
                                    "total": 0.05454259490943514,
                                    "count": 2790,
                                    "self": 0.0,
                                    "children": {
                                        "worker_root": {
                                            "total": 202.4045804126945,
                                            "count": 2790,
                                            "is_parallel": true,
                                            "self": 109.63009065098595,
                                            "children": {
                                                "run_training.setup": {
                                                    "total": 0.0,
                                                    "count": 0,
                                                    "is_parallel": true,
                                                    "self": 0.0,