ydiffs,heights,distances,angles
-0.48355,3.118222,1.688945,-15.97658
3.108106,2.796538,1.914119,58.37326
0.1683907,3.472628,1.893627,5.081659
2.666885,3.507643,1.545025,59.91471
2.91481,3.511767,1.12,68.981
-1.891648,2.808916,2.031288,-42.96138
5.131817,4,1.617683,72.50379
0.3541167,3.076156,2.610748,7.724347
2.9207,3.235728,1.315925,65.746