ydiffs,heights,distances,angles
-3.413954,2.924549,2.14057,-57.91204
-2.446805,3.601064,2.306767,-46.68743
-3.008259,3.649149,1.805843,-59.02382
-3.532457,3.31618,1.12,-72.40828
-3.434076,3.163028,2.521282,-53.71406
-4.926896,4,2.229692,-65.65063
-2.080155,3.692256,2.993816,-34.79224
-4.622701,3.495045,1.772901,-69.01715
-3.758092,3.54784,1.797002,-64.44433