{
    "name": "root",
    "gauges": {
        "Generator.Policy.Entropy.mean": {
            "value": 1.4475008249282837,
            "min": 1.4189382791519165,
            "max": 1.4475008249282837,
            "count": 29
        },
        "Generator.Policy.Entropy.sum": {
            "value": 1454.73828125,
            "min": 1407.630126953125,
            "max": 1454.73828125,
            "count": 29
        },
        "Generator.Environment.EpisodeLength.mean": {
            "value": 0.0,
            "min": 0.0,
            "max": 0.0,
            "count": 29
        },
        "Generator.Environment.EpisodeLength.sum": {
            "value": 0.0,
            "min": 0.0,
            "max": 0.0,
            "count": 29
        },
        "Generator.Step.mean": {
            "value": 28999.0,
            "min": 999.0,
            "max": 28999.0,
            "count": 29
        },
        "Generator.Step.sum": {
            "value": 28999.0,
            "min": 999.0,
            "max": 28999.0,
            "count": 29
        },
        "Generator.Policy.ExtrinsicValueEstimate.mean": {
            "value": -1881.4449462890625,
            "min": -2172.742919921875,
            "max": -1878.263916015625,
            "count": 29
        },
        "Generator.Policy.ExtrinsicValueEstimate.sum": {
            "value": -1881445.0,
            "min": -2172743.0,
            "max": -1878263.875,
            "count": 29
        },
        "Generator.Environment.CumulativeReward.mean": {
            "value": -5.264696399688721,
            "min": -5.7196933403015136,
            "max": -2.619999885559082,
            "count": 29
        },
        "Generator.Environment.CumulativeReward.sum": {
            "value": -5264.696399688721,
            "min": -5719.693340301514,
            "max": -2619.999885559082,
            "count": 29
        },
        "Generator.Policy.ExtrinsicReward.mean": {
            "value": -5.264696399688721,
            "min": -5.7196933403015136,
            "max": -2.619999885559082,
            "count": 29
        },
        "Generator.Policy.ExtrinsicReward.sum": {
            "value": -5264.696399688721,
            "min": -5719.693340301514,
            "max": -2619.999885559082,
            "count": 29
        },
        "Generator.IsTraining.mean": {
            "value": 1.0,
            "min": 1.0,
            "max": 1.0,
            "count": 29
        },
        "Generator.IsTraining.sum": {
            "value": 1.0,
            "min": 1.0,
            "max": 1.0,
            "count": 29
        },
        "Generator.Losses.PolicyLoss.mean": {
            "value": 0.36683088742817443,
            "min": 0.35743870578395825,
            "max": 0.3883174331858754,
            "count": 14
        },
        "Generator.Losses.PolicyLoss.sum": {
            "value": 0.36683088742817443,
            "min": 0.35743870578395825,
            "max": 0.3883174331858754,
            "count": 14
        },
        "Generator.Losses.ValueLoss.mean": {
            "value": 45.499679853518806,
            "min": 45.13266468544801,
            "max": 656.7969326277574,
            "count": 14
        },
        "Generator.Losses.ValueLoss.sum": {
            "value": 45.499679853518806,
            "min": 45.13266468544801,
            "max": 656.7969326277574,
            "count": 14
        },
        "Generator.Policy.LearningRate.mean": {
            "value": 0.00028273740575419996,
            "min": 0.00028273740575419996,
            "max": 0.0002987664004112,
            "count": 14
        },
        "Generator.Policy.LearningRate.sum": {
            "value": 0.00028273740575419996,
            "min": 0.00028273740575419996,
            "max": 0.0002987664004112,
            "count": 14
        },
        "Generator.Policy.Epsilon.mean": {
            "value": 0.19424580000000002,
            "min": 0.19424580000000002,
            "max": 0.1995888,
            "count": 14
        },
        "Generator.Policy.Epsilon.sum": {
            "value": 0.19424580000000002,
            "min": 0.19424580000000002,
            "max": 0.1995888,
            "count": 14
        },
        "Generator.Policy.Beta.mean": {
            "value": 0.00471286542,
            "min": 0.00471286542,
            "max": 0.00497948112,
            "count": 14
        },
        "Generator.Policy.Beta.sum": {
            "value": 0.00471286542,
            "min": 0.00471286542,
            "max": 0.00497948112,
            "count": 14
        }
    },
    "metadata": {
        "timer_format_version": "0.1.0",
        "start_time_seconds": "1682182682",
        "python_version": "3.9.2 (default, Feb 28 2021, 17:03:44) \n[GCC 10.2.1 20210110]",
        "command_line_arguments": "/home/bears_bears/Unity_env/bin/mlagents-learn ARLPCG.yaml --run-id G3_newobs1 --force",
        "mlagents_version": "0.30.0",
        "mlagents_envs_version": "0.30.0",
        "communication_protocol_version": "1.5.0",
        "pytorch_version": "1.11.0+cu102",
        "numpy_version": "1.21.2",
        "end_time_seconds": "1682182908"
    },
    "total": 226.179728461997,
    "count": 1,
    "self": 0.008701648999704048,
    "children": {
        "run_training.setup": {
            "total": 0.03749689299729653,
            "count": 1,
            "self": 0.03749689299729653
        },
        "TrainerController.start_learning": {
            "total": 226.13352992,
            "count": 1,
            "self": 0.0755073123582406,
            "children": {
                "TrainerController._reset_env": {
                    "total": 27.94958420099283,
                    "count": 1,
                    "self": 27.94958420099283
                },
                "TrainerController.advance": {
                    "total": 197.8610532956518,
                    "count": 1999,
                    "self": 0.06515684850455727,
                    "children": {
                        "env_step": {
                            "total": 128.89911645217217,
                            "count": 1999,
                            "self": 126.00531393771234,
                            "children": {
                                "SubprocessEnvManager._take_step": {
                                    "total": 2.8610733102541417,
                                    "count": 1999,
                                    "self": 0.21731865662150085,
                                    "children": {
                                        "TorchPolicy.evaluate": {
                                            "total": 2.643754653632641,
                                            "count": 1999,
                                            "self": 2.643754653632641
                                        }
                                    }
                                },
                                "workers": {
                                    "total": 0.03272920420567971,
                                    "count": 1998,
                                    "self": 0.0,
                                    "children": {
                                        "worker_root": {
                                            "total": 225.59037001062825,
                                            "count": 1998,
                                            "is_parallel": true,
                                            "self": 105.6069406728202,
                                            "children": {
                                                "run_training.setup": {
                                                    "total": 0.0,
                                                    "count": 0,
                                                    "is_parallel": true,
                                                    "self": 0.0,