ydiffs;heights;distances;angles
-1.385612;3.491215;3;-24.79084
-1.201338;3.848847;2.435942;-26.25122
-0.9461022;3.381097;2.859252;-18.30894
-0.8895092;4;3;-16.51525
-1.231973;3.707146;3;-22.32588
-1.095961;3.783983;3;-20.06827
-1.110848;3.970265;2.778839;-21.78919
-1.1828;3.665803;3;-21.51767
-0.9179478;3.799388;2.836993;-17.9297