ydiffs;heights;distances;angles
-0.8332914;3.743627;1.629246;-27.08785
-0.3329458;3.5378;2.189089;-8.648029
-0.5048074;3.785227;1.644447;-17.06528
-0.9895855;2.89994;2.030516;-25.98259
-0.9648368;4;1.784067;-28.40486
-0.6016393;3.562395;1.703616;-19.4509
-0.7554657;2.914235;1.454152;-27.45293
0.2782998;3.49082;2.152274;7.367753
0.01391423;2.965563;1.511301;0.5274954