ydiffs;heights;distances;angles
-0.6820467;2.964273;1.983396;-18.97698
-0.6159219;3.595254;2.185437;-15.73943
-0.7074939;3.210903;2.278852;-17.24751
-0.7879056;4;1.661944;-25.36501
-1.659194;3.726467;1.928227;-40.71122
-1.426592;3.276995;1.732816;-39.46393
-1.192049;2.996747;1.694354;-35.12799
-1.239023;3.528588;2.040114;-31.27158
-1.083889;4;1.771819;-31.4557