ydiffs;heights;distances;angles
-1.292175;3.435491;1.742961;-36.55206
-1.07525;3.519993;1.933427;-29.08005
-1.007347;3.649347;2.178866;-24.81234
-1.260355;3.199235;1.867049;-34.0214
-1.113835;3.882219;1.905746;-30.30464
-1.271014;3.259628;1.375738;-42.73415
-1.157364;4;1.534439;-37.02575
-1.220733;3.194531;2.307682;-27.87824
-1.300934;3.804616;1.648159;-38.28494