ydiffs;heights;distances;angles
-0.86095;3.618888;1.605835;-28.19747
-0.533438;3.815035;2.347027;-12.8048
-0.8605033;3.869527;2.197377;-21.38555
-0.7205421;3.522644;1.9671;-20.11761
-0.9586403;3.770853;1.854605;-27.33432
-0.8198786;3.569616;1.581985;-27.39588
0.3901867;3.670923;1.596981;13.72995
0.210221;3.348923;2.43152;4.941312
-0.1291796;3.948341;2.470816;-2.992823