ydiffs;heights;distances;angles
1.45516;3.406979;1.6756;40.9724
0.1870208;3.208035;2.061784;5.183014
0.2509288;4;1.668373;8.553362
0.1557729;3.758176;1.843314;4.830418
0.2816895;3.611607;2.656143;6.05371
0.3394923;3.557177;1.87302;10.27355
0.2266476;3.496664;1.448386;8.893682
0.5226005;4;1.723595;16.86751
0.3564024;3.140955;1.981295;10.19751