ydiffs;heights;distances;angles
2.426084;3.378303;2.181427;48.03953
-0.5239411;3.155112;1.741017;-16.74863
-0.4053389;3.17249;2.069527;-11.08171
-0.2115412;4;1.808118;-6.672998
0.001967676;3.144483;1.355147;0.0831935
-0.1377334;3.589876;2.042555;-3.857725
0.09820878;3.439465;1.686134;3.333424
-0.007306355;3.711907;1.922521;-0.217746
0.2188597;3.447167;1.907009;6.54696