ydiffs;heights;distances;angles
-1.09304;3.789586;2.032057;-28.27574
-0.5934706;2.896008;2.185099;-15.19493
-0.7780221;3.701283;1.352589;-29.90792
-0.3957276;3.50602;2.300694;-9.759583
-0.5352235;3.605292;1.788123;-16.66357
-0.2914524;3.34487;1.886549;-8.782176
-0.4051197;3.917378;1.893965;-12.07365
-1.484441;3.799425;1.703477;-41.06949
-1.296163;2.912476;1.945591;-33.67176