ydiffs;heights;distances;angles
-1.296534;3.856751;2.081442;-31.91885
-1.162323;3.424732;1.282944;-42.17598
-0.8696195;3.679671;1.720878;-26.80906
-1.413795;3.347762;1.825415;-37.75799
-1.17973;2.922419;1.738585;-34.15916
-1.179544;3.857398;2.019264;-30.29114
-1.194423;3.488293;2.426853;-26.205
-1.215414;3.449033;2.149651;-29.48385
-1.221529;3.446981;2.095762;-30.23605