ydiffs;heights;distances;angles
-1.488908;3.692339;1.850629;-38.81812
-0.1114575;3.602639;1.932937;-3.30015
-0.4194375;3.552058;1.890252;-12.51094
-0.5572718;3.97335;2.005844;-15.52658
-0.5640523;2.929813;1.836962;-17.06948
-0.6351109;3.765473;2.284041;-15.53937
-0.7343383;3.314653;1.41075;-27.49834
-0.7561432;3.817195;1.571743;-25.69154
-0.8118513;3.962166;2.083231;-21.29125