ydiffs;heights;distances;angles
-0.1352738;3.53868;1.583077;-4.884057
-0.08457402;3.517802;2.013311;-2.405434
-0.1274907;3.829291;1.706117;-4.273521
-0.1660189;3.303702;2.526701;-3.75926
-0.2076264;3.688408;1.997201;-5.935075
-0.2828273;3.48716;1.808152;-8.89005
2.4348;3.406839;2.175337;48.22127
-0.5686619;3.45179;1.98698;-15.97081
-0.3239042;3.139127;2.501441;-7.378007