ydiffs;heights;distances;angles
-0.9230302;3.309317;1.583007;-30.2459
0.7513481;3.283216;1.98828;20.701
0.7268723;2.909193;2.080102;19.26149
-0.6063338;3.499083;1.808351;-18.53612
-0.2474852;3.447991;2.143989;-6.584629
-0.08465508;3.162099;1.893964;-2.559263
-0.07459585;3.867495;2.165329;-1.973066
-0.01229934;3.965216;2.244918;-0.313906
0.0546749;3.627658;1.436029;2.180408