ydiffs;heights;distances;angles
-0.488578;3.469624;2.003226;-13.70659
-0.3858932;3.60241;1.926471;-11.32706
-0.07275634;3.281213;1.411791;-2.950117
-0.1706102;3.817725;1.866788;-5.22189
2.370425;4;1.764136;53.34234
0.3510762;3.287188;1.695655;11.6975
-0.3853804;3.481016;1.795435;-12.11442
0.571606;3.65726;1.765057;17.94432
0.2755775;4;1.639812;9.539662