ydiffs;heights;distances;angles
-1.3233;3.319242;1.885828;-35.05763
-0.8996496;3.716451;1.77067;-26.9344
-0.6891388;3.362051;1.685561;-22.23712
-0.6205526;3.7379;1.936666;-17.76666
-0.544249;3.166715;1.625566;-18.51085
-0.4650833;3.90786;2.007366;-13.04461
-0.404247;3.560081;1.759035;-12.94252
-0.3371488;2.932284;1.7837;-10.70358
-1.420732;3.735842;2.142162;-33.55326