ydiffs;heights;distances;angles
-1.375121;3.830286;1.448021;-43.52082
-1.074365;3.210004;2.52914;-23.01552
-1.112401;3.594089;1.929648;-29.96253
-1.030127;3.986575;1.896547;-28.509
-0.8953909;3.137297;1.85484;-25.7681
-0.9566535;3.567256;2.030774;-25.22411
-1.056201;3.822332;1.841086;-29.8422
-1.101386;3.472956;1.565243;-35.1322
-1.111647;3.800378;2.08746;-28.03691