ydiffs;heights;distances;angles
-0.8296652;3.366484;1.560315;-28.00089
-0.6372721;3.649485;1.641599;-21.21631
-0.5995762;3.438154;2.278425;-14.74334
-0.7315396;3.597564;1.9617;-20.45104
-0.7698706;3.738162;2.154402;-19.66424
-0.8457218;4;1.373766;-31.6174
-0.8629245;3.120958;1.880201;-24.65292
0.4738707;3.960867;1.832678;14.4973
0.1235324;3.355437;1.985772;3.559714