ydiffs;heights;distances;angles
-0.2953446;3.769892;2.027619;-8.287466
-0.2234453;2.491889;2.184755;-5.839608
-0.2923594;3.491415;1.808293;-9.183944
-0.3178914;3.469831;2.019328;-8.946326
0.6963987;3.68226;1.562551;24.0216
1.057547;3.685947;2.31597;24.54298
-0.7506489;3.592663;1.498722;-26.60442
2.507033;3.374508;1.701975;55.82819
0.3391896;3.4707;2.311753;8.347107