ydiffs;heights;distances;angles
0.01152006;3.662185;2.195648;0.3006149
0.2016808;3.758178;1.981602;5.81136
0.3010859;3.29128;1.714969;9.957568
0.4037448;3.38673;2.127059;10.74766
0.5618449;3.960081;2.110726;14.90568
2.049424;3.307313;2.096629;44.34769
-0.7559786;3.823043;2.020033;-20.51789
1.108305;3.621874;1.966291;29.4079
0.497388;3.850281;1.951444;14.29921