ydiffs;heights;distances;angles
0.03439296;3.798875;1.831237;1.075961
-1.175267;3.248384;1.259886;-43.00983
-0.7950356;4;2.209463;-19.79036
-0.63802;3.741248;1.701147;-20.5587
-0.592024;3.620942;1.612867;-20.15632
-0.495418;3.42531;1.948043;-14.26873
-0.4416113;3.743353;1.672687;-14.78938
-0.3692795;3.392057;1.75773;-11.86465
-0.2960144;3.714797;1.798224;-9.347899