ydiffs;heights;distances;angles
-1.422611;4;1.992155;-35.53089
-1.155514;3.235928;2.279524;-26.88091
-1.165404;3.693353;2.154429;-28.41046
-1.070691;3.377826;1.553202;-34.58021
-0.9169215;2.947964;2.29203;-21.80377
-0.8929194;3.291574;2.126658;-22.77606
-1.693824;2.90989;2.356842;-35.70419
-1.574879;4;1.734323;-42.24151
-1.421895;3.585937;1.649343;-40.76456