ydiffs;heights;distances;angles
-1.498701;3.737982;1.940962;-37.67329
-1.138587;3.846665;1.821197;-32.01304
-1.050809;3.804185;1.726482;-31.32644
-0.9148299;3.732902;1.228136;-36.68216
-0.7252834;3.533053;1.917287;-20.72094
-0.6905461;3.977979;1.865712;-20.31076
-0.6412811;3.02516;1.847783;-19.13955
-0.5376762;3.779487;1.56331;-18.97986
-0.4337727;3.471561;2.224039;-11.03632