ydiffs;heights;distances;angles
-0.1626157;3.840966;2.061887;-4.509434
0.045343;3.298965;1.866241;1.391809
0.0887916;3.391664;1.964752;2.587566
0.1699726;3.499994;2.509887;3.874224
0.2520636;3.543262;1.519801;9.416961
0.2831911;3.595713;2.345961;6.88312
0.345385;3.269631;2.145195;9.146357
0.4171213;3.739869;1.639056;14.27805
0.4674723;3.448612;2.002803;13.13813