ydiffs;heights;distances;angles
1.977387;3.584828;1.804561;47.61646
1.739824;3.802691;1.870837;42.92194
-1.526687;3.226211;1.966474;-37.82425
0.6916456;3.400941;1.501691;24.72976
0.5536719;3.533093;1.905912;16.19871
0.2812405;4;1.72859;9.241014
0.2783594;3.542955;1.658019;9.530324
0.2328896;3.59413;1.723035;7.697591
0.1747838;3.409362;1.895693;5.267805