ydiffs;heights;distances;angles
0.1282661;2.609876;2.05585;3.570101
0.3115073;3.529572;1.392509;12.60959
0.4200625;3.602026;1.811563;13.05495
0.1359881;3.345106;2.019469;3.852398
0.3089695;4;1.93609;9.067052
0.009954461;4;1.897177;0.3006274
-0.3843131;3.609281;1.943312;-11.18658
-0.9110454;3.147609;1.624706;-29.2813
2.00895;3.966668;1.639605;50.7804