ydiffs;heights;distances;angles
-0.1632425;3.130605;1.811139;-5.150294
-0.09770045;3.757783;2.189954;-2.554444
-0.1476088;3.040341;2.320784;-3.639282
-0.1842237;3.614717;2.058347;-5.114391
-0.2273813;3.384529;2.228264;-5.826531
-0.3065329;4;1.470097;-11.7781
-0.3746929;3.359489;1.868958;-11.3365
-0.4532924;3.789671;1.937141;-13.17028
-0.5498671;3.393472;2.188765;-14.10215