ydiffs;heights;distances;angles
-1.641346;3.624187;1.544886;-46.73404
-1.341231;3.339511;2.191916;-31.46241
-1.301548;3.710961;2.112964;-31.63233
-1.417123;3.392654;1.295272;-47.57221
-1.358827;3.343906;2.094501;-32.97386
-1.456573;3.614892;1.857192;-38.10665
-1.528728;3.95214;1.952434;-38.06045
-1.522147;3.199455;1.961125;-37.81719
-1.554615;3.456106;2.013804;-37.66739