ydiffs;heights;distances;angles
-1.695994;3.608712;1.891946;-41.87395
-1.37718;3.156807;1.891949;-36.05148
-1.322252;4;1.635322;-38.95754
-1.17199;3.461475;2.141467;-28.69118
-1.065064;3.629933;2.351612;-24.36616
-1.014222;3.760535;1.625375;-31.96386
-0.8529032;3.487057;2.291481;-20.41558
-0.7740749;3.796551;2.232666;-19.12165
-0.7077298;3.525005;1.557518;-24.43686