ydiffs;heights;distances;angles
-0.6383242;3.992768;1.535408;-22.57441
-0.337435;3.204296;1.995585;-9.597404
-0.2854807;3.87911;2.484987;-6.553532
-0.2211853;3.314189;1.740756;-7.241357
-0.1161872;3.625854;1.853591;-3.586734
-0.05369517;3.72673;2.006291;-1.533064
-0.003249212;3.750664;1.792967;-0.1038312
0.05457447;2.787818;2.00183;1.561628
0.1092384;3.702774;2.150998;2.907266