ydiffs;heights;distances;angles
0.1304805;4;1.999066;3.73444
1.880956;3.143089;1.898412;44.73537
1.050361;3.386857;1.900232;28.9318
-1.766135;3.404817;1.891617;-43.0352
2.276658;3.595775;1.765865;52.20145
0.4587063;3.420131;2.240622;11.56988
0.243565;3.815745;1.873618;7.406751
0.3401167;3.182093;1.707608;11.2646
0.264156;3.562637;1.633738;9.184555