ydiffs;heights;distances;angles
-0.0841674;3.526279;2.248861;-2.14339
-0.005434368;3.313353;2.053746;-0.1516087
-0.05028756;3.796804;1.404944;-2.049929
-0.07623863;3.160757;1.745229;-2.50132
-0.1172212;3.637544;1.799462;-3.727115
-0.1918807;3.272247;1.917551;-5.714309
-0.2621138;3.886911;1.890282;-7.894514
-0.3452457;3.208844;2.043638;-9.588831
-0.4238034;4;1.642791;-14.46563