ydiffs;heights;distances;angles
-0.8752421;3.134269;1.793603;-26.01144
-0.7961597;3.332981;2.203486;-19.86572
-0.9347644;3.341373;1.93975;-25.72939
-0.9996562;3.688094;1.681059;-30.73819
-1.035169;3.646108;1.952997;-27.92544
-1.156444;3.453629;1.856527;-31.91908
-1.260786;4;1.873152;-33.94381
-1.338379;3.312564;2.234818;-30.91638
-1.450155;3.764046;1.286573;-48.42066