ydiffs;heights;distances;angles
-1.693646;3.645403;2.330338;-36.00894
-1.214183;3.454571;2.26272;-28.21815
-1.384711;3.638961;2.117437;-33.18292
-1.008339;3.173802;1.694908;-30.74936
-1.102854;3.867532;1.828843;-31.09139
-0.761483;4;1.981786;-21.01881
-0.9458109;3.422434;2.015137;-25.14316
-0.6105491;3.66058;1.67674;-20.00801
-0.7412342;3.790332;1.500451;-26.28972