ydiffs;heights;distances;angles
-0.4876137;3.738029;1.966376;-13.92704
-0.4401915;3.504599;1.525716;-16.09363
-0.1581229;3.517207;1.782015;-5.070728
-0.2699082;3.556993;1.927026;-7.97324
-0.01072778;3.928172;1.891817;-0.3248992
-0.1244242;3.111632;1.481661;-4.800215
0.1017377;3.724888;2.444721;2.383004
0.003588178;3.349422;1.579356;0.1301715
0.2035725;3.625635;1.621999;7.153624