ydiffs;heights;distances;angles
0.02648142;3.929029;2.129591;0.7124352
0.3839634;3.535222;2.6577;8.220758
0.3035591;3.868861;1.893017;9.110236
0.1589546;3.697848;2.288578;3.973134
0.5452469;3.745483;2.086379;14.64592
-0.03405318;3.442775;1.763616;-1.106171
1.518363;3.717306;1.96502;37.69313
1.275428;3.790302;1.864134;34.37968
-0.07085667;3.017101;1.659318;-2.445174