ydiffs;heights;distances;angles
-0.5011279;3.555214;2.259464;-12.50524
-0.2318981;3.390116;1.84242;-7.173866
-0.1671343;3.550507;2.178728;-4.386677
-0.138855;3.032017;1.889267;-4.203496
-0.3024978;3.963582;1.889584;-9.095136
-0.08914193;3.469977;1.942087;-2.628035
-0.9768851;3.852572;2.154959;-24.38572
-0.7384421;3.552873;1.612258;-24.6086
-0.9001611;3.919629;1.555178;-30.06292