ydiffs;heights;distances;angles
-0.2374415;2.98957;1.706249;-7.922399
-0.2177659;3.540635;1.703147;-7.286354
0.1805418;3.860803;1.692298;6.08953
-0.08421496;3.524352;1.852522;-2.602854
0.0319815;3.726365;1.993938;0.9189091
-0.1908544;2.973008;1.759954;-6.189131
-0.08031969;3.93786;2.014992;-2.282662
-0.3330612;3.549881;2.010913;-9.404345
-0.2153566;3.141009;1.808936;-6.789196