ydiffs;heights;distances;angles
-0.8613313;3.252287;1.947153;-23.86241
-0.5513144;3.819691;1.977112;-15.58104
-0.9034126;3.502029;2.137232;-22.91388
-0.7337813;3.610465;1.581601;-24.88887
-1.002462;3.347227;1.38003;-35.99489
-0.799403;3.887381;2.201612;-19.95591
-1.20961;3.911925;1.315922;-42.58956
-1.008553;3.364996;2.070623;-25.96966
-1.338915;3.692253;1.916866;-34.93397