ydiffs;heights;distances;angles
-1.662241;3.383512;1.74264;-43.64734
-1.501683;3.493955;1.959209;-37.46923
-1.507302;3.718499;2.177642;-34.68988
-1.543879;3.59474;1.881417;-39.37209
-1.503327;3.725856;1.956166;-37.54253
-1.382141;3.32038;1.929245;-35.61841
-1.46465;3.901909;1.601945;-42.43652
-1.187097;4;1.458975;-39.13356
-1.275992;3.409037;1.190141;-46.99378