ydiffs;heights;distances;angles
-1.112514;3.791253;1.585316;-35.0597
-0.9928052;3.241488;2.087212;-25.43861
-0.6783606;3.660027;1.913415;-19.52088
-1.208759;3.292239;2.400774;-26.72467
-0.74672;3.648477;2.088577;-19.67328
-0.7596765;3.139579;2.064075;-20.20599
-0.3713974;3.493231;1.698761;-12.33244
-0.4821091;3.687088;1.866719;-14.48109
-0.1619049;3.709106;2.222258;-4.166981