ydiffs;heights;distances;angles
-0.3552167;3.454723;2.485574;-8.133147
0.0355578;3.613908;2.241036;0.9090173
-0.07466611;3.59059;1.991046;-2.14764
0.1771436;4;1.909125;5.301174
0.08868148;3.21409;1.809662;2.805503
0.2809693;3.291173;2.022111;7.910513
0.193618;3.59766;1.776362;6.220509
0.3936843;3.334823;1.687943;13.12858
0.2883069;3.615335;1.996873;8.215544