ydiffs;heights;distances;angles
1.775358;3.629788;1.743025;45.52653
0.4765677;3.354425;1.854485;14.41209
0.5873542;3.319633;1.827278;17.81931
0.4726553;3.730554;2.019234;13.1744
0.4674557;4;1.866709;14.05873
-1.033526;3.782229;1.701876;-31.26974
0.5674908;3.748609;2.266029;14.05965
0.5505359;3.46679;1.53618;19.71665
0.1233325;3.723187;1.420736;4.961345