ydiffs;heights;distances;angles
-0.002723505;4;2.060331;-0.07573796
-0.09717005;3.68421;1.378494;-4.032111
0.02578488;3.554511;1.741443;0.8482945
-0.18787;3.364557;1.761971;-6.086163
-0.04042502;3.495648;1.671817;-1.385159
-0.2895044;3.429312;1.683558;-9.75715
-0.3770247;3.59727;2.014229;-10.60198
-0.5233611;3.469049;2.175523;-13.5265
-0.3724189;3.041401;1.996602;-10.56576