ydiffs;heights;distances;angles
-1.033099;3.435801;2.501111;-22.44336
-0.7126414;3.687256;1.907419;-20.48647
-1.03607;3.404253;1.9196;-28.35717
-0.821322;3.950603;1.811371;-24.39075
-1.170101;3.672513;1.577217;-36.57088
-0.9843048;2.910021;1.773271;-29.03371
-1.317868;3.400394;2.214369;-30.75872
-1.234639;3.496281;1.934274;-32.54991
-1.479617;3.981325;1.733136;-40.48812