ydiffs;heights;distances;angles
-1.772855;2.897146;1.780877;-44.87067
-1.370118;3.631035;1.425391;-43.86729
-1.285276;3.955412;1.456956;-41.41763
-1.405682;4;2.08979;-33.92646
-1.404154;3.132729;1.458487;-43.91267
-0.9835318;3.764307;1.729851;-29.62101
-0.9309182;3.488008;1.82382;-27.04078
-1.316287;3.729151;1.564997;-40.06652
-1.143259;3.444508;1.894845;-31.10478