ydiffs;heights;distances;angles
-1.230523;3.708148;1.771013;-34.79209
-0.8453178;3.6297;1.704239;-26.38182
-0.2998612;3.585772;1.970797;-8.651329
-0.3125398;3.800249;1.786681;-9.922219
-0.648573;3.448768;1.67928;-21.11761
-0.4675469;3.766062;2.201714;-11.989
-0.007881307;3.492038;1.922463;-0.2348878
-0.03511494;3.50024;2.140185;-0.9399921
-0.329428;2.7662;1.854004;-10.07542