ydiffs;heights;distances;angles
-0.5161433;3.296062;1.986516;-14.56474
-0.6427603;3.662949;2.116126;-16.89584
-0.5369735;3.379062;1.852136;-16.16799
-1.470451;3.129363;2.037118;-35.82284
-1.262929;4;1.836189;-34.52016
-1.299261;3.609372;2.031172;-32.60546
-1.297936;3.719264;1.992343;-33.08272
-0.9773211;3.543598;1.716846;-29.65087
-0.9050568;3.834164;2.43787;-20.36739