ydiffs;heights;distances;angles
0.002344469;3.573849;2.184535;0.06149049
-0.0932398;3.285533;2.123414;-2.514261
0.01432819;3.899027;1.517991;0.5407938
0.4197369;3.832327;2.044526;11.60151
0.4478618;2.541343;1.622386;15.43223
0.1513302;2.70659;2.087787;4.14575
0.2732953;3.443324;2.001591;7.775032
2.398457;3.403087;2.07834;49.09003
-0.6311352;4;1.609761;-21.40854