ydiffs;heights;distances;angles
0.1980259;3.276703;2.239837;5.052431
0.4863366;3.580368;2.305734;11.91052
-0.8906695;3.904347;1.714425;-27.45255
2.252292;3.141554;1.824014;50.9978
0.1361437;3.566738;2.058445;3.783979
0.04115963;3.497284;1.194552;1.97341
0.4555829;3.135625;1.319862;19.04337
0.2841246;3.721511;2.087819;7.749595
-0.08129376;3.829026;1.797175;-2.589962