ydiffs;heights;distances;angles
-0.1037516;3.530674;1.852305;-3.20591
-0.3609413;3.775718;1.97021;-10.38143
-0.3745288;3.271816;1.735209;-12.17991
-0.03394938;3.409257;1.783561;-1.090471
-0.1467531;4;1.561576;-5.368749
-0.6451028;3.662478;1.931584;-18.46808
-0.6525539;3.351481;1.782244;-20.10978
-0.2835412;3.552623;1.920101;-8.400156
-0.4482927;3.252812;1.713607;-14.66046