ydiffs;heights;distances;angles
-1.403839;3.650424;2.05269;-34.36831
-1.514732;3.306797;1.813051;-39.87743
-1.484706;4;2.066248;-35.69918
-1.344253;3.731865;2.324446;-30.04127
-1.424462;3.639794;2.063088;-34.62319
-1.454742;3.788969;2.28541;-32.47816
-1.393553;4;2.25743;-31.68781
-1.511172;3.849256;1.823591;-39.64783
-1.446678;3.460465;1.79266;-38.90355