ydiffs;heights;distances;angles
-1.637379;3.942638;2.219558;-36.41638
-1.293312;2.963829;1.438065;-41.96636
-0.6652537;3.472963;2.216263;-16.70813
-0.6610366;3.668141;1.659621;-21.71768
-1.051731;3.516849;1.851774;-29.59477
-0.862117;3.766814;1.921837;-24.16053
-0.3145526;3.050555;1.701889;-10.47155
-0.3256303;3.925783;1.915685;-9.646996
-0.6970519;3.504151;1.399173;-26.48196