ydiffs;heights;distances;angles
-0.2603378;3.763074;1.663108;-8.896705
-0.3965718;3.341285;2.15207;-10.44103
-0.27291;3.878917;1.301256;-11.84486
0.1807093;3.771436;2.130442;4.848363
0.1930814;3.544485;1.890732;5.830828
-0.09430479;3.354203;1.434839;-3.760358
0.03362581;3.960407;1.92103;1.002806
0.3990705;3.840545;1.705239;13.17167
0.388211;3.294913;1.95836;11.21254