ydiffs;heights;distances;angles
1.372201;2.889455;1.831311;36.84421
0.285605;3.594548;1.825229;8.893312
0.1846039;3.503072;1.986027;5.310462
3.940303;3.698917;2.08568;62.10686
-0.01179211;3.519088;1.448031;-0.4665806
0.05727722;3.840079;2.051624;1.599168
0.513086;3.139315;2.309356;12.52634
0.3582846;3.847525;1.638566;12.33402
-0.0439197;4;2.232462;-1.127047