ydiffs;heights;distances;angles
-0.07880318;3.633586;1.863922;-2.420918
-0.3318323;3.798108;1.704836;-11.01444
-0.3285526;3.159461;1.893667;-9.842878
-0.01329855;3.760827;2.22739;-0.3420782
-0.1164887;3.43334;1.80109;-3.700551
-0.6051454;3.221486;2.133085;-15.83837
-0.6223183;3.558714;2.369599;-14.71506
-0.2787938;3.986655;2.160571;-7.352651
-0.4248392;3.112123;1.599899;-14.87121