ydiffs;heights;distances;angles
-0.8217377;3.78869;2.666574;-17.12733
-0.7987224;3.666562;2.280817;-19.29982
-1.386778;3.149181;1.464859;-43.43157
-1.24837;3.909133;1.993763;-32.05224
-0.9140384;3.597447;2.061685;-23.90989
-1.129327;3.546194;1.963257;-29.90886
-1.523066;3.42247;2.030797;-36.86932
-1.474128;3.739426;1.843768;-38.64301
-1.292174;3.382581;1.688051;-37.43343