ydiffs;heights;distances;angles
-1.193464;3.820364;1.9706;-31.20056
-1.11424;3.260663;2.077038;-28.21161
-1.255297;3.7086;1.659139;-37.11098
-1.249537;3.015987;1.66584;-36.87335
-0.4553573;3.473223;2.368069;-10.88458
-0.7373526;4;2.169808;-18.76899
-0.9044517;3.165754;1.884557;-25.63765
-0.9354214;3.767317;1.790416;-27.58529
-0.1670327;3.554735;2.208209;-4.325711