ydiffs;heights;distances;angles
-1.241221;3.287346;1.809192;-34.45259
-0.9246618;3.639083;2.279895;-22.0761
-1.244493;3.46034;2.279308;-28.63437
-1.129566;4;1.565891;-35.80504
-1.211284;3.510752;2.296896;-27.80524
-1.188064;3.856137;1.622707;-36.2097
-1.263779;3.218032;1.836483;-34.53387
-1.222579;3.886872;1.944911;-32.15363
-0.1826622;3.887269;1.9249;-5.420817