ydiffs;heights;distances;angles
-0.7832815;3.782125;2.160041;-19.93183
0.04415298;3.256731;2.426458;1.042466
-0.1691862;4;1.727738;-5.592773
-0.2431447;3.399429;1.731281;-7.994451
-0.2697307;3.627648;1.943955;-7.899554
0.2910729;3.471543;1.710625;9.656726
0.114383;3.732392;1.880768;3.480281
0.008613992;3.322532;2.017258;0.24466
-0.02406257;3.699352;1.245241;-1.107024