ydiffs;heights;distances;angles
0.09043433;4;1.612043;3.210882
0.1180507;3.132871;2.106525;3.207528
1.038665;3.639721;2.255932;24.72206
-0.5178711;3.564728;1.992632;-14.56847
0.8545252;3.426253;1.970151;23.44811
0.5870421;3.210063;1.789145;18.16534
0.4151174;3.423758;1.613985;14.42386
1.255067;3.789314;2.131173;30.49421
0.04756879;3.654607;1.849151;1.47359