ydiffs;heights;distances;angles
-0.08628684;3.59235;1.95581;-2.52615
0.10676;3.348644;2.042347;2.992309
-0.4650222;3.560884;2.328392;-11.29441
-0.2699333;3.352911;1.875456;-8.190305
-0.1115964;4;1.525166;-4.184877
-0.06537092;3.153142;2.275117;-1.645826
-0.7580333;3.902693;2.069289;-20.11907
-0.5505708;3.380363;1.808069;-16.93589
-0.3965376;3.674229;1.950774;-11.49008