ydiffs;heights;distances;angles
-1.078442;2.804014;2.514675;-23.21253
-0.7999702;3.863603;1.480308;-28.38714
-0.6813366;3.502287;1.711688;-21.70501
-1.369455;3.950327;2.059224;-33.62528
-1.207357;3.59525;1.598002;-37.07256
-1.042206;3.383847;1.64613;-32.33892
-0.959636;3.944076;2.460593;-21.30588
-1.489703;3.508163;1.786105;-39.82985
-1.396261;3.608544;1.860837;-36.88237