ydiffs;heights;distances;angles
-1.612635;3.753839;2.096777;-37.56396
-1.422466;3.216899;1.642625;-40.89161
-1.434497;3.541436;1.896778;-37.09952
-1.419222;3.444106;1.922073;-36.44146
-0.9565428;3.981138;1.86217;-27.18825
-1.125954;3.365371;2.10545;-28.137
-1.253883;3.664025;2.016544;-31.87326
-1.307686;3.056117;2.211826;-30.59264
-0.5790951;3.521818;2.121749;-15.26608