ydiffs;heights;distances;angles
-1.194721;3.778833;2.231026;-28.16917
-0.2522996;3.444279;1.921681;-7.479645
-0.9009057;3.334006;2.011569;-24.1258
-0.9079859;3.302038;1.847901;-26.16769
-0.871003;4;1.807572;-25.72772
-0.1100288;3.279803;1.283265;-4.900629
-0.2485789;3.553531;2.02005;-7.015312
-0.3252076;3.365076;1.907179;-9.676868
-0.3522039;3.700175;1.719533;-11.57552