ydiffs;heights;distances;angles
-0.1756455;3.347598;2.266023;-4.432287
-0.1021232;3.249833;2.031085;-2.878414
0.4430539;3.709441;1.810724;13.74918
0.307566;3.400486;1.844491;9.46688
0.2140639;3.71014;1.879635;6.49719
0.1749444;3.393464;1.705604;5.856367
1.851623;3.434319;1.638424;48.49572
0.4604025;3.225799;1.765026;14.61969
2.659789;2.963402;1.992938;53.15636