ydiffs;heights;distances;angles
2.021682;3.261462;1.891649;46.90314
0.1112974;3.566422;1.539891;4.13393
1.156755;3.725504;1.722883;33.87767
0.04749416;3.437658;2.040479;1.333375
0.229105;3.658406;2.004732;6.519598
0.4017153;3.41955;2.088449;10.88792
0.4493624;3.704836;1.612782;15.5692
-0.1338856;3.996101;2.086652;-3.67123
0.03338952;3.531521;1.509318;1.267305