ydiffs;heights;distances;angles
-1.041858;3.523849;2.442094;-23.1043
-0.6267329;3.40806;1.866286;-18.56299
-1.024736;3.834922;1.989081;-27.25665
-0.8289516;3.318038;2.258214;-20.15732
-0.7142074;3.528817;2.196402;-18.01305
-0.6477317;3.504851;2.063476;-17.42724
-1.394305;3.503171;1.758472;-38.41116
-1.16452;3.614639;1.589095;-36.23469
-0.9918777;3.552782;1.88109;-27.80218