ydiffs;heights;distances;angles
-1.695595;3.571785;1.657258;-45.65509
-1.349818;3.339384;1.583107;-40.45219
-1.26295;3.925807;2.214877;-29.69233
1.01552;3.531739;2.408149;22.86523
0.6870571;4;1.601637;23.21797
0.5042615;3.256563;1.491612;18.67859
0.5486422;3.581458;2.235913;13.78669
0.4883514;3.156615;1.825347;14.97807
0.5141839;3.815356;1.960539;14.69579