ydiffs;heights;distances;angles
-0.1100888;3.045727;1.53931;-4.09073
-0.2363006;3.700867;1.62566;-8.270405
-0.1025561;3.412137;2.231669;-2.631171
-0.3364433;3.712677;2.422197;-7.907791
-0.1951807;3.425337;1.602426;-6.944604
-1.284118;4;1.976816;-33.00731
2.784546;4;1.596197;60.17719
-0.4265098;3.745471;2.592675;-9.341813
1.742564;3.759068;1.861086;43.11626