ydiffs;heights;distances;angles
0.2805955;3.556502;2.011638;7.940727
0.3990409;3.755427;2.169785;10.42071
0.449426;4;1.769844;14.24826
0.487367;3.34013;2.015835;13.59155
0.3446549;3.303245;2.064206;9.479077
0.3990193;3.430293;2.068015;10.9209
0.4315825;3.765278;2.806308;8.743027
0.4615282;3.165868;1.794376;14.42429
0.1862537;3.933911;1.576687;6.737117