ydiffs;heights;distances;angles
0.176183;3.497034;2.042049;4.931129
-0.160977;3.786183;2.257693;-4.078376
0.02481172;3.212362;2.253959;0.6306902
-0.1615241;3.484662;1.73815;-5.309175
-0.05123869;3.288182;2.324278;-1.262881
-1.004433;3.512414;1.95467;-27.19696
-0.4514128;3.869225;2.008411;-12.66736
-0.1782207;3.179224;2.127887;-4.787623
-0.06597748;3.887995;1.588117;-2.378955