ydiffs;heights;distances;angles
-1.672413;3.344294;2.215527;-37.0477
-0.859829;3.765296;2.055632;-22.69857
-1.193365;3.853831;2.116874;-29.41167
-1.876408;3.241831;1.688364;-48.01959
-2.643019;3.817673;1.442196;-61.38036
-3.16103;3.953797;2.211183;-55.0267
0.4900072;4;1.776855;15.41738
-0.1936625;2.953974;1.643021;-6.722421
-0.5883791;3.564422;1.815334;-17.95835