ydiffs;heights;distances;angles
-0.0359089;3.702315;1.734456;-1.18604
0.006940369;3.394545;1.768355;0.2248711
-0.07155245;3.654054;1.651321;-2.481099
0.4285113;3.473963;1.334267;17.80486
0.321089;3.805978;1.744022;10.43181
0.2474146;2.998173;1.954866;7.213199
0.2436676;3.898429;1.824192;7.608283
0.4720647;3.295009;1.626354;16.18587
0.3981686;3.888661;1.879088;11.96371