ydiffs;heights;distances;angles
0.3431228;3.289375;2.122481;9.183055
0.4211644;4;1.392711;16.82564
0.3838471;3.231088;2.003943;10.84343
0.399739;3.547763;2.252875;10.06156
0.5763644;3.3333;1.816346;17.60531
0.5237845;3.459709;1.876305;15.59748
0.4225277;3.74583;2.015191;11.84174
0.4225381;3.252023;1.429729;16.46437
0.5510219;3.583035;1.89933;16.17818