ydiffs;heights;distances;angles
0.02919947;3.308144;2.035882;0.8217039
0.2478119;3.680693;1.907006;7.403987
0.2444439;3.738876;1.526151;9.099784
0.1715448;3.452499;2.242842;4.373778
0.496371;3.851505;2.074906;13.45378
0.3518651;3.087114;1.663723;11.94166
-0.1508979;3.430562;1.49577;-5.760686
0.7271953;3.375573;1.532927;25.37889
2.549768;3.161631;1.470055;60.03463