ydiffs;heights;distances;angles
-0.5019475;3.671325;1.984137;-14.19684
-0.06955744;3.434116;1.923795;-2.070706
-0.2058985;3.728012;1.689578;-6.948023
0.05975781;3.046858;2.050898;1.668977
-0.02305021;3.900136;1.517507;-0.8702286
0.1937913;3.498026;1.777214;6.223069
0.08381452;3.731728;2.213243;2.168729
-1.081858;3.525619;1.897816;-29.68548
-0.9637398;3.625096;1.837847;-27.67185