{
    "name": "root",
    "metadata": {
        "timer_format_version": "0.1.0",
        "start_time_seconds": "1683968913",
        "python_version": "3.9.13 (tags/v3.9.13:6de2ca5, May 17 2022, 16:36:42) [MSC v.1929 64 bit (AMD64)]",
        "command_line_arguments": "C:\\Users\\Kevinn\\test_ml_env\\Scripts\\mlagents-learn inference.yaml --num-envs=1 --run-id=InferCurr42d_1 --no-graphics --torch-device=cuda --time-scale=1 --inference --initialize-from=Curr42d --force",
        "mlagents_version": "0.30.0",
        "mlagents_envs_version": "0.30.0",
        "communication_protocol_version": "1.5.0",
        "pytorch_version": "2.0.1+cu118",
        "numpy_version": "1.21.2",
        "end_time_seconds": "1683969025"
    },
    "total": 112.5333621,
    "count": 1,
    "self": 0.010879299999999148,
    "children": {
        "run_training.setup": {
            "total": 0.18352020000000024,
            "count": 1,
            "self": 0.18352020000000024
        },
        "TrainerController.start_learning": {
            "total": 112.3389626,
            "count": 1,
            "self": 0.006310300000080815,
            "children": {
                "TrainerController._reset_env": {
                    "total": 9.0001609,
                    "count": 1,
                    "self": 9.0001609
                },
                "TrainerController.advance": {
                    "total": 103.33249139999992,
                    "count": 230,
                    "self": 0.005387099999865086,
                    "children": {
                        "env_step": {
                            "total": 103.32710430000006,
                            "count": 230,
                            "self": 101.62998950000014,
                            "children": {
                                "SubprocessEnvManager._take_step": {
                                    "total": 1.6938481999999322,
                                    "count": 230,
                                    "self": 0.011813499999947297,
                                    "children": {
                                        "TorchPolicy.evaluate": {
                                            "total": 1.682034699999985,
                                            "count": 152,
                                            "self": 1.682034699999985
                                        }
                                    }
                                },
                                "workers": {
                                    "total": 0.0032665999999963446,
                                    "count": 229,
                                    "self": 0.0,
                                    "children": {
                                        "worker_root": {
                                            "total": 42.130895999999964,
                                            "count": 229,
                                            "is_parallel": true,
                                            "self": 3.65260269999996,
                                            "children": {
                                                "steps_from_proto": {
                                                    "total": 0.02281370000000038,
                                                    "count": 1,
                                                    "is_parallel": true,
                                                    "self": 0.00027450000000150965,
                                                    "children": {
                                                        "_process_maybe_compressed_observation": {
                                                            "total": 0.02154179999999961,
                                                            "count": 2,
                                                            "is_parallel": true,
                                                            "self": 0.0009449999999988634,
                                                            "children": {
                                                                "_observation_to_np_array": {
                                                                    "total": 0.020596800000000748,
                                                                    "count": 65,
                                                                    "is_parallel": true,
                                                                    "self": 0.000781500000002211,
                                                                    "children": {
                                                                        "process_pixels": {
                                                                            "total": 0.019815299999998537,
                                                                            "count": 65,
                                                                            "is_parallel": true,
                                                                            "self": 0.00493499999999969,
                                                                            "children": {
                                                                                "image_decompress": {
                                                                                    "total": 0.014880299999998847,
                                                                                    "count": 130,
                                                                                    "is_parallel": true,
                                                                                    "self": 0.014880299999998847
                                                                                }
                                                                            }
                                                                        }
                                                                    }
                                                                }
                                                            }
                                                        },
                                                        "_process_rank_one_or_two_observation": {
                                                            "total": 0.00099739999999926,
                                                            "count": 4,
                                                            "is_parallel": true,
                                                            "self": 0.00099739999999926
                                                        }
                                                    }
                                                },
                                                "UnityEnvironment.step": {
                                                    "total": 38.455479600000004,
                                                    "count": 229,
                                                    "is_parallel": true,
                                                    "self": 0.11596790000000112,
                                                    "children": {
                                                        "UnityEnvironment._generate_step_input": {
                                                            "total": 0.10525269999998166,
                                                            "count": 229,
                                                            "is_parallel": true,
                                                            "self": 0.10525269999998166
                                                        },