ydiffs;heights;distances;angles
1.983697;3.70896;1.852697;46.9557
-0.3185326;3.294059;2.010683;-9.001996
0.7161734;3.875934;2.100538;18.82669
1.336313;3.930025;1.627868;39.38249
2.067867;3.85714;1.12;61.5591
-0.6451182;3.169576;2.22936;-16.13905
-1.113931;4;1.859698;-30.92096
2.263702;3.831886;2.557179;41.51634
0.01331519;3.574986;1.461015;0.5221596