ydiffs;heights;distances;angles
1.883309;3.989017;2.054199;42.51488
2.403965;3.539731;2.275803;46.56873
-1.779082;3.74722;2.198304;-38.98317
-0.3612138;3.401016;2.088912;-9.81055
-0.100334;3.833424;2.382205;-2.411765
-0.1862376;3.744368;2.129719;-4.997635
-0.20608;3.961124;2.070479;-5.684072
-0.03198874;3.642388;2.578732;-0.7107083
-0.1029522;3.538472;2.211637;-2.665208