ydiffs;heights;distances;angles
0.4622075;3.385068;2.255688;11.58004
0.009333014;3.425906;1.813642;0.2948418
0.3095483;3.983258;2.859486;6.178389
0.09085725;3.479134;1.759294;2.956365
0.4091976;2.854336;1.932689;11.95438
0.9663624;3.924041;1.915436;26.77154
-0.2798435;3.21385;1.75897;-9.039717
0.3214265;3.668387;1.806659;10.08806
0.5916458;3.443001;2.563787;12.99467