ydiffs;heights;distances;angles
1.281361;3.110841;2.470644;27.41281
0.4816949;3.340826;2.318746;11.73567
-0.0577517;3.700269;2.342307;-1.412393
1.412633;3.57298;2.530882;29.16844
0.5904565;3.926127;2.344373;14.13657
1.577023;3.734325;2.105899;36.82806
0.5350799;3.539316;2.185838;13.75517
1.447583;3.326725;1.617237;41.83159
-1.887528;4;2.664357;-35.31516