ydiffs;heights;distances;angles
-0.600249;3.599131;2.251401;-14.92846
-0.4273579;3.421222;2.143687;-11.27448
-0.3290707;3.559802;2.07836;-8.997066
-0.1088934;3.393142;2.513997;-2.480208
-0.09471843;4;1.957729;-2.769913
-0.2247413;3.326385;2.592646;-4.954251
-0.1806999;3.719586;2.717681;-3.804024
0.04443378;3.406075;1.972117;1.290713
0.06614316;3.622708;2.879484;1.315881