ydiffs;heights;distances;angles
-0.2178375;2.877498;2.052317;-6.058818
-0.03974734;3.721458;2.015623;-1.129705
-0.1789487;3.229412;2.139165;-4.781861
-0.109215;3.946779;2.621032;-2.386061
0.1153312;3.523088;2.249612;2.934823
0.005197821;3.90157;2.249403;0.1323963
-0.2455579;3.675828;1.969443;-7.107186
-0.2176372;3.529531;2.176454;-5.710378
-0.08362895;4;2.02596;-2.363752