ydiffs;heights;distances;angles
-0.624249;3.350706;2.217936;-15.71952
-0.4093118;3.885242;2.3825;-9.748212
-0.3791934;3.265223;1.879697;-11.40527
2.547262;3.524914;1.977304;52.17972
-1.888906;3.644993;2.203466;-40.6046
1.447664;3.685546;2.050869;35.21745
0.5343271;3.593143;2.482537;12.14671
1.283205;3.874671;2.448716;27.65597
-0.2418756;3.047295;2.408163;-5.735546