ydiffs;heights;distances;angles
0.3462082;3.177392;2.465759;7.992443
1.725612;3.646053;1.74504;44.67928
-2.519858;3.64625;2.054625;-50.80711
2.903188;3.326273;2.168133;53.24722
0.6259782;3.557932;2.186033;15.97925
0.235406;3.820036;2.107793;6.372593
-0.1431599;3.345901;2.145256;-3.817872
2.484258;3.730338;2.446162;45.44271
3.035195;4;2.261238;53.31367