ydiffs;heights;distances;angles
0.2178353;3.37034;2.051696;6.060575
1.161323;3.827134;2.134849;28.54547
-0.652476;3.288409;2.711757;-13.52878
0.8271519;2.966399;2.566692;17.86225
-0.4003669;3.80212;2.354343;-9.651086
-0.159045;3.298788;2.745492;-3.31541
0.7802914;3.985252;1.801114;23.42357
-1.236711;3.756432;2.257784;-28.71192
3.955375;3.556234;2.237537;60.50336