ydiffs;heights;distances;angles
-1.122561;3.322479;1.716259;-33.18768
1.609881;2.895525;2.184192;36.39245
-0.5900631;3.070518;2.698098;-12.33613
-0.4145581;3.818173;1.913003;-12.22724
-0.2053275;3.607702;1.960164;-5.979937
-0.2394587;3.739713;2.532269;-5.40199
-0.1382341;3.391256;2.235651;-3.538191
-0.1108948;3.915368;2.288255;-2.774532
-0.2347948;3.759404;1.855033;-7.213668