ydiffs;heights;distances;angles
-0.3011358;3.391437;2.532324;-6.781583
-0.2882979;3.60856;2.072063;-7.921034
-0.09205921;2.988364;2.319248;-2.27308
0.3420642;3.669533;2.142752;9.070041
0.3356425;3.557459;2.346155;8.141529
0.04112767;3.890524;2.904126;0.8113576
0.1695313;3.307032;2.031577;4.770174
0.1191146;3.39264;1.610998;4.228661
0.03361944;4;2.264861;0.850432