ydiffs;heights;distances;angles
-0.2117505;3.57675;1.845345;-6.545973
-0.1147211;3.343118;2.521938;-2.604548
-0.1317878;3.738306;2.751413;-2.742271
-0.04850565;3.475556;1.969788;-1.410613
0.4791476;3.944832;2.289468;11.82045
0.2807302;3.126434;2.363256;6.774398
0.1720912;3.576527;2.193517;4.485922
0.130283;3.592019;2.337975;3.189493
0.1741763;3.613815;2.314309;4.304002