ydiffs;heights;distances;angles
-0.501531;3.084519;2.387755;-11.86213
-0.3471358;3.729687;1.663943;-11.78416
-0.01961767;3.49879;1.777876;-0.632195
-0.05123584;3.977663;1.886058;-1.55609
-0.2657685;3.733599;1.973265;-7.670702
-0.2506711;3.939448;2.252751;-6.349374
-0.129516;4;2.358597;-3.143086
-0.3834672;3.247444;1.757162;-12.3107
-0.3139804;3.482012;2.377854;-7.522026