ydiffs;heights;distances;angles
-0.6548668;2.784764;2.152733;-16.91989
1.969052;3.760154;2.354217;39.90889
0.4148603;3.052959;2.267125;10.3698
1.577586;2.993065;2.145751;36.32384
-0.1084772;3.890898;2.245348;-2.765922
2.877246;3.580509;2.14909;53.24299
-1.273912;3.387005;2.226606;-29.77524
1.07936;4;2.067082;27.57203
0.2969667;4;1.970469;8.570473