ydiffs;heights;distances;angles
-0.4910401;3.224477;2.399489;-11.56553
1.192895;3.51635;2.131034;29.23891
0.258726;3.079572;2.243641;6.578023
0.2321121;3.58591;2.324334;5.702751
-1.286314;3.87381;2.054408;-32.05167
1.014205;4;2.031335;26.53204
-0.4126022;3.152328;2.438385;-9.604117
2.689955;3.881894;2.375454;48.55281
2.394931;3.770578;2.75562;40.99416