ydiffs;heights;distances;angles
2.146198;3.701154;2.079834;45.89967
0.2997472;3.357944;2.020147;8.439904
1.317593;3.443141;2.361678;29.15737
1.27608;3.401064;1.956102;33.11876
0.8242888;3.733819;1.72811;25.50062
2.325387;3.344976;2.250879;45.93277
-0.5687898;3.445592;1.938655;-16.35137
1.171802;3.321747;1.981465;30.59929
0.4989217;3.437366;2.090797;13.42136