ydiffs;heights;distances;angles
-0.2156745;3.499539;2.370194;-5.199279
-0.1559;3.268735;2.003916;-4.448518
-0.2119897;3.744091;1.960281;-6.172123
-0.1009182;3.465988;2.224773;-2.597221
0.002481503;4;1.943349;0.07316216
-0.0601445;3.206867;2.51168;-1.371738
0.04226438;3.638228;2.519931;0.9608768
-0.008821786;3.113883;2.284848;-0.2212176
0.1390245;3.512771;2.451241;3.246108