ydiffs;heights;distances;angles
-0.2087129;3.584542;2.221731;-5.366705
0.1981912;3.33286;2.542481;4.457301
0.1647684;3.548179;2.249215;4.189774
0.6666839;3.279031;2.171662;17.06609
0.4177138;4;2.132421;11.08317
0.4368637;4;1.910141;12.88241
0.69422;3.159221;2.627573;14.7997
0.2044587;3.649107;2.722001;4.295613
0.3657783;3.361642;2.36411;8.795141