ydiffs;heights;distances;angles
-0.3292174;3.421989;2.132948;-8.774281
-0.09798671;3.265774;2.348786;-2.388881
-0.1460779;3.506108;1.974639;-4.230865
0.02284802;3.677622;2.310262;0.5666251
-0.06042866;3.264199;2.443925;-1.416411
-0.0351236;4;2.322633;-0.8663793
-0.1103995;3.451934;2.651398;-2.384316
-0.08191337;3.74505;2.421715;-1.937265
-0.1227902;3.608937;1.97706;-3.55393