ydiffs;heights;distances;angles
2.336175;3.079318;2.226081;46.38237
0.3760321;3.164793;2.523428;8.475639
0.7632593;3.719972;2.042603;20.4892
0.4754425;3.383705;1.857193;14.35937
2.051189;3.483634;2.017198;45.47869
-0.6832728;3.634799;2.524718;-15.14339
1.285224;3.467668;2.085638;31.64245
1.333629;3.222777;1.848707;35.80611
1.825978;3.777559;2.312835;38.29101