ydiffs;heights;distances;angles
0.06532926;3.870981;2.202132;1.69926
-0.3396807;3.327397;2.079549;-9.276961
-0.1145677;3.673813;2.195493;-2.987163
0.0745617;3.503474;2.693231;1.58582
0.1408702;3.790668;2.037704;3.954672
-0.2370873;4;1.639761;-8.22718
-0.1329322;3.121175;2.134216;-3.564134
-0.07608584;3.682826;1.96705;-2.215106
-0.06165034;3.597002;2.243272;-1.574226