ydiffs;heights;distances;angles
-0.3862038;3.284133;2.133372;-10.26111
-0.0516811;3.442054;2.013591;-1.470238
-0.2061534;3.935614;2.90876;-4.053962
-0.3036127;2.646772;2.268501;-7.623078
-0.2233231;3.632027;2.028583;-6.282293
0.1612932;3.306057;2.223229;4.149486
0.120312;3.726427;2.088052;3.297694
0.6246715;3.442118;1.573202;21.65654
0.3975453;3.851276;2.456876;9.191325