ydiffs;heights;distances;angles
-0.1850469;3.501399;2.435752;-4.344482
0.08392326;3.360171;2.163079;2.221851
-0.0184199;4;1.94937;-0.5413805
0.1664256;3.098103;2.671861;3.564249
0.003452877;4;2.166859;0.0913004
0.06205619;3.609437;1.908889;1.861976
-0.06989728;3.463342;2.512148;-1.59377
-0.0132235;3.750786;1.93082;-0.3923924
-0.1108619;3.453687;1.771729;-3.580483