ydiffs;heights;distances;angles
-0.4817413;3.641233;1.883007;-14.35052
-0.3213742;3.006202;2.23364;-8.187479
-0.253466;3.914906;2.12469;-6.802978
-0.5589578;3.358421;2.311354;-13.5949
2.216659;4;2.367245;43.11845
0.442801;4;1.747783;14.21676
-0.6870799;3.195394;1.722368;-21.74784
0.1730275;3.675618;2.197063;4.502976
4.715549;3.230663;2.186149;65.12735