ydiffs;heights;distances;angles
-0.1094906;3.471419;2.397005;-2.615343
-0.06221801;3.659071;2.081159;-1.712396
1.816281;3.692562;2.583272;35.1108
-0.9703515;3.682552;2.330238;-22.60769
1.28698;4;2.377013;28.43232
0.2525409;4;2.656879;5.429751
3.355727;3.255163;2.059011;58.46751
-0.9492718;3.767791;2.178227;-23.54759
0.7125139;3.452998;1.9425;20.14316