ydiffs;heights;distances;angles
0.8182073;2.998133;2.262871;19.87894
2.547816;3.630244;2.114689;50.3073
-0.8201317;3.544249;2.258019;-19.96145
-0.3186148;3.351359;2.199343;-8.24299
-0.0356591;3.911611;2.135895;-0.9564732
-0.1186164;3.375501;2.108105;-3.220458
-0.1081402;3.714804;1.913172;-3.235148
-0.07049415;3.614537;2.333784;-1.730147
-0.04625795;3.906657;2.412814;-1.098328