ydiffs;heights;distances;angles
-0.2971592;3.647868;1.7574;-9.59738
-0.04934239;3.456603;1.569115;-1.80113
0.06220388;3.545755;2.423957;1.470008
0.1788186;3.049096;2.157268;4.738486
0.3125821;3.754881;2.490423;7.153991
0.3800637;3.670308;2.208112;9.766145
0.4740891;3.519949;2.189203;12.21917
0.4768541;3.539192;2.258822;11.92054
0.3353383;3.537294;2.731899;6.998003