ydiffs;heights;distances;angles
-0.2048292;3.567316;2.195128;-5.33088
-0.1036897;3.456557;1.971714;-3.010332
-0.05876982;3.977045;2.202125;-1.528734
-0.01522478;3.331691;2.412156;-0.3616283
-0.01820078;2.966707;2.229045;-0.4678259
-0.06570488;3.802952;2.335804;-1.611274
-0.0966156;3.561201;2.367091;-2.337297
-0.1186979;3.631468;2.610709;-2.603204
-0.1373173;3.333609;2.543096;-3.090749