ydiffs;heights;distances;angles
0.7404986;3.18891;1.412685;27.66256
2.335221;3.011518;1.995255;49.48882
0.8758724;3.457031;1.92193;24.49996
-0.5715044;3.230669;2.096381;-15.24912
1.622638;3.727909;2.317723;34.99588
-0.06792521;3.632219;1.60194;-2.427993
0.6887239;3.585207;2.343032;16.38046
0.1001782;3.717822;2.432742;2.358059
-1.527718;3.431124;1.898575;-38.82243