ydiffs;heights;distances;angles
-0.5807782;3.531695;2.409747;-13.55055
-0.3570898;3.309576;1.724896;-11.69621
1.322129;3.400913;1.769936;36.75947
-1.734293;3.62498;2.476211;-35.0067
4.610812;3.743203;2.242742;64.06128
-0.231004;3.49098;2.494057;-5.291738
1.238589;3.476523;1.826214;34.1462
0.1888495;3.5774;2.456443;4.396208
1.972752;2.789566;1.884013;46.31807