ydiffs;heights;distances;angles
1.041491;3.117565;2.084347;26.55004
-0.3730552;3.721271;2.070754;-10.21254
0.8520914;3.390379;2.461527;19.094
2.196351;3.527981;2.394849;42.5244
-2.749569;2.869894;2.596265;-46.64264
-2.002729;3.761;2.249253;-41.68179
1.121707;3.798565;2.128073;27.7937
1.782991;3.567247;2.357234;37.10355
0.4797875;3.919246;2.780481;9.790296