ydiffs;heights;distances;angles
-0.1905501;3.511626;2.079806;-5.234777
0.05210122;3.111398;2.389467;1.24911
0.1977342;3.782812;1.615649;6.977551
0.3773797;3.583936;1.859865;11.47
0.4767909;3.932095;2.308655;11.66886
0.348344;3.844974;1.99596;9.899812
0.2542357;3.498534;2.235657;6.487723
0.1971378;3.938908;2.213441;5.089561
0.1424412;3.32674;2.314794;3.521265