ydiffs;heights;distances;angles
-0.359179;3.580219;2.646747;-7.72816
-0.2334031;3.209836;2.030826;-6.556244
-0.1445316;3.297306;2.585951;-3.198995
-0.08786356;4;1.952725;-2.576307
-0.1255537;3.580847;1.930354;-3.721379
-0.1650936;3.962077;1.947281;-4.84604
-0.3846862;3.368167;2.151861;-10.13564
-0.249585;3.98442;2.012393;-7.06995
-0.145345;3.757324;2.308973;-3.601896