ydiffs;heights;distances;angles
1.433382;4;1.927886;36.63078
-0.473692;3.17819;1.849988;-14.3621
0.6590067;3.362632;1.894428;19.18103
0.5103452;3.708372;1.86265;15.32238
0.2388815;3.395565;1.503958;9.025194
-1.756292;3.771837;1.737421;-45.30947
2.755468;3.843216;2.066383;53.133
2.007214;3.905173;2.312229;40.9608
-0.001255205;3.666867;2.100612;-0.03423665