ydiffs;heights;distances;angles
2.373576;3.760822;2.370232;45.04038
-2.440842;3.214605;2.394685;-45.54689
-0.6273658;3.578021;2.289006;-15.32712
0.9792258;3.656304;2.666119;20.16753
-0.07907017;3.447983;2.792606;-1.621846
1.27696;3.271863;2.151055;30.69521
-0.8143538;3.294583;2.702124;-16.77152
1.993758;3.838793;2.726182;36.17939
0.4790895;3.470306;2.466935;10.99029