ydiffs;heights;distances;angles
-0.1420811;4;1.977023;-4.11056
1.153735;3.583188;1.9882;30.12623
-0.1463819;3.468997;2.214772;-3.781375
1.327818;3.285389;2.0263;33.23649
-0.05276147;3.652349;2.165331;-1.39582
3.258872;3.217325;1.587299;64.03068
-1.14038;3.987569;1.901738;-30.94907
1.115263;3.824919;2.300497;25.86374
-1.72249;3.822814;2.398085;-35.68883