ydiffs;heights;distances;angles
-0.7065369;3.674842;2.177144;-17.97953
-0.5240852;3.186247;1.915432;-15.30229
-0.4546537;3.769472;1.876511;-13.61955
-0.3771713;3.601018;2.00124;-10.67327
-0.3571903;3.722346;2.183109;-9.292139
-0.3845219;3.060657;2.37994;-9.177848
0.2798087;3.390191;1.696567;9.365279
0.07722326;3.9057;2.479848;1.783633
-0.02592043;3.921719;2.815563;-0.5274573