ydiffs;heights;distances;angles
-0.8970181;3.013386;2.132481;-22.81383
-0.6169661;3.752456;2.112246;-16.28256
-0.4520656;3.503504;2.418826;-10.58615
-0.3640147;3.721396;2.475059;-8.366687
-0.3238836;3.401981;1.948697;-9.436596
-0.2916316;4;2.647783;-6.285327
-0.2697281;3.995174;2.036613;-7.544319
-0.2292597;3.81602;1.914696;-6.827909
0.4996534;3.627176;2.263686;12.44707