ydiffs;heights;distances;angles
5.131817;3.741807;2.456154;64.42362
1.292993;3.402581;2.195039;30.50032
0.7610663;3.121779;2.062794;20.2515
0.4071307;3.228391;2.25478;10.23524
1.772744;3.606734;2.411724;36.31784
-0.1046336;3.516264;2.79755;-2.14197
2.617888;2.909531;2.292477;48.79146
1.438719;3.273606;2.060971;34.91806
0.1136982;3.73422;2.288087;2.844765