ydiffs;heights;distances;angles
1.247344;3.480586;2.098149;30.73138
-0.1326481;3.913;1.923157;-3.945679
0.1412828;3.136116;2.480193;3.260297
0.4644665;4;1.795443;14.50399
0.6193136;3.270742;1.728985;19.70726
1.83811;3.718138;1.950799;43.29641
0.4959306;3.378852;2.180246;12.81477
1.567471;3.588373;2.16053;35.96101
-0.0926595;3.644172;2.073768;-2.558372