ydiffs;heights;distances;angles
-1.978444;3.027343;2.113942;-43.10363
2.81472;3.376614;1.919973;55.70137
0.347123;3.381569;2.458439;8.036838
0.2037701;3.685488;1.924153;6.045162
0.3297543;3.26443;2.22906;8.414973
0.2214988;3.829165;1.966428;6.426719
2.322899;3.034419;2.219603;46.30267
-1.639647;3.824717;2.856396;-29.85696
2.800545;3.867095;2.930487;43.70113