ydiffs;heights;distances;angles
-0.3249626;3.691763;2.53705;-7.299088
1.082231;3.439677;2.272083;25.46923
-0.2014968;3.334304;2.226532;-5.171072
-0.4007727;3.710297;2.351908;-9.670499
-0.2829549;3.495963;1.762142;-9.122365
-0.3059469;4;2.044251;-8.51183
-0.3462723;3.545692;2.422166;-8.135866
-0.3814574;3.430218;2.324924;-9.317675
-0.3971728;3.644689;2.267039;-9.937058