ydiffs;heights;distances;angles
-0.6863268;3.45506;2.230931;-17.10006
-0.3933983;3.121427;1.725461;-12.84367
-0.166537;3.76513;2.446828;-3.893685
-0.1942458;3.523608;2.457468;-4.519438
-0.2317389;3.038717;2.467734;-5.364773
-0.2480941;3.69946;2.199296;-6.436108
-0.1841085;3.59549;2.323836;-4.52986
-0.1352623;4;2.443413;-3.168542
-0.09036984;3.368118;2.613613;-1.980304