ydiffs;heights;distances;angles
-0.2881917;3.810139;2.015993;-8.13547
-0.03083975;3.302882;2.282705;-0.774029
-0.6600267;3.227946;1.867193;-19.46779
-0.4248935;3.976705;2.534294;-9.517552
-0.3618123;3.533328;2.637404;-7.811363
-0.3967284;3.34383;1.945592;-11.52526
-0.3571243;3.343364;2.305012;-8.807029
-0.3270676;3.737465;2.021427;-9.190829
-0.2987999;3.618331;2.338893;-7.280256