ydiffs;heights;distances;angles
1.532202;3.276257;1.841544;39.76115
0.1087043;3.258516;2.036583;3.055312
2.217584;4;1.821488;50.60086
0.2978981;3.138546;2.157429;7.861696
1.44469;3.382276;2.002236;35.81189
-2.267588;3.699208;1.929376;-49.60721
3.037055;3.548572;2.053467;55.93589
0.08363134;3.709038;2.578807;1.857465
0.1074348;3.409246;2.216562;2.774905