ydiffs;heights;distances;angles
0.3352506;3.728082;1.829812;10.38235
-1.978577;3.988532;2.25082;-41.317
2.540092;3.557042;2.601006;44.32117
-0.1728173;2.909967;2.61248;-3.784641
-0.9483191;3.740427;2.19836;-23.3342
2.582366;3.145586;2.393132;47.17808
0.33338;2.988666;2.341205;8.104251
1.210133;3.833292;2.514063;25.70363
0.2178929;2.949267;2.153545;5.777452