ydiffs;heights;distances;angles
-0.07642308;3.580388;2.432228;-1.799699
0.6758312;3.137311;1.969091;18.94324
0.04525441;3.612193;2.510472;1.032717
2.690584;3.403699;2.017272;53.13918
-0.8640339;3.679008;1.926868;-24.15211
-1.25424;3.263286;1.965073;-32.54873
0.8705887;3.814834;2.041238;23.09826
1.153963;3.684842;2.261416;27.03447
-2.630247;3.403794;2.328581;-48.48124