ydiffs;heights;distances;angles
-0.7898241;3.643554;1.896863;-22.60608
-0.5216302;3.36653;2.023836;-14.45304
-0.5283293;3.99588;2.43149;-12.25903
-0.4351786;3.297694;1.735857;-14.07396
-0.3988534;3.675293;1.905135;-11.82449
-0.4009936;3.941686;2.401277;-9.480445
0.1624801;3.4866;2.215825;4.193829
0.1400146;3.836215;2.361028;3.393803
-0.1342964;3.345219;2.464002;-3.119725