ydiffs;heights;distances;angles
-0.4816151;3.413742;2.003634;-13.51582
-0.4689763;3.074463;1.98117;-13.31774
-0.3241007;4;2.230424;-8.267726
-0.2085998;4;2.659894;-4.484193
-0.2367611;3.301833;2.011959;-6.711524
-0.06158356;3.714132;1.892189;-1.864102
-0.1468686;4;2.387777;-3.519745
-0.09703323;3.681736;2.158607;-2.573814
-0.02277461;3.567018;1.882192;-0.6932479