ydiffs;heights;distances;angles
-0.9219367;3.627848;2.077831;-23.92694
-0.6564434;3.54329;2.102606;-17.33861
-0.4690004;3.144978;2.130067;-12.41731
-0.4210313;4;2.30475;-10.35262
-0.3190269;3.461883;1.905345;-9.50531
-0.3676529;3.923313;2.510097;-8.332839
-0.2594505;3.397418;2.606811;-5.683812
-0.3269833;3.28754;2.068352;-8.983476
0.5082923;3.475797;2.317493;12.37072