ydiffs;heights;distances;angles
0.533933;3.352573;2.227131;13.48166
-0.8156186;3.917391;2.250349;-19.92259
2.046023;3.294819;2.372262;40.77704
-0.7441612;3.884985;2.192397;-18.74866
1.23137;4;2.132602;30.00224
0.2348402;3.578614;2.307688;5.810663
0.1000796;4;1.844529;3.105684
0.5564254;3.824876;2.442634;12.83284
0.3652495;3.188447;2.047952;10.1123