ydiffs;heights;distances;angles
1.464216;3.408946;1.575306;42.90686
-1.29402;3.544194;2.375936;-28.5743
-0.3810643;3.519022;2.348274;-9.217281
2.425855;3.618251;2.227946;47.43512
0.5763084;3.375544;1.916448;16.73693
-0.05568588;3.175014;2.202913;-1.448031
0.3934168;3.320725;2.490964;8.975022
0.532687;3.900967;1.783973;16.62541
0.1000507;3.526992;1.96381;2.916541