ydiffs;heights;distances;angles
0.653304;3.297435;2.276097;16.01497
2.588928;3.612155;2.663446;44.18717
-1.596607;4;2.475196;-32.82374
1.329247;3.707893;2.587816;27.18756
0.7567604;3.448567;2.420964;17.35853
2.190468;3.481004;2.20449;44.8172
-0.923022;3.584467;2.503564;-20.23809
-0.457303;3.91927;2.486573;-10.42076
-0.2191997;3.146126;1.913267;-6.535784