ydiffs;heights;distances;angles
-0.8463351;3.550413;2.014636;-22.78695
-0.5741682;3.372221;2.326629;-13.86253
-0.5508205;3.757547;2.184191;-14.15402
-0.4349343;3.494724;2.213136;-11.11831
0.1975577;3.649966;2.296031;4.917796
0.1584621;3.481932;2.326593;3.896345
-0.1288469;3.050008;2.120091;-3.477829
-0.003782819;4;1.956622;-0.1107722
-0.1962987;3.526577;1.624855;-6.888516