ydiffs;heights;distances;angles
-0.5863011;3.746724;2.093696;-15.64393
-0.4096901;3.519917;1.735476;-13.28252
-0.3721995;3.339068;2.175866;-9.706959
-0.12586;3.734073;2.558595;-2.81617
-0.1805638;3.454366;2.223852;-4.6419
-0.001185795;4;2.627162;-0.02586101
-0.09264252;3.109388;1.914923;-2.769767
0.1259999;3.405549;2.145618;3.360795
0.02015475;3.593194;2.691317;0.4290689