ydiffs;heights;distances;angles
-0.7475355;3.90536;2.343781;-17.68979
-0.8870446;4;2.33554;-20.79692
2.002206;3.28347;2.245199;41.72569
-0.06996172;3.349926;1.761386;-2.274575
2.746409;2.925551;1.83686;56.2245
-0.7794209;3.558296;2.252705;-19.08528
5.131817;3.742792;1.994457;68.76162
0.7049931;3.625776;2.211204;17.68373
0.9851092;3.638044;1.635398;31.06336