ydiffs;heights;distances;angles
0.09758348;3.663903;2.064473;2.706242
0.1020056;3.129097;2.314147;2.523915
1.133907;3.305477;2.535636;24.09364
0.4292356;3.828854;2.760156;8.839343
4.444708;4;2.175148;63.92383
-0.2951827;3.493298;2.086818;-8.051139
1.601964;3.1853;1.929191;39.70561
2.202904;3.225407;2.414158;42.38026
1.055114;4;2.669571;21.56577