ydiffs;heights;distances;angles
-0.03460753;2.815877;2.568437;-0.771966
0.5407739;3.177435;2.59384;11.77656
0.4982035;3.54496;2.038839;13.73151
-0.1463542;3.828331;1.923563;-4.350965
1.394485;3.736392;2.52028;28.956
-0.2144502;3.80245;2.150335;-5.695206
1.270475;3.55602;2.056962;31.7014
0.5565653;4;2.16349;14.42672
0.1375771;3.531376;2.742645;2.871674