ydiffs;heights;distances;angles
-0.7047244;3.323395;1.846037;-20.89434
-0.4610758;4;2.59902;-10.05982
-0.3685249;3.915986;2.536512;-8.266549
-0.2851244;3.748775;1.956098;-8.293133
0.2272275;3.36002;2.1263;6.099776
0.06064568;3.522845;2.126676;1.633441
0.2633461;3.814015;2.023246;7.415938
0.1573757;3.260268;2.860795;3.148735
-0.1709108;3.728799;2.132422;-4.582387