ydiffs;heights;distances;angles
1.008788;3.167606;2.337169;23.34638
-0.6709244;3.723627;1.868589;-19.75088
-0.3573547;3.562271;1.994523;-10.15779
-0.1432095;3.236554;2.100974;-3.899443
-0.2083574;4;2.568483;-4.637724
-0.05268112;3.478334;2.087907;-1.445354
-0.1143943;3.832015;2.335409;-2.804252
-0.1545576;3.364536;2.444691;-3.617523
-0.175825;3.595411;1.959962;-5.126188