ydiffs;heights;distances;angles
-0.4265876;3.185833;2.069349;-11.64812
-0.2036675;3.329203;1.69321;-6.85886
-0.05149956;3.972965;2.390812;-1.233996
-0.1834686;3.963912;2.012573;-5.208757
-0.05634006;3.192547;2.236511;-1.443036
0.2806963;3.359864;2.256586;7.090592
0.2993652;4;2.812704;6.075305
0.02139958;3.559018;2.236284;0.5482612
0.1385521;3.826011;1.973026;4.016897