ydiffs;heights;distances;angles
-0.6842023;3.546124;2.171729;-17.48701
-0.4761472;3.228043;2.018109;-13.27544
-0.2680619;3.925805;1.924285;-7.930535
-0.1525255;3.496959;1.961695;-4.44591
-0.24894;3.950639;1.830362;-7.745043
-0.2084413;3.346943;1.922356;-6.18841
2.838462;3.383004;2.372314;50.11199
-2.224637;3.560072;2.252777;-44.6399
0.3502055;3.937191;1.896498;10.46233