ydiffs;heights;distances;angles
-0.1826929;3.442353;2.577848;-4.053793
-3.532269;3.581903;1.826622;-62.65541
0.7182043;3.072033;1.903231;20.67453
0.686922;3.967098;2.446297;15.68478
0.03363698;3.429842;2.171091;0.8876194
1.779341;3.70496;1.766445;45.20838
-0.3291461;3.229538;2.488599;-7.534304
0.950345;3.477659;2.433726;21.33014
3.562851;4;2.434581;55.65428