ydiffs;heights;distances;angles
0.9410918;3.186009;2.021374;24.96529
0.007442191;3.167661;2.098078;0.2032357
0.1278585;3.206706;2.611669;2.802769
0.9775029;3.910181;2.47231;21.57287
0.60588;3.43508;1.896309;17.71893
1.649003;3.288413;2.691161;31.49779
0.8877272;3.599478;2.018455;23.74015
-0.8828024;3.461823;2.259783;-21.3385
3.262032;4;2.282223;55.02212