ydiffs;heights;distances;angles
-0.576001;3.499042;1.756886;-18.1519
0.8766884;2.816783;2.597455;18.65048
-0.5367374;2.981557;1.924374;-15.5846
-0.3487488;3.760049;2.513696;-7.898761
-0.1028561;4;2.241674;-2.627094
-0.2144222;3.344144;2.018256;-6.064431
-0.3490788;3.316688;2.339022;-8.488248
-0.3270034;3.892337;2.29625;-8.104857
-0.2745366;3.579649;2.214916;-7.065717