ydiffs;heights;distances;angles
-0.3706972;3.421402;1.746899;-11.98061
-0.2381074;3.547837;2.46322;-5.521348
0.3537343;3.729736;1.919839;10.43978
0.2624484;3.42775;2.794686;5.3649
0.1947233;3.858332;2.612249;4.263081
0.1427097;3.482904;1.970979;4.141303
0.09844609;3.436367;2.046095;2.754612
0.183057;3.366305;2.178105;4.804084
0.2595996;3.392383;2.269907;6.524326