ydiffs;heights;distances;angles
-0.3933736;3.441704;1.951562;-11.39632
-0.1451025;3.079091;1.646976;-5.034896
-0.02290002;4;2.253589;-0.5821955
-0.3036229;3.732493;1.791518;-9.618972
-0.152326;3.55178;2.522095;-3.456274
-0.11907;3.732863;2.55812;-2.66496
-0.1100697;3.453865;1.936784;-3.252689
-0.2754979;4;2.244993;-6.996163
-0.2423875;3.289354;2.238227;-6.180726