{
    "name": "root",
    "gauges": {
        "Solver.Policy.Entropy.mean": {
            "value": 0.218438521027565,
            "min": 0.15808647871017456,
            "max": 0.28654566407203674,
            "count": 7380
        },
        "Solver.Policy.Entropy.sum": {
            "value": 198.779052734375,
            "min": 10.27562141418457,
            "max": 4744.7666015625,
            "count": 7380
        },
        "Solver.Score.mean": {
            "value": 7.5,
            "min": 0.07439198855507868,
            "max": 10.0,
            "count": 7375
        },
        "Solver.Score.sum": {
            "value": 180.0,
            "min": 7.0,
            "max": 807.0,
            "count": 7375
        },
        "Solver.Episode.mean": {
            "value": 1.0,
            "min": 1.0,
            "max": 1.0,
            "count": 6062
        },
        "Solver.Episode.sum": {
            "value": 1.0,
            "min": 1.0,
            "max": 1.0,
            "count": 6062
        },
        "Solver.Environment.LessonNumber.aux_input.mean": {
            "value": 4.0,
            "min": 0.0,
            "max": 4.0,
            "count": 7378
        },
        "Solver.Environment.LessonNumber.aux_input.sum": {
            "value": 4.0,
            "min": 0.0,
            "max": 4.0,
            "count": 7378
        },
        "Solver.Environment.EpisodeLength.mean": {
            "value": 60.541666666666664,
            "min": 19.693877551020407,
            "max": 78.0,
            "count": 7375
        },
        "Solver.Environment.EpisodeLength.sum": {
            "value": 1453.0,
            "min": 64.0,
            "max": 6235.0,
            "count": 7375
        },
        "Solver.Step.mean": {
            "value": 7389976.0,
            "min": 987.0,
            "max": 7389976.0,
            "count": 7390
        },
        "Solver.Step.sum": {
            "value": 7389976.0,
            "min": 987.0,
            "max": 7389976.0,
            "count": 7390
        },
        "Solver.Policy.ExtrinsicValueEstimate.mean": {
            "value": 2.2128005027770996,
            "min": 1.933828353881836,
            "max": 23.27155113220215,
            "count": 7390
        },
        "Solver.Policy.ExtrinsicValueEstimate.sum": {
            "value": 70.80961608886719,
            "min": 38.67264175415039,
            "max": 779.848876953125,
            "count": 7390
        },
        "Solver.Environment.CumulativeReward.mean": {
            "value": 3.0995998048782347,
            "min": 0.9599999785423279,
            "max": 3.9299997985363007,
            "count": 7375
        },
        "Solver.Environment.CumulativeReward.sum": {
            "value": 77.48999512195587,
            "min": 0.9599999785423279,
            "max": 278.69998690485954,
            "count": 7375
        },
        "Solver.Policy.ExtrinsicReward.mean": {
            "value": 3.0995998048782347,
            "min": 0.9599999785423279,
            "max": 3.9299997985363007,
            "count": 7375
        },
        "Solver.Policy.ExtrinsicReward.sum": {
            "value": 77.48999512195587,
            "min": 0.9599999785423279,
            "max": 278.69998690485954,
            "count": 7375
        },
        "Solver.IsTraining.mean": {
            "value": 0.0,
            "min": 0.0,
            "max": 0.0,
            "count": 7390
        },
        "Solver.IsTraining.sum": {
            "value": 0.0,
            "min": 0.0,
            "max": 0.0,
            "count": 7390
        }
    },
    "metadata": {
        "timer_format_version": "0.1.0",
        "start_time_seconds": "1684079519",
        "python_version": "3.9.13 (tags/v3.9.13:6de2ca5, May 17 2022, 16:36:42) [MSC v.1929 64 bit (AMD64)]",
        "command_line_arguments": "C:\\Users\\Kevinn\\test_ml_env\\Scripts\\mlagents-learn inference.yaml --num-envs=10 --run-id=InferenceNoCurr_Curr42d_1 --env=Z:\\Git\\Flappy_bird\\Builds\\Windows\\InferenceNoCurr\\Flappy_bird.exe --no-graphics --torch-device=cuda --time-scale=1 --inference --initialize-from=Curr42d",
        "mlagents_version": "0.30.0",
        "mlagents_envs_version": "0.30.0",
        "communication_protocol_version": "1.5.0",
        "pytorch_version": "2.0.1+cu118",
        "numpy_version": "1.21.2",
        "end_time_seconds": "1684083678"
    },
    "total": 4159.7082073,
    "count": 1,
    "self": 2.478508599999259,
    "children": {
        "run_training.setup": {
            "total": 2.0657433999999997,
            "count": 1,
            "self": 2.0657433999999997
        },
        "TrainerController.start_learning": {
            "total": 4155.1639553,
            "count": 1,
            "self": 8.779407400030323,
            "children": {
                "TrainerController._reset_env": {
                    "total": 6.5638462,
                    "count": 1,
                    "self": 6.5638462
                },
                "TrainerController.advance": {
                    "total": 4139.82065409997,
                    "count": 142792,
                    "self": 9.548303999998097,
                    "children": {
                        "env_step": {
                            "total": 4130.272350099972,
                            "count": 142792,
                            "self": 2845.7093028001364,
                            "children": {
                                "SubprocessEnvManager._take_step": {
                                    "total": 1279.360230699952,
                                    "count": 203909,
                                    "self": 18.818726100007552,
                                    "children": {
                                        "TorchPolicy.evaluate": {
                                            "total": 1260.5415045999443,
                                            "count": 113952,
                                            "self": 1260.5415045999443
                                        }
                                    }
                                },
                                "workers": {
                                    "total": 5.20281659988345,
                                    "count": 142791,
                                    "self": 0.0,
                                    "children": {
                                        "worker_root": {
                                            "total": 41491.3878332,
                                            "count": 203899,
                                            "is_parallel": true,
                                            "self": 5467.56232839977,
                                            "children": {
                                                "steps_from_proto": {
                                                    "total": 0.29181200000000107,
                                                    "count": 10,
                                                    "is_parallel": true,
                                                    "self": 0.0037016000000056337,
                                                    "children": {
                                                        "_process_maybe_compressed_observation": {
                                                            "total": 0.2743999999999982,
                                                            "count": 20,
                                                            "is_parallel": true,
                                                            "self": 0.011112399999992917,