{
    "name": "root",
    "gauges": {
        "Solver.Policy.Entropy.mean": {
            "value": 0.38042151927948,
            "min": 0.24597756564617157,
            "max": 0.3911365866661072,
            "count": 74
        },
        "Solver.Policy.Entropy.sum": {
            "value": 389.5516357421875,
            "min": 212.5246124267578,
            "max": 400.52386474609375,
            "count": 74
        },
        "Solver.Environment.EpisodeLength.mean": {
            "value": 2276.5,
            "min": 25.0,
            "max": 4481.0,
            "count": 33
        },
        "Solver.Environment.EpisodeLength.sum": {
            "value": 4553.0,
            "min": 25.0,
            "max": 4553.0,
            "count": 33
        },
        "Solver.Step.mean": {
            "value": 110964.0,
            "min": 37996.0,
            "max": 110964.0,
            "count": 74
        },
        "Solver.Step.sum": {
            "value": 110964.0,
            "min": 37996.0,
            "max": 110964.0,
            "count": 74
        },
        "Solver.Policy.ExtrinsicValueEstimate.mean": {
            "value": 0.45687755942344666,
            "min": -0.3446577191352844,
            "max": 0.48940545320510864,
            "count": 74
        },
        "Solver.Policy.ExtrinsicValueEstimate.sum": {
            "value": 7.3100409507751465,
            "min": -7.237812042236328,
            "max": 8.181811332702637,
            "count": 74
        },
        "Solver.Environment.CumulativeReward.mean": {
            "value": 10.382500797510147,
            "min": -0.875,
            "max": 21.505001574754715,
            "count": 35
        },
        "Solver.Environment.CumulativeReward.sum": {
            "value": 20.765001595020294,
            "min": -9.24999988079071,
            "max": 21.505001574754715,
            "count": 35
        },
        "Solver.Policy.ExtrinsicReward.mean": {
            "value": 10.382500797510147,
            "min": -0.875,
            "max": 21.505001574754715,
            "count": 35
        },
        "Solver.Policy.ExtrinsicReward.sum": {
            "value": 20.765001595020294,
            "min": -9.24999988079071,
            "max": 21.505001574754715,
            "count": 35
        },
        "Solver.IsTraining.mean": {
            "value": 1.0,
            "min": 1.0,
            "max": 1.0,
            "count": 74
        },
        "Solver.IsTraining.sum": {
            "value": 1.0,
            "min": 1.0,
            "max": 1.0,
            "count": 74
        },
        "Solver.Losses.PolicyLoss.mean": {
            "value": 0.06617660506391058,
            "min": 0.05045204753211389,
            "max": 0.09421860989338408,
            "count": 34
        },
        "Solver.Losses.PolicyLoss.sum": {
            "value": 0.06617660506391058,
            "min": 0.05045204753211389,
            "max": 0.09421860989338408,
            "count": 34
        },
        "Solver.Losses.ValueLoss.mean": {
            "value": 3.0008855402211694e-05,
            "min": 2.3700818815086677e-05,
            "max": 0.03742057368314514,
            "count": 34
        },
        "Solver.Losses.ValueLoss.sum": {
            "value": 3.0008855402211694e-05,
            "min": 2.3700818815086677e-05,
            "max": 0.03742057368314514,
            "count": 34
        },
        "Solver.Policy.LearningRate.mean": {
            "value": 0.00023458142180620003,
            "min": 0.00023458142180620003,
            "max": 0.00027621960792679996,
            "count": 34
        },
        "Solver.Policy.LearningRate.sum": {
            "value": 0.00023458142180620003,
            "min": 0.00023458142180620003,
            "max": 0.00027621960792679996,
            "count": 34
        },
        "Solver.Policy.Epsilon.mean": {
            "value": 0.17819380000000007,
            "min": 0.17819380000000007,
            "max": 0.19207320000000003,
            "count": 34
        },
        "Solver.Policy.Epsilon.sum": {
            "value": 0.17819380000000007,
            "min": 0.17819380000000007,
            "max": 0.19207320000000003,
            "count": 34
        },
        "Solver.Policy.Beta.mean": {
            "value": 0.003911870620000001,
            "min": 0.003911870620000001,
            "max": 0.00460445268,
            "count": 34
        },
        "Solver.Policy.Beta.sum": {
            "value": 0.003911870620000001,
            "min": 0.003911870620000001,
            "max": 0.00460445268,
            "count": 34
        },
        "Generator.Policy.Entropy.mean": {
            "value": 1.455572485923767,
            "min": 1.455572485923767,
            "max": 1.455572485923767,
            "count": 1
        },
        "Generator.Policy.Entropy.sum": {
            "value": 1634.60791015625,
            "min": 1634.60791015625,
            "max": 1634.60791015625,
            "count": 1
        },
        "Generator.Environment.EpisodeLength.mean": {
            "value": 5.900709219858156,
            "min": 5.900709219858156,
            "max": 5.900709219858156,
            "count": 1
        },
        "Generator.Environment.EpisodeLength.sum": {
            "value": 832.0,
            "min": 832.0,
            "max": 832.0,
            "count": 1
        },
        "Generator.Step.mean": {
            "value": 15998.0,
            "min": 15998.0,
            "max": 15998.0,
            "count": 1
        },
        "Generator.Step.sum": {
            "value": 15998.0,
            "min": 15998.0,
            "max": 15998.0,
            "count": 1
        },
        "Generator.Policy.ExtrinsicValueEstimate.mean": {
            "value": 0.13684502243995667,
            "min": 0.13684502243995667,
            "max": 0.13684502243995667,
            "count": 1
        },
        "Generator.Policy.ExtrinsicValueEstimate.sum": {
            "value": 19.158302307128906,
            "min": 19.158302307128906,
            "max": 19.158302307128906,
            "count": 1
        },
        "Generator.Environment.CumulativeReward.mean": {
            "value": 0.317571433766612,
            "min": 0.317571433766612,
            "max": 0.317571433766612,
            "count": 1
        },
        "Generator.Environment.CumulativeReward.sum": {
            "value": 44.46000072732568,
            "min": 44.46000072732568,
            "max": 44.46000072732568,
            "count": 1
        },
        "Generator.Policy.ExtrinsicReward.mean": {
            "value": 0.317571433766612,
            "min": 0.317571433766612,
            "max": 0.317571433766612,
            "count": 1
        },
        "Generator.Policy.ExtrinsicReward.sum": {
            "value": 44.46000072732568,
            "min": 44.46000072732568,
            "max": 44.46000072732568,
            "count": 1
        },
        "Generator.IsTraining.mean": {
            "value": 1.0,
            "min": 1.0,
            "max": 1.0,
            "count": 1
        },
        "Generator.IsTraining.sum": {
            "value": 1.0,
            "min": 1.0,
            "max": 1.0,
            "count": 1
        }
    },
    "metadata": {
        "timer_format_version": "0.1.0",
        "start_time_seconds": "1682275816",
        "python_version": "3.9.2 (default, Feb 28 2021, 17:03:44) \n[GCC 10.2.1 20210110]",
        "command_line_arguments": "/home/bears_bears/Unity_env/bin/mlagents-learn ARLPCG.yaml --run-id ARL_v0.3 --resume",
        "mlagents_version": "0.30.0",
        "mlagents_envs_version": "0.30.0",
        "communication_protocol_version": "1.5.0",
        "pytorch_version": "1.11.0+cu102",
        "numpy_version": "1.21.2",
        "end_time_seconds": "1682276026"
    },
    "total": 209.19827878900105,
    "count": 1,
    "self": 0.011339722987031564,
    "children": {
        "run_training.setup": {
            "total": 0.03798651500255801,
            "count": 1,
            "self": 0.03798651500255801
        },