{
    "name": "root",
    "gauges": {
        "Solver.Policy.Entropy.mean": {
            "value": 0.2057490199804306,
            "min": 0.14937946200370789,
            "max": 0.30867302417755127,
            "count": 1571
        },
        "Solver.Policy.Entropy.sum": {
            "value": 160.48423767089844,
            "min": 9.709665298461914,
            "max": 4574.5341796875,
            "count": 1571
        },
        "Solver.Score.mean": {
            "value": 6.533333333333333,
            "min": 0.05832147937411095,
            "max": 10.0,
            "count": 1566
        },
        "Solver.Score.sum": {
            "value": 98.0,
            "min": 6.0,
            "max": 1105.0,
            "count": 1566
        },
        "Solver.Episode.mean": {
            "value": 1.0,
            "min": 1.0,
            "max": 1.0,
            "count": 1291
        },
        "Solver.Episode.sum": {
            "value": 1.0,
            "min": 1.0,
            "max": 1.0,
            "count": 1291
        },
        "Solver.Environment.LessonNumber.aux_input.mean": {
            "value": 0.0,
            "min": 0.0,
            "max": 0.0,
            "count": 1569
        },
        "Solver.Environment.LessonNumber.aux_input.sum": {
            "value": 0.0,
            "min": 0.0,
            "max": 0.0,
            "count": 1569
        },
        "Solver.Environment.EpisodeLength.mean": {
            "value": 53.733333333333334,
            "min": 17.867924528301888,
            "max": 72.78082191780823,
            "count": 1566
        },
        "Solver.Environment.EpisodeLength.sum": {
            "value": 806.0,
            "min": 62.0,
            "max": 8070.0,
            "count": 1566
        },
        "Solver.Step.mean": {
            "value": 1580965.0,
            "min": 976.0,
            "max": 1580965.0,
            "count": 1581
        },
        "Solver.Step.sum": {
            "value": 1580965.0,
            "min": 976.0,
            "max": 1580965.0,
            "count": 1581
        },
        "Solver.Policy.ExtrinsicValueEstimate.mean": {
            "value": 2.368967056274414,
            "min": 1.862863540649414,
            "max": 16.987834930419922,
            "count": 1581
        },
        "Solver.Policy.ExtrinsicValueEstimate.sum": {
            "value": 54.486244201660156,
            "min": 38.742431640625,
            "max": 883.3673706054688,
            "count": 1581
        },
        "Solver.Environment.CumulativeReward.mean": {
            "value": 2.692307458474086,
            "min": 0.9171153765458328,
            "max": 3.79716650446256,
            "count": 1563
        },
        "Solver.Environment.CumulativeReward.sum": {
            "value": 34.99999696016312,
            "min": 3.7699998021125793,
            "max": 338.95998042821884,
            "count": 1563
        },
        "Solver.Policy.ExtrinsicReward.mean": {
            "value": 2.692307458474086,
            "min": 0.9171153765458328,
            "max": 3.79716650446256,
            "count": 1563
        },
        "Solver.Policy.ExtrinsicReward.sum": {
            "value": 34.99999696016312,
            "min": 3.7699998021125793,
            "max": 338.95998042821884,
            "count": 1563
        },
        "Solver.IsTraining.mean": {
            "value": 0.0,
            "min": 0.0,
            "max": 0.0,
            "count": 1581
        },
        "Solver.IsTraining.sum": {
            "value": 0.0,
            "min": 0.0,
            "max": 0.0,
            "count": 1581
        }
    },
    "metadata": {
        "timer_format_version": "0.1.0",
        "start_time_seconds": "1683984853",
        "python_version": "3.9.13 (tags/v3.9.13:6de2ca5, May 17 2022, 16:36:42) [MSC v.1929 64 bit (AMD64)]",
        "command_line_arguments": "C:\\Users\\Kevinn\\test_ml_env\\Scripts\\mlagents-learn inference.yaml --num-envs=10 --run-id=InferCurr42d_-1 --env=Z:\\Git\\Flappy_bird\\Builds\\Windows\\Inference\\Flappy_bird.exe --no-graphics --torch-device=cuda --time-scale=1 --inference --initialize-from=Curr42d",
        "mlagents_version": "0.30.0",
        "mlagents_envs_version": "0.30.0",
        "communication_protocol_version": "1.5.0",
        "pytorch_version": "2.0.1+cu118",
        "numpy_version": "1.21.2",
        "end_time_seconds": "1683985890"
    },
    "total": 1037.3554826,
    "count": 1,
    "self": 3.484161299999869,
    "children": {
        "run_training.setup": {
            "total": 2.2217268999999997,
            "count": 1,
            "self": 2.2217268999999997
        },
        "TrainerController.start_learning": {
            "total": 1031.6495944,
            "count": 1,
            "self": 1.9132897999993475,
            "children": {
                "TrainerController._reset_env": {
                    "total": 6.7600066000000005,
                    "count": 1,
                    "self": 6.7600066000000005
                },
                "TrainerController.advance": {
                    "total": 1022.9762298000007,
                    "count": 31757,
                    "self": 3.6018021000074896,
                    "children": {
                        "env_step": {
                            "total": 1019.3744276999932,
                            "count": 31757,
                            "self": 709.7448564000114,
                            "children": {
                                "SubprocessEnvManager._take_step": {
                                    "total": 308.41040169998865,
                                    "count": 44702,
                                    "self": 4.4894979999889415,
                                    "children": {
                                        "TorchPolicy.evaluate": {
                                            "total": 303.9209036999997,
                                            "count": 24600,
                                            "self": 303.9209036999997
                                        }
                                    }
                                },
                                "workers": {
                                    "total": 1.219169599993231,
                                    "count": 31757,
                                    "self": 0.0,
                                    "children": {
                                        "worker_root": {
                                            "total": 10266.950390299975,
                                            "count": 44693,
                                            "is_parallel": true,
                                            "self": 1344.7779028000386,
                                            "children": {
                                                "steps_from_proto": {
                                                    "total": 0.3394324000000015,
                                                    "count": 10,
                                                    "is_parallel": true,
                                                    "self": 0.004553800000002717,
                                                    "children": {
                                                        "_process_maybe_compressed_observation": {
                                                            "total": 0.3187622999999995,
                                                            "count": 20,
                                                            "is_parallel": true,
                                                            "self": 0.014212499999997519,