{
    "name": "root",
    "gauges": {
        "Solver.Policy.Entropy.mean": {
            "value": 0.1835879236459732,
            "min": 0.1209510937333107,
            "max": 0.23498162627220154,
            "count": 1311
        },
        "Solver.Policy.Entropy.sum": {
            "value": 190.9314422607422,
            "min": 12.560982704162598,
            "max": 3848.9990234375,
            "count": 1311
        },
        "Solver.Score.mean": {
            "value": 7.375,
            "min": 0.03994490358126722,
            "max": 10.0,
            "count": 1306
        },
        "Solver.Score.sum": {
            "value": 177.0,
            "min": 2.0,
            "max": 804.0,
            "count": 1306
        },
        "Solver.Episode.mean": {
            "value": 1.0,
            "min": 1.0,
            "max": 1.0,
            "count": 1048
        },
        "Solver.Episode.sum": {
            "value": 1.0,
            "min": 1.0,
            "max": 1.0,
            "count": 1048
        },
        "Solver.Environment.LessonNumber.aux_input.mean": {
            "value": 0.0,
            "min": 0.0,
            "max": 0.0,
            "count": 1309
        },
        "Solver.Environment.LessonNumber.aux_input.sum": {
            "value": 0.0,
            "min": 0.0,
            "max": 0.0,
            "count": 1309
        },
        "Solver.Environment.EpisodeLength.mean": {
            "value": 61.875,
            "min": 12.460526315789474,
            "max": 79.95,
            "count": 1306
        },
        "Solver.Environment.EpisodeLength.sum": {
            "value": 1485.0,
            "min": 27.0,
            "max": 6278.0,
            "count": 1306
        },
        "Solver.Step.mean": {
            "value": 1319943.0,
            "min": 997.0,
            "max": 1319943.0,
            "count": 1320
        },
        "Solver.Step.sum": {
            "value": 1319943.0,
            "min": 997.0,
            "max": 1319943.0,
            "count": 1320
        },
        "Solver.Policy.ExtrinsicValueEstimate.mean": {
            "value": 1.7437678575515747,
            "min": 1.2962818145751953,
            "max": 2.3198018074035645,
            "count": 1320
        },
        "Solver.Policy.ExtrinsicValueEstimate.sum": {
            "value": 50.56926727294922,
            "min": 32.928993225097656,
            "max": 155.22515869140625,
            "count": 1320
        },
        "Solver.Environment.CumulativeReward.mean": {
            "value": 3.096086745676787,
            "min": 0.6414666617910068,
            "max": 4.045454323291779,
            "count": 1301
        },
        "Solver.Environment.CumulativeReward.sum": {
            "value": 71.2099951505661,
            "min": 1.9599997997283936,
            "max": 263.1699869260192,
            "count": 1301
        },
        "Solver.Policy.ExtrinsicReward.mean": {
            "value": 3.096086745676787,
            "min": 0.6414666617910068,
            "max": 4.045454323291779,
            "count": 1301
        },
        "Solver.Policy.ExtrinsicReward.sum": {
            "value": 71.2099951505661,
            "min": 1.9599997997283936,
            "max": 263.1699869260192,
            "count": 1301
        },
        "Solver.IsTraining.mean": {
            "value": 0.0,
            "min": 0.0,
            "max": 0.0,
            "count": 1320
        },
        "Solver.IsTraining.sum": {
            "value": 0.0,
            "min": 0.0,
            "max": 0.0,
            "count": 1320
        }
    },
    "metadata": {
        "timer_format_version": "0.1.0",
        "start_time_seconds": "1683988597",
        "python_version": "3.9.13 (tags/v3.9.13:6de2ca5, May 17 2022, 16:36:42) [MSC v.1929 64 bit (AMD64)]",
        "command_line_arguments": "C:\\Users\\Kevinn\\test_ml_env\\Scripts\\mlagents-learn inference.yaml --num-envs=10 --run-id=InferPCG_2_aux_0.5 --env=Z:\\Git\\Flappy_bird\\Builds\\Windows\\Inference\\Flappy_bird.exe --no-graphics --torch-device=cuda --time-scale=1 --inference --initialize-from=PCG_2",
        "mlagents_version": "0.30.0",
        "mlagents_envs_version": "0.30.0",
        "communication_protocol_version": "1.5.0",
        "pytorch_version": "2.0.1+cu118",
        "numpy_version": "1.21.2",
        "end_time_seconds": "1683989486"
    },
    "total": 888.7475515000001,
    "count": 1,
    "self": 3.328354699999977,
    "children": {
        "run_training.setup": {
            "total": 2.4556829000000002,
            "count": 1,
            "self": 2.4556829000000002
        },
        "TrainerController.start_learning": {
            "total": 882.9635139000001,
            "count": 1,
            "self": 1.722886200010521,
            "children": {
                "TrainerController._reset_env": {
                    "total": 7.387289099999999,
                    "count": 1,
                    "self": 7.387289099999999
                },
                "TrainerController.advance": {
                    "total": 873.8533053999896,
                    "count": 26052,
                    "self": 3.72980589998906,
                    "children": {
                        "env_step": {
                            "total": 870.1234995000005,
                            "count": 26052,
                            "self": 625.9177707000028,
                            "children": {
                                "SubprocessEnvManager._take_step": {
                                    "total": 243.18474549999877,
                                    "count": 36005,
                                    "self": 4.0291440999977794,
                                    "children": {
                                        "TorchPolicy.evaluate": {
                                            "total": 239.155601400001,
                                            "count": 20589,
                                            "self": 239.155601400001
                                        }
                                    }
                                },
                                "workers": {
                                    "total": 1.0209832999989228,
                                    "count": 26051,
                                    "self": 0.0,
                                    "children": {
                                        "worker_root": {
                                            "total": 8774.139730699973,
                                            "count": 35995,
                                            "is_parallel": true,
                                            "self": 1100.5101682999575,
                                            "children": {
                                                "steps_from_proto": {
                                                    "total": 0.3306338999999996,
                                                    "count": 10,
                                                    "is_parallel": true,
                                                    "self": 0.004570099999999577,
                                                    "children": {
                                                        "_process_maybe_compressed_observation": {
                                                            "total": 0.30832930000000136,
                                                            "count": 20,
                                                            "is_parallel": true,
                                                            "self": 0.012952100000007682,