{
    "name": "root",
    "gauges": {
        "FlappyBird.Policy.Entropy.mean": {
            "value": 0.14718793332576752,
            "min": 0.1433742493391037,
            "max": 0.684454083442688,
            "count": 93
        },
        "FlappyBird.Policy.Entropy.sum": {
            "value": 136.00164794921875,
            "min": 123.87535095214844,
            "max": 747.423828125,
            "count": 93
        },
        "FlappyBird.Environment.EpisodeLength.mean": {
            "value": 99.0,
            "min": 11.481481481481481,
            "max": 99.0,
            "count": 93
        },
        "FlappyBird.Environment.EpisodeLength.sum": {
            "value": 990.0,
            "min": 792.0,
            "max": 1208.0,
            "count": 93
        },
        "FlappyBird.Step.mean": {
            "value": 92949.0,
            "min": 999.0,
            "max": 92949.0,
            "count": 93
        },
        "FlappyBird.Step.sum": {
            "value": 92949.0,
            "min": 999.0,
            "max": 92949.0,
            "count": 93
        },
        "FlappyBird.Policy.ExtrinsicValueEstimate.mean": {
            "value": 54.75726318359375,
            "min": 2.6754708290100098,
            "max": 54.75726318359375,
            "count": 93
        },
        "FlappyBird.Policy.ExtrinsicValueEstimate.sum": {
            "value": 1095.145263671875,
            "min": 214.03765869140625,
            "max": 1122.4906005859375,
            "count": 93
        },
        "FlappyBird.Environment.CumulativeReward.mean": {
            "value": 99.7999995838512,
            "min": 11.117499974370002,
            "max": 99.82222154405382,
            "count": 93
        },
        "FlappyBird.Environment.CumulativeReward.sum": {
            "value": 1097.7999954223633,
            "min": 780.1999969482422,
            "max": 1249.9999923706055,
            "count": 93
        },
        "FlappyBird.Policy.ExtrinsicReward.mean": {
            "value": 99.7999995838512,
            "min": 11.117499974370002,
            "max": 99.82222154405382,
            "count": 93
        },
        "FlappyBird.Policy.ExtrinsicReward.sum": {
            "value": 1097.7999954223633,
            "min": 780.1999969482422,
            "max": 1249.9999923706055,
            "count": 93
        },
        "FlappyBird.Losses.PolicyLoss.mean": {
            "value": 0.3590603518144538,
            "min": 0.35098587931133807,
            "max": 1.060933365719393,
            "count": 58
        },
        "FlappyBird.Losses.PolicyLoss.sum": {
            "value": 0.3590603518144538,
            "min": 0.35098587931133807,
            "max": 2.121866731438786,
            "count": 58
        },
        "FlappyBird.Losses.ValueLoss.mean": {
            "value": 29.953155994415283,
            "min": 19.030520290136337,
            "max": 98.92894744873047,
            "count": 58
        },
        "FlappyBird.Losses.ValueLoss.sum": {
            "value": 29.953155994415283,
            "min": 29.953155994415283,
            "max": 98.92894744873047,
            "count": 58
        },
        "FlappyBird.Policy.LearningRate.mean": {
            "value": 0.0002450322183226,
            "min": 0.0002450322183226,
            "max": 0.00029963130012289997,
            "count": 58
        },
        "FlappyBird.Policy.LearningRate.sum": {
            "value": 0.0002450322183226,
            "min": 0.0002450322183226,
            "max": 0.0005992626002457999,
            "count": 58
        },
        "FlappyBird.Policy.Epsilon.mean": {
            "value": 0.18167740000000002,
            "min": 0.18167740000000002,
            "max": 0.19987710000000003,
            "count": 58
        },
        "FlappyBird.Policy.Epsilon.sum": {
            "value": 0.18167740000000002,
            "min": 0.18167740000000002,
            "max": 0.39975420000000006,
            "count": 58
        },
        "FlappyBird.Policy.Beta.mean": {
            "value": 0.00408570226,
            "min": 0.00408570226,
            "max": 0.0049938672900000005,
            "count": 58
        },
        "FlappyBird.Policy.Beta.sum": {
            "value": 0.00408570226,
            "min": 0.00408570226,
            "max": 0.009987734580000001,
            "count": 58
        },
        "FlappyBird.IsTraining.mean": {
            "value": 1.0,
            "min": 1.0,
            "max": 1.0,
            "count": 93
        },
        "FlappyBird.IsTraining.sum": {
            "value": 1.0,
            "min": 1.0,
            "max": 1.0,
            "count": 93
        }
    },
    "metadata": {
        "timer_format_version": "0.1.0",
        "start_time_seconds": "1679387847",
        "python_version": "3.9.2 (default, Feb 28 2021, 17:03:44) \n[GCC 10.2.1 20210110]",
        "command_line_arguments": "/home/bears_bears/Unity_env/bin/mlagents-learn trainer_config.yaml --run-id FlappyBird_Normal_Obs_2 --time-scale 20",
        "mlagents_version": "0.30.0",
        "mlagents_envs_version": "0.30.0",
        "communication_protocol_version": "1.5.0",
        "pytorch_version": "1.11.0+cu102",
        "numpy_version": "1.21.2",
        "end_time_seconds": "1679388078"
    },
    "total": 230.04607136699997,
    "count": 1,
    "self": 0.012004294000689697,
    "children": {
        "run_training.setup": {
            "total": 0.08832435999920563,
            "count": 1,
            "self": 0.08832435999920563
        },
        "TrainerController.start_learning": {
            "total": 229.94574271300007,
            "count": 1,
            "self": 0.28156570899955113,
            "children": {
                "TrainerController._reset_env": {
                    "total": 27.50326895699982,
                    "count": 1,
                    "self": 27.50326895699982
                },
                "TrainerController.advance": {
                    "total": 196.33527083700028,
                    "count": 8561,
                    "self": 0.30805649108515354,
                    "children": {
                        "env_step": {
                            "total": 127.68773874496765,
                            "count": 8561,
                            "self": 103.70799831288878,
                            "children": {
                                "SubprocessEnvManager._take_step": {
                                    "total": 23.820075856055155,
                                    "count": 8561,
                                    "self": 1.085418073161236,
                                    "children": {
                                        "TorchPolicy.evaluate": {
                                            "total": 22.73465778289392,
                                            "count": 7796,
                                            "self": 22.73465778289392
                                        }
                                    }
                                },
                                "workers": {
                                    "total": 0.1596645760237152,
                                    "count": 8561,
                                    "self": 0.0,
                                    "children": {
                                        "worker_root": {
                                            "total": 223.6481206110284,
                                            "count": 8561,
                                            "is_parallel": true,
                                            "self": 136.18376236698623,
                                            "children": {
                                                "run_training.setup": {
                                                    "total": 0.0,
                                                    "count": 0,
                                                    "is_parallel": true,
                                                    "self": 0.0,