{
    "name": "root",
    "gauges": {
        "FlappyBird.Policy.Entropy.mean": {
            "value": 0.09464877843856812,
            "min": 0.0672883614897728,
            "max": 0.6925042867660522,
            "count": 686
        },
        "FlappyBird.Policy.Entropy.sum": {
            "value": 99.94911193847656,
            "min": 58.2081184387207,
            "max": 781.1448364257812,
            "count": 686
        },
        "FlappyBird.Environment.EpisodeLength.mean": {
            "value": 79.41666666666667,
            "min": 13.314285714285715,
            "max": 99.0,
            "count": 686
        },
        "FlappyBird.Environment.EpisodeLength.sum": {
            "value": 953.0,
            "min": 568.0,
            "max": 1555.0,
            "count": 686
        },
        "FlappyBird.Step.mean": {
            "value": 685993.0,
            "min": 995.0,
            "max": 685993.0,
            "count": 686
        },
        "FlappyBird.Step.sum": {
            "value": 685993.0,
            "min": 995.0,
            "max": 685993.0,
            "count": 686
        },
        "FlappyBird.Policy.ExtrinsicValueEstimate.mean": {
            "value": 6.884347915649414,
            "min": 0.007483994122594595,
            "max": 8.394895553588867,
            "count": 686
        },
        "FlappyBird.Policy.ExtrinsicValueEstimate.sum": {
            "value": 151.45565795898438,
            "min": 0.4789756238460541,
            "max": 245.50962829589844,
            "count": 686
        },
        "FlappyBird.Environment.CumulativeReward.mean": {
            "value": 7.0,
            "min": 0.0,
            "max": 9.75,
            "count": 686
        },
        "FlappyBird.Environment.CumulativeReward.sum": {
            "value": 91.0,
            "min": 0.0,
            "max": 120.0,
            "count": 686
        },
        "FlappyBird.Policy.ExtrinsicReward.mean": {
            "value": 7.0,
            "min": 0.0,
            "max": 9.75,
            "count": 686
        },
        "FlappyBird.Policy.ExtrinsicReward.sum": {
            "value": 91.0,
            "min": 0.0,
            "max": 120.0,
            "count": 686
        },
        "FlappyBird.Losses.PolicyLoss.mean": {
            "value": 0.6596797739621252,
            "min": 0.18689925060122428,
            "max": 1.3386008602877457,
            "count": 468
        },
        "FlappyBird.Losses.PolicyLoss.sum": {
            "value": 0.6596797739621252,
            "min": 0.18689925060122428,
            "max": 2.6772017205754914,
            "count": 468
        },
        "FlappyBird.Losses.ValueLoss.mean": {
            "value": 2.905617099876205,
            "min": 0.015165719289749783,
            "max": 5.8891163393855095,
            "count": 468
        },
        "FlappyBird.Losses.ValueLoss.sum": {
            "value": 2.905617099876205,
            "min": 0.030331438579499565,
            "max": 5.8891163393855095,
            "count": 468
        },
        "FlappyBird.Policy.LearningRate.mean": {
            "value": 0.00025892785369072,
            "min": 0.00025892785369072,
            "max": 0.00029995668001444,
            "count": 468
        },
        "FlappyBird.Policy.LearningRate.sum": {
            "value": 0.00025892785369072,
            "min": 0.00025892785369072,
            "max": 0.00059991336002888,
            "count": 468
        },
        "FlappyBird.Policy.Epsilon.mean": {
            "value": 0.18630928000000002,
            "min": 0.18630928000000002,
            "max": 0.19998556,
            "count": 468
        },
        "FlappyBird.Policy.Epsilon.sum": {
            "value": 0.18630928000000002,
            "min": 0.18630928000000002,
            "max": 0.39997112,
            "count": 468
        },
        "FlappyBird.Policy.Beta.mean": {
            "value": 0.004316833072,
            "min": 0.004316833072,
            "max": 0.0049992794440000005,
            "count": 468
        },
        "FlappyBird.Policy.Beta.sum": {
            "value": 0.004316833072,
            "min": 0.004316833072,
            "max": 0.009998558888000001,
            "count": 468
        },
        "FlappyBird.IsTraining.mean": {
            "value": 1.0,
            "min": 1.0,
            "max": 1.0,
            "count": 686
        },
        "FlappyBird.IsTraining.sum": {
            "value": 1.0,
            "min": 1.0,
            "max": 1.0,
            "count": 686
        }
    },
    "metadata": {
        "timer_format_version": "0.1.0",
        "start_time_seconds": "1679736524",
        "python_version": "3.9.2 (default, Feb 28 2021, 17:03:44) \n[GCC 10.2.1 20210110]",
        "command_line_arguments": "/home/bears_bears/Unity_env/bin/mlagents-learn trainer_config.yaml --run-id FlappyBird-v1-Obs9-5_newReward --time-scale 20 --force",
        "mlagents_version": "0.30.0",
        "mlagents_envs_version": "0.30.0",
        "communication_protocol_version": "1.5.0",
        "pytorch_version": "1.11.0+cu102",
        "numpy_version": "1.21.2",
        "end_time_seconds": "1679738403"
    },
    "total": 1879.279493148002,
    "count": 1,
    "self": 0.6711801580022438,
    "children": {
        "run_training.setup": {
            "total": 0.043331232998752967,
            "count": 1,
            "self": 0.043331232998752967
        },
        "TrainerController.start_learning": {
            "total": 1878.564981757001,
            "count": 1,
            "self": 2.028973258798942,
            "children": {
                "TrainerController._reset_env": {
                    "total": 31.127151863998733,
                    "count": 1,
                    "self": 31.127151863998733
                },
                "TrainerController.advance": {
                    "total": 1845.1903978672053,
                    "count": 64608,
                    "self": 1.9915269605335197,
                    "children": {
                        "env_step": {
                            "total": 1341.5211196129094,
                            "count": 64608,
                            "self": 1180.2206095340298,
                            "children": {
                                "SubprocessEnvManager._take_step": {
                                    "total": 160.18189018074918,
                                    "count": 64608,
                                    "self": 7.330074544814124,
                                    "children": {
                                        "TorchPolicy.evaluate": {
                                            "total": 152.85181563593505,
                                            "count": 57247,
                                            "self": 152.85181563593505
                                        }
                                    }
                                },
                                "workers": {
                                    "total": 1.1186198981304187,
                                    "count": 64607,
                                    "self": 0.0,
                                    "children": {
                                        "worker_root": {
                                            "total": 1874.805672965158,
                                            "count": 64607,
                                            "is_parallel": true,
                                            "self": 805.7644351395647,
                                            "children": {
                                                "run_training.setup": {
                                                    "total": 0.0,
                                                    "count": 0,
                                                    "is_parallel": true,
                                                    "self": 0.0,