{
    "name": "root",
    "gauges": {
        "Solver.Policy.Entropy.mean": {
            "value": 0.13771790266036987,
            "min": 0.06543105840682983,
            "max": 0.25336483120918274,
            "count": 2061
        },
        "Solver.Policy.Entropy.sum": {
            "value": 80.56497192382812,
            "min": 4.253018856048584,
            "max": 3169.734619140625,
            "count": 2061
        },
        "Solver.Score.mean": {
            "value": 7.214285714285714,
            "min": 0.06940509915014165,
            "max": 9.858695652173912,
            "count": 2056
        },
        "Solver.Score.sum": {
            "value": 101.0,
            "min": 1.0,
            "max": 907.0,
            "count": 2056
        },
        "Solver.Environment.LessonNumber.aux_input.mean": {
            "value": 0.0,
            "min": 0.0,
            "max": 0.0,
            "count": 2060
        },
        "Solver.Environment.LessonNumber.aux_input.sum": {
            "value": 0.0,
            "min": 0.0,
            "max": 0.0,
            "count": 2060
        },
        "Solver.Episode.mean": {
            "value": 1.0,
            "min": 1.0,
            "max": 1.0,
            "count": 1689
        },
        "Solver.Episode.sum": {
            "value": 1.0,
            "min": 1.0,
            "max": 1.0,
            "count": 1689
        },
        "Solver.Environment.EpisodeLength.mean": {
            "value": 58.92857142857143,
            "min": 16.892857142857142,
            "max": 74.48,
            "count": 2056
        },
        "Solver.Environment.EpisodeLength.sum": {
            "value": 825.0,
            "min": 19.0,
            "max": 6852.0,
            "count": 2056
        },
        "Solver.Step.mean": {
            "value": 2072957.0,
            "min": 981.0,
            "max": 2072957.0,
            "count": 2073
        },
        "Solver.Step.sum": {
            "value": 2072957.0,
            "min": 981.0,
            "max": 2072957.0,
            "count": 2073
        },
        "Solver.Policy.ExtrinsicValueEstimate.mean": {
            "value": 2.6142547130584717,
            "min": 1.7294228076934814,
            "max": 3.252643346786499,
            "count": 2073
        },
        "Solver.Policy.ExtrinsicValueEstimate.sum": {
            "value": 70.58487701416016,
            "min": 45.510643005371094,
            "max": 154.1437225341797,
            "count": 2073
        },
        "Solver.Environment.CumulativeReward.mean": {
            "value": 2.8684208393096924,
            "min": 0.8643636074933139,
            "max": 3.889999806880951,
            "count": 2055
        },
        "Solver.Environment.CumulativeReward.sum": {
            "value": 54.499995946884155,
            "min": 0.9699999690055847,
            "max": 279.19998598098755,
            "count": 2055
        },
        "Solver.Policy.ExtrinsicReward.mean": {
            "value": 2.8684208393096924,
            "min": 0.8643636074933139,
            "max": 3.889999806880951,
            "count": 2055
        },
        "Solver.Policy.ExtrinsicReward.sum": {
            "value": 54.499995946884155,
            "min": 0.9699999690055847,
            "max": 279.19998598098755,
            "count": 2055
        },
        "Solver.IsTraining.mean": {
            "value": 0.0,
            "min": 0.0,
            "max": 0.0,
            "count": 2073
        },
        "Solver.IsTraining.sum": {
            "value": 0.0,
            "min": 0.0,
            "max": 0.0,
            "count": 2073
        }
    },
    "metadata": {
        "timer_format_version": "0.1.0",
        "start_time_seconds": "1684003883",
        "python_version": "3.9.13 (tags/v3.9.13:6de2ca5, May 17 2022, 16:36:42) [MSC v.1929 64 bit (AMD64)]",
        "command_line_arguments": "C:\\Users\\Kevinn\\test_ml_env\\Scripts\\mlagents-learn inference.yaml --num-envs=10 --run-id=InferPCG_Const_1_aux_0 --env=Z:\\Git\\Flappy_bird\\Builds\\Windows\\Inference\\Flappy_bird.exe --no-graphics --torch-device=cuda --time-scale=1 --inference --initialize-from=PCG_Const_1",
        "mlagents_version": "0.30.0",
        "mlagents_envs_version": "0.30.0",
        "communication_protocol_version": "1.5.0",
        "pytorch_version": "2.0.1+cu118",
        "numpy_version": "1.21.2",
        "end_time_seconds": "1684005277"
    },
    "total": 1394.2462971999998,
    "count": 1,
    "self": 2.9588519999997516,
    "children": {
        "run_training.setup": {
            "total": 2.2477167000000002,
            "count": 1,
            "self": 2.2477167000000002
        },
        "TrainerController.start_learning": {
            "total": 1389.0397285000001,
            "count": 1,
            "self": 2.637772599986647,
            "children": {
                "TrainerController._reset_env": {
                    "total": 7.215031200000001,
                    "count": 1,
                    "self": 7.215031200000001
                },
                "TrainerController.advance": {
                    "total": 1379.1868810000133,
                    "count": 41401,
                    "self": 7.823548500019342,
                    "children": {
                        "env_step": {
                            "total": 1371.363332499994,
                            "count": 41401,
                            "self": 969.4564817000078,
                            "children": {
                                "SubprocessEnvManager._take_step": {
                                    "total": 400.3093780999966,
                                    "count": 56759,
                                    "self": 5.887524300009943,
                                    "children": {
                                        "TorchPolicy.evaluate": {
                                            "total": 394.42185379998665,
                                            "count": 32161,
                                            "self": 394.42185379998665
                                        }
                                    }
                                },
                                "workers": {
                                    "total": 1.597472699989483,
                                    "count": 41400,
                                    "self": 0.0,
                                    "children": {
                                        "worker_root": {
                                            "total": 13836.086924299954,
                                            "count": 56749,
                                            "is_parallel": true,
                                            "self": 1691.9170188000862,
                                            "children": {
                                                "steps_from_proto": {
                                                    "total": 0.29690740000000027,
                                                    "count": 10,
                                                    "is_parallel": true,
                                                    "self": 0.004305900000002971,
                                                    "children": {
                                                        "_process_maybe_compressed_observation": {
                                                            "total": 0.27692800000000073,
                                                            "count": 20,
                                                            "is_parallel": true,
                                                            "self": 0.012772599999999912,