ydiffs;heights;distances;angles
-0.3879758;4;1.246763;-17.28543
0.2712256;3.524366;2.250396;6.872341
0.03996798;3.790706;1.750731;1.307796
-0.01069395;3.601276;1.724964;-0.3552019
0.06169801;3.904793;1.953932;1.808589
0.2831664;2.921273;2.282712;7.071317
0.1962501;3.831918;1.608163;6.957616
0.1383518;3.590442;1.427893;5.534242
0.1209046;3.916372;2.269246;3.049814