ydiffs;heights;distances;angles
0.7964585;3.699682;3;14.86825
0.9622735;3.74395;3;17.78405
1.247541;3.755704;3;22.57984
1.257149;3.701189;3;22.73611
1.219183;4;3;22.11655
1.207924;3.17644;3;21.93175
1.324312;3.924864;2.95125;24.16718
1.285617;3.903778;3;23.19702
1.266853;4;3;22.89357