ydiffs;heights;distances;angles
-1.442333;3.586452;3;-25.67721
-0.527634;3.810403;3;-9.975049
-2.413249;4;3;-38.81377
-1.596869;3.791023;3;-28.02592
0.7436165;3.939788;3;13.92144
0.5638036;3.589153;3;10.64371
-0.4131986;4;3;-7.842171
0.07508908;3.476809;3;1.433797
0.9435096;3.430181;2.864958;18.22814