ydiffs;heights;distances;angles
0.2982922;3.270396;3;5.678298
0.8675635;3.288306;3;16.12922
0.7157456;4;3;13.41888
0.2745581;3.702889;3;5.229106
0.7269558;3.696781;3;13.62128
1.054972;3.547107;3;19.3746
1.12902;3.847263;3;20.62333
0.9922441;3.454439;3;18.30153
1.041374;4;3;19.14315