ydiffs;heights;distances;angles
0.7239174;3.576349;3;13.56645
0.9480642;3.841162;3;17.53765
1.215783;4;2.819803;23.32372
1.249093;3.391984;3;22.6051
1.174964;3.814008;3;21.38802
1.206051;3.813858;3;21.90096
1.297132;3.383673;3;23.38256
1.311134;3.483225;3;23.60748
1.236794;4;3;22.40462