ydiffs;heights;distances;angles
0.9486398;3.794199;3;17.54765
1.045341;3.771648;3;19.21073
1.237118;3.343288;2.708635;24.54766
1.200673;3.794019;3;21.8125
1.217642;3.664141;3;22.09129
1.168616;4;3;21.28284
1.194425;3.447361;3;21.70955
1.125815;3.551695;3;20.56969
1.156565;4;3;21.08273