ydiffs;heights;distances;angles
0.1997641;3.478335;2.981736;3.832855
0.5507483;3.751058;3;10.40269
0.3663307;3.382139;3;6.961935
0.5930281;3.64817;2.948212;11.37319
0.03944059;4;3;0.7532164
0.3138666;3.513959;3;5.972681
-0.4941195;3.834932;2.973893;-9.43365
-0.05799497;4;3;-1.107484
-1.351143;3.918473;3;-24.2459