ydiffs;heights;distances;angles
-2.09339;3.514444;3;-34.90721
-1.977621;3.551108;3;-33.39315
-2.252704;3.912233;3;-36.90294
-0.5990866;3.641382;3;-11.29316
-1.362622;3.900144;3;-24.42791
0.0727854;4;3;1.389826
-0.43153;3.838508;3;-8.185469
0.4125305;3.331126;3;7.829649
0.1116272;4;3;2.130939