ydiffs;heights;distances;angles
0.3809483;3.887911;3;7.236846
0.4672524;3.53025;3;8.852736
0.8509411;4;3;15.83583
0.80918;3.420943;3;15.09498
0.967133;3.836206;3;17.86816
0.8962134;4;3;16.63287
1.021676;3.838915;3;18.80672
0.9683107;3.970526;2.886154;18.54671
1.074307;4;2.951301;20.00209