ydiffs;heights;distances;angles
0.9407082;3.438154;3;17.40983
1.028323;4;3;18.92039
1.185609;3.365016;3;21.56408
1.217448;3.931635;3;22.0881
1.258684;2.634446;3;22.76104
1.231936;4;3;22.32528
1.296649;3.69166;3;23.37479
1.265902;3.434776;3;22.87816
1.258846;3.878021;3;22.76366