ydiffs;heights;distances;angles
0.8176447;3.291138;3;15.24557
0.9661722;3.725929;2.592452;20.43975
1.149868;3.964951;3;20.9713
1.158328;4;3;21.11204
1.177757;3.670039;3;21.43426
1.099384;3.390211;3;20.12593
1.134522;4;3;20.71531
1.050289;3.631523;2.956369;19.55826
1.087752;4;3;19.92983