ydiffs;heights;distances;angles
0.4594145;3.736044;3;8.706531
0.7578706;3.71866;3;14.17763
0.7766584;3.51662;3;14.51442
0.9202887;3.954489;3;17.05407
0.6908494;3.711964;3;12.96817
0.7905878;4;2.859861;15.45308
0.5139864;3.788463;3;9.722025
0.656853;3.548172;3;12.35008
0.2623909;3.314638;3;4.998577