ydiffs;heights;distances;angles
0.8499781;3.59226;3;15.81881
1.109677;3.136308;3;20.29904
1.248072;4;3;22.58849
1.213237;3.671767;2.796412;23.45385
1.178899;3.935543;3;21.45316
1.241511;3.676298;3;22.48158
1.226343;3.934704;3;22.23381
1.132488;4;3;20.68133
1.123404;3.155716;3;20.52932