ydiffs;heights;distances;angles
-2.707834;3.38599;3;-42.06977
-1.971047;3.652868;3;-33.30554
-1.615888;3.734389;3;-28.30821
-2.043624;4;3;-34.263
-0.4780808;3.157707;3;-9.054535
-1.152968;4;3;-21.02289
0.1031852;3.594859;3;1.969916
-0.3439758;3.998238;3;-6.540891
0.412782;3.927505;3;7.834362