ydiffs;heights;distances;angles
0.02407919;3.095155;3;0.4598688
0.616645;3.330301;3;11.61527
0.6228078;3.694444;3;11.72816
0.8904981;3.817716;3;16.53261
0.7827382;3.634737;3;14.62319
0.9568387;3.958883;3;17.68989
0.8890271;3.704958;3;16.50679
1.015845;3.421491;3;18.70686
0.9617168;4;3;17.77441