ydiffs;heights;distances;angles
0.6931127;3.876927;3;13.00921
0.8729786;3.612918;3;16.22462
1.119085;4;3;20.45694
1.150129;3.553515;3;20.97564
1.193433;3.498919;3;21.69321
1.163643;3.995923;3;21.20032
1.227176;3.683182;3;22.24744
1.20072;3.818416;3;21.81327
1.262246;3.523728;3;22.81887