ydiffs;heights;distances;angles
0.8517652;3.264691;3;15.8504
1.015285;3.837814;3;18.69727
1.163268;3.673189;3;21.1941
1.185938;3.964273;3;21.56952
1.148412;3.688825;3;20.94704
1.125053;3.652931;3;20.55693
1.104722;3.793336;3;20.21576
1.080593;3.340171;3;19.80891
1.054861;4;3;19.37271