ydiffs;heights;distances;angles
0.5229732;3.531978;2.747563;10.77681
0.7023368;3.723925;2.979963;13.26182
0.8199977;2.972407;2.990161;15.33533
0.8549149;4;3;15.90605
0.7739873;3.699422;3;14.4666
0.7069016;3.869726;3;13.25896
0.6276014;3.613601;3;11.8159
0.5407635;4;3;10.2181
0.4350435;4;3;8.251202