ydiffs;heights;distances;angles
-0.4558197;3.618465;3;-8.639438
-0.4389063;3.371348;3;-8.323442
-0.5937193;3.039;3;-11.19455
-0.8986356;3.832719;3;-16.67533
-1.316266;3.81828;3;-23.68973
-1.722358;4;3;-29.86096
-1.99205;3.603877;3;-33.58482
-2.063471;3.504202;3;-34.52111
-1.775252;4;3;-30.61496