ydiffs;heights;distances;angles
-0.3348892;3.509918;3;-6.369542
0.1563111;3.72552;3;2.982624
0.4688177;3.935733;3;8.881921
0.5956538;4;3;11.2301
0.6585004;3.406506;3;12.3801
0.7271658;4;3;13.62507
0.7922049;3.522099;3;14.79234
0.8477792;3.946425;3;15.77992
0.8947387;3.337702;3;16.60701