ydiffs;heights;distances;angles
0.5901983;3.86536;3;11.12982
0.8373339;3.433881;3;15.59502
1.025295;4;3;18.86863
1.105011;3.434442;3;20.22061
1.109025;3.846407;3;20.2881
1.129238;3.37013;3;20.62697
1.150172;3.55082;3;20.97636
1.169789;3.897128;3;21.30228
1.188817;3.47388;3;21.61706