ydiffs;heights;distances;angles
0.8573608;3.722386;3;15.94924
1.068954;3.231638;3;19.6119
1.260739;4;3;22.7944
1.2989;3.976795;3;23.411
1.248561;3.727202;3;22.59644
1.225973;3.961934;3;22.22776
1.208817;3.656049;3;21.94643
1.188555;4;3;21.61274
1.168949;3.271815;3;21.28836