ydiffs;heights;distances;angles
0.5272302;3.825582;3;9.967568
0.7076993;3.055851;3;13.2734
0.833894;4;3;15.53405
0.8499714;3.514374;2.993005;15.8538
0.7721063;4;3;14.43291
0.7039414;3.719142;3;13.20539
0.6345839;3.343863;3;11.9436
0.5458588;3.522291;3;10.31232
0.4469522;4;3;8.47383