ydiffs;heights;distances;angles
0.6393682;3.983648;3;12.03103
0.8239544;4;3;15.35768
1.097264;3.919801;3;20.09023
1.106284;3.724806;3;20.24202
0.8752974;3.820006;3;16.26544
0.8467946;3.719671;3;15.76251
1.025604;4;3;18.87392
0.9598761;3.560127;3;17.74253
0.5819169;4;3;10.97747