ydiffs;heights;distances;angles
-0.3889164;3.758688;3;-7.386559
-0.3565292;3.66238;3;-6.777418
-0.4847657;4;3;-9.179002
-0.7614753;3.540601;3;-14.24233
-1.147886;3.841506;3;-20.93829
-1.526098;3.543322;3;-26.96241
-1.844856;4;3;-31.58952
-1.974467;3.702839;2.908248;-34.17336
-1.912566;3.559616;3;-32.5184