ydiffs;heights;distances;angles
-1.223116;3.754845;3;-22.18099
-0.495681;3.271016;2.967786;-9.482042
-0.1557968;4;3;-2.972829
0.07445122;3.6467;3;1.421622
0.2308468;3.539786;3;4.400178
0.3658643;3.853446;3;6.953158
0.4824421;3.680104;2.859124;9.577738
0.5737138;4;3;10.82641
0.657732;3.635331;3;12.3661