ydiffs;heights;distances;angles
0.6227229;4;3;11.7266
0.8525349;3.407449;3;15.864
1.036192;3.790864;3;19.05477
1.099616;3.561625;3;20.12984
1.105717;3.936274;3;20.2325
1.127759;3.602433;3;20.60223
1.150136;4;3;20.97576
1.17034;3.871739;3;21.31142
1.189526;3.311656;3;21.62875