ydiffs;heights;distances;angles
0.8887991;3.834179;3;16.50278
1.090285;3.540249;3;19.97258
1.289275;3.947286;3;23.25601
1.330396;4;3;23.91563
1.312277;3.359005;3;23.6258
1.313365;3.801187;2.873534;24.56304
1.308894;4;3;23.57154
1.314145;3.75437;3;23.65575
1.319427;3.562953;3;23.74032