ydiffs;heights;distances;angles
0.8712525;3.813816;3;16.19422
1.084998;3.692324;3;19.88333
1.266314;3.407249;3;22.88484
1.327761;4;3;23.87355
1.308819;3.662812;2.653233;26.25676
1.287691;3.980688;3;23.23048
1.302982;3.674525;3;23.47662
1.316061;3.938659;3;23.68644
1.258614;3.024737;3;22.7599