ydiffs;heights;distances;angles
0.9288301;3.650556;3;17.20305
1.109346;3.410733;3;20.29348
0.9777983;4;3;18.05249
0.7405491;3.321759;3;13.86624
1.110758;3.649956;3;20.3172
0.08763546;3.429135;3;1.673238
1.090259;3.696846;3;19.97213
1.224594;4;3;22.20519
1.197246;2.863313;3;21.75606