ydiffs;heights;distances;angles
0.8566787;4;3;15.9372
1.071216;3.448131;3;19.65023
1.239727;3.364706;3;22.45249
1.2816;4;3;23.13218
1.253967;3.518736;3;22.68439
1.225533;3.831442;3;22.22055
1.203124;3.436695;3;21.85283
1.120772;3.973539;3;20.48521
0.9520659;3.895808;3;17.60711