ydiffs;heights;distances;angles
0.9169888;4;3;16.99645
1.108304;3.957111;3;20.27599
1.276248;3.41254;3;23.04567
1.326665;3.696276;3;23.85606
1.303964;3.895643;3;23.49241
1.303626;4;3;23.48697
1.299882;3.714875;3;23.42679
1.323852;3.886444;2.707206;26.05911
1.302607;3.464558;3;23.4706