ydiffs;heights;distances;angles
0.908161;4;3;16.84213
1.107673;3.254652;2.915417;20.8036
1.27933;3.768741;3;23.0955
1.337002;4;3;24.02097
1.324374;3.582754;3;23.81944
1.321583;3.910068;3;23.77481
1.322987;3.709893;3;23.79727
1.322765;3.95678;3;23.79372
1.323055;3.902473;3;23.79836