ydiffs;heights;distances;angles
0.8606286;4;3;16.00693
1.058782;3.945732;3;19.43933
1.252454;3.77737;3;22.65979
1.327969;3.966764;3;23.87687
1.307098;3.713271;3;23.54273
1.308056;4;3;23.5581
1.312441;3.169283;2.889058;24.43135
1.308338;3.358742;2.752405;25.42378
1.300368;3.776597;3;23.43462