ydiffs;heights;distances;angles
0.3003058;3.461469;3;5.716375
-0.2642484;3.553947;2.971824;-5.081258
-0.3044114;4;3;-5.793998
0.6248235;4;3;11.76506
0.3050138;3.515452;3;5.805385
-2.047841;3.546347;3;-34.31797
-2.328249;4;3;-37.81443
-0.1973382;3.814871;3;-3.763459
-0.9992257;3.848233;3;-18.42164