ydiffs;heights;distances;angles
0.90442;3.600512;3;16.77666
1.092425;3.793989;2.145125;26.98789
1.208835;3.698726;3;21.94672
1.286562;3.637109;3;23.21227
1.301753;3.253942;3;23.45688
1.297933;4;3;23.39544
1.160163;3.545527;3;21.14253
1.203875;4;3;21.86518
1.22441;3.770183;3;22.20218