ydiffs;heights;distances;angles
0.843628;4;3;15.70648
1.053633;3.852123;3;19.35184
1.233833;4;3;22.35628
-3.837765;3.425646;3;-51.98508
0.3310887;3.748278;3;6.297842
1.044222;4;3;19.19168
0.9198931;3.54014;3;17.04716
1.041376;3.819896;3;19.14319
1.120865;3.717381;3;20.48677