ydiffs;heights;distances;angles
0.7494133;3.599356;3;14.0257
0.9379236;4;3;17.36139
1.073349;4;3;19.68635
1.080611;3.858185;3;19.80921
0.9944636;3.349198;3;18.33973
0.822685;4;3;15.33514
0.4494728;3.697489;3;8.520918
-0.9735732;4;3;-17.97951
1.665873;3.879427;3;29.04302