ydiffs;heights;distances;angles
0.8691623;3.435622;3;16.1574
1.060044;3.830299;3;19.46075
1.21903;3.556032;3;22.11403
1.255698;4;3;22.71253
1.220868;3.359977;3;22.14417
1.321898;4;3;23.77986
1.309055;3.286901;3;23.57413
1.300638;3.348254;3;23.43895
1.29953;3.776678;3;23.42114