ydiffs;heights;distances;angles
0.8894389;3.881919;3;16.51402
1.082664;3.485327;3;19.84391
1.293283;3.723188;3;23.3206
1.339663;4;2.8633;25.07367
1.308261;3.301966;3;23.56139
1.310565;4;3;23.59835
1.316312;3.566669;3;23.69046
1.313691;3.948565;3;23.64847
1.311809;3.528762;3;23.61831