ydiffs;heights;distances;angles
0.908446;3.683306;2.798799;17.98261
1.098485;3.897433;3;20.11079
0.9360843;3.85181;3;17.32939
0.7143707;3.875282;3;13.39403
1.09996;3.72377;3;20.13563
1.241173;4;3;22.47608
1.335892;3.504458;3;24.00329
1.242368;3.306544;3;22.49555
1.238397;3.802445;3;22.43078