ydiffs;heights;distances;angles
0.8763692;3.358836;3;16.2843
1.065412;3.993315;3;19.55185
1.254219;3.632863;3;22.68848
1.300119;3.81298;2.968636;23.6511
1.121657;3.550326;3;20.50005
1.109;3.824373;3;20.28768
1.20917;3.478306;3;21.95224
1.175924;4;3;21.40392
1.223229;3.580988;3;22.18283