ydiffs;heights;distances;angles
0.7398247;3.908175;3;13.8532
-0.5601696;4;2.851315;-11.11478
-2.042147;3.337388;3;-34.24373
1.255505;3.827865;3;22.7094
0.6452736;3.483919;3;12.13888
1.004985;3.800318;3;18.5206
0.893118;3.418826;3;16.57858
1.127833;3.920273;3;20.60346
1.050959;3.543281;3;19.30637