ydiffs;heights;distances;angles
0.3834182;3.706675;3;7.283263
0.7702743;3.863611;3;14.40009
0.1499497;3.756498;3;2.861446
0.7259169;3.825274;3;13.60254
-3.691821;3.403281;3;-50.90245
-0.3305764;4;3;-6.288176
1.851115;3.939374;3;31.67618
1.314888;3.643366;3;23.66764
1.16513;3.918344;3;21.22501