ydiffs;heights;distances;angles
0.7613639;3.234631;3;14.24033
0.9017627;3.671015;3;16.73013
1.120078;3.415067;3;20.47359
1.340454;3.935977;3;24.07596
1.298834;3.956451;3;23.40995
1.275221;4;3;23.02907
1.285706;3.573645;3;23.19845
1.267359;4;3;22.90177
1.274763;3.697276;3;23.02165