ydiffs;heights;distances;angles
-0.8255756;4;3;-15.38647
-0.09539555;3.418483;3;-1.821307
0.9515651;3.321155;3;17.59842
0.8835932;4;3;16.41134
0.4838048;3.682923;3;9.161115
0.6725466;3.854009;2.912787;13.00144
1.044232;3.64328;3;19.19184
1.021858;4;3;18.80984
0.8408732;4;3;15.65771