ydiffs;heights;distances;angles
0.9500968;3.440534;3;17.57294
1.128326;3.984781;3;20.61172
1.280622;4;3;23.11637
1.328166;3.856328;3;23.88003
1.300674;3.01381;3;23.43953
1.303817;3.924529;3;23.49004
1.295822;3.708699;3;23.36148
1.299871;3.452951;3;23.42662
1.275217;3.628911;3;23.02901