ydiffs;heights;distances;angles
0.8861955;3.321125;3;16.45706
1.098801;3.718408;3;20.11612
1.261788;3.923887;3;22.81143
1.332461;4;2.708497;26.19515
1.286018;3.566337;3;23.2035
1.196762;3.401242;2.957239;22.03264
1.206032;4;3;21.90065
1.247178;3.780163;3;22.57393
1.232081;3.406487;3;22.32765