ydiffs;heights;distances;angles
0.8558549;3.636721;3;15.92265
1.050848;3.717004;3;19.30447
0.9938323;3.524109;3;18.32887
1.031416;3.914631;2.87115;19.76003
1.14823;3.620802;3;20.94401
1.099599;3.917685;3;20.12955
1.182746;3.780198;3;21.51676
1.152816;3.84007;3;21.02037
1.208978;3.368059;3;21.94908