ydiffs;heights;distances;angles
-3.724742;3.603544;3;-51.15117
0.8286365;3.831998;3;15.4408
0.005026528;3.57891;3;0.09599953
0.9128286;4;3;16.92376
0.6727929;3.339729;3;12.64026
1.021578;4;3;18.80505
0.9052163;3.787292;2.980959;16.89176
0.9679044;3.709501;3;17.88151
1.03933;3.978939;3;19.1083