ydiffs;heights;distances;angles
-0.2856556;3.592094;3;-5.439222
0.4268301;3.862379;3;8.097509
-2.445841;3.608592;3;-39.18969
-0.258839;3.900645;3;-4.931249
1.740358;4;3;30.11885
1.289724;3.146841;3;23.26326
1.128842;4;3;20.62035
1.197515;3.741542;3;21.76048
1.130234;4;3;20.64363