ydiffs;heights;distances;angles
1.023735;3.849642;3;18.84195
1.12536;3.339811;3;20.56207
1.175229;3.740516;3;21.39242
1.27749;3.697917;3;23.06576
1.231165;4;3;22.31267
1.23985;3.499615;3;22.45449
1.326146;3.591333;3;23.84776
1.321363;4;3;23.7713
1.298779;3.59076;3;23.40906