ydiffs;heights;distances;angles
0.858332;4;3;15.96639
1.059933;3.624624;3;19.45888
1.247014;3.335571;3;22.57126
1.298076;3.769911;3;23.39775
1.2851;4;3;23.18868
1.26017;3.174613;3;22.78517
1.272405;4;3;22.9835
1.311158;3.711457;3;23.60786
1.316341;3.986833;3;23.69092