ydiffs;heights;distances;angles
0.8033721;4;3;14.99153
1.021259;3.156027;3;18.79958
1.150519;4;3;20.98214
1.217899;3.717889;3;22.0955
1.260419;3.998119;3;22.78921
1.25938;3.700143;3;22.77234
1.226835;3.968157;3;22.24186
1.242096;3.653361;3;22.49112
1.031123;3.816147;3;18.96823