ydiffs;heights;distances;angles
0.6254038;3.560091;3;11.77568
0.9978719;3.754646;3;18.39836
0.845064;4;3;15.73189
0.5151526;4;3;9.743661
0.9495866;3.368748;3;17.56408
-0.43909;3.4512;3;-8.326878
0.3711551;4;3;7.052702
-2.62862;3.708218;3;-41.22506
-0.7286056;3.861868;3;-13.65104