ydiffs;heights;distances;angles
0.06567959;3.653204;3;1.254188
0.5473185;3.77358;3;10.3393
0.6749464;3.497279;3;12.67941
0.4882976;3.715657;3;9.244726
0.9889637;4;3;18.24504
0.8269264;3.404981;3;15.41045
-1.769319;3.843271;3;-30.53095
-3.218061;3.704333;3;-47.00848
0.8217631;4;3;15.31876