ydiffs;heights;distances;angles
0.676487;3.886471;3;12.70741
0.7965931;3.387752;2.895085;15.38443
1.011105;3.76129;3;18.62561
1.205813;3.772357;3;21.89706
1.185051;3.48546;3;21.55486
1.108278;3.305893;3;20.27554
1.143271;4;3;20.86136
1.240947;3.957057;2.908914;23.10317
1.23655;3.63404;3;22.40064