ydiffs;heights;distances;angles
0.6937654;3.964004;3;13.02105
0.9837223;3.50864;2.872561;18.90401
1.118882;3.662487;2.750188;22.13839
0.9923458;3.526648;3;18.30328
0.9433753;3.857801;2.840114;18.37448
1.115708;3.390792;3;20.4003
1.058434;3.8558;3;19.43341
1.286247;3.662627;3;23.20719
1.251232;3.944432;3;22.63992