ydiffs;heights;distances;angles
0.7394754;3.534877;3;13.84691
0.964959;3.28563;2.777227;19.16
1.184764;3.248775;3;21.55012
1.246016;4;3;22.55501
1.312282;3.853325;3;23.62589
1.292667;3.547375;3;23.31068
1.312178;3.937267;2.91859;24.20836
1.298337;3.595516;3;23.40195
1.268278;4;3;22.91666