ydiffs;heights;distances;angles
0.867811;3.586047;3;16.13359
1.051054;3.537952;3;19.30798
1.237558;3.882384;3;22.41709
1.264917;3.612783;3;22.86218
1.257449;3.920458;3;22.74097
1.302961;3.652993;3;23.47629
1.308771;3.789714;3;23.56957
1.275088;3.3496;3;23.02692
1.287943;4;3;23.23454