ydiffs;heights;distances;angles
0.6800386;3.910021;3;12.77194
0.939498;3.549635;3;17.38878
1.199335;4;3;21.79045
1.267754;3.426789;3;22.90817
1.200547;3.811484;3;21.81042
1.218015;3.7874;3;22.0974
0.9463273;3.823285;3;17.50748
1.031602;4;3;18.97642
0.8479236;4;3;15.78248