ydiffs;heights;distances;angles
0.7444134;3.61174;3;13.93578
0.8541148;3.737342;3;15.89191
1.068091;3.050592;3;19.59727
-0.9965807;3.623596;3;-18.37615
-0.01613171;4;3;-0.30809
-3.094231;3.580916;3;-45.88586
-1.630913;3.930177;3;-28.53017
1.303017;3.094941;3;23.47719
0.9472324;4;3;17.5232