ydiffs;heights;distances;angles
0.262311;3.769568;3;4.997063
0.2598092;3.460172;3;4.94964
0.9005216;3.910643;3;16.70838
0.7929503;3.320934;3;14.80564
-1.350713;3.864245;2.854494;-25.32296
-2.541834;3.889839;2.972759;-40.53183
0.711103;4;3;13.33496
-0.1365104;3.424765;3;-2.60536
1.324345;3.62955;3;23.81897