ydiffs;heights;distances;angles
0.7667342;3.943554;3;14.33665
0.7664512;3.348216;3;14.33157
0.8865104;4;3;16.46259
1.106926;3.842908;3;20.25282
1.02181;3.918205;3;18.80901
1.276902;3.505879;3;23.05626
1.238713;3.812028;3;22.43594
1.255124;3.365742;3;22.7032
1.245923;4;3;22.55349