ydiffs;heights;distances;angles
0.795051;3.426969;3;14.84314
0.9914171;3.735181;3;18.28729
1.270274;4;2.938902;23.37533
1.309439;3.425137;3;23.58029
1.314172;3.848022;3;23.65617
1.30041;3.785254;3;23.43528
1.261599;3.996095;3;22.80836
1.258758;3.740121;2.939825;23.17936
1.283042;3.949622;3;23.15545