ydiffs;heights;distances;angles
0.8338371;3.585219;3;15.53304
1.047042;3.753767;3;19.23971
1.116715;3.79909;3;20.4172
1.182057;3.961976;3;21.50538
1.14826;4;3;20.94451
1.125103;3.993136;3;20.55777
1.248956;4;3;22.60287
1.221839;3.733353;3;22.16007
1.202442;4;3;21.8416