ydiffs;heights;distances;angles
0.4876705;3.296563;3;9.233059
0.6736743;3.920385;3;12.65628
0.7829372;3.708165;3;14.62675
1.202944;3.913661;3;21.84987
1.109461;3.574917;3;20.29541
1.056852;3.929007;3;19.40654
1.033686;3.541131;3;19.012
-0.2555233;3.788448;3;-4.868386
-0.6520675;3.498473;3;-12.26283