ydiffs;heights;distances;angles
0.8230113;4;3;15.34093
1.065658;3.154888;3;19.55603
1.188988;3.695612;3;21.61988
1.28548;3.779866;3;23.1948
1.254401;3.66096;3;22.69145
1.233611;3.984832;3;22.35264
1.298135;3.662713;3;23.3987
1.268742;3.956699;3;22.92418
1.175566;4;3;21.398