ydiffs;heights;distances;angles
0.8298963;3.477859;3;15.46315
0.6861134;3.844421;3;12.88225
0.3615624;3.731657;3;6.872188
0.2366201;4;3;4.509774
0.1960966;3.841352;2.914056;3.849821
0.5016181;3.628847;3;9.492389
0.6723585;3.968882;3;12.63236
0.7640077;3.70074;3;14.28776
-3.288941;4;3;-47.63057