ydiffs;heights;distances;angles
0.717963;3.908784;3;13.45894
0.5481768;3.636532;3;10.35517
0.8520821;3.648122;3;15.856
0.9897477;3.102811;2.854277;19.12447
0.9939055;4;3;18.33013
1.246332;3.52316;2.624937;25.39858
1.207907;4;3;21.93147
1.217135;3.699893;3;22.08296
1.242632;3.810569;3;22.49986