ydiffs;heights;distances;angles
0.8208867;3.938291;3;15.30319
1.015581;3.704079;2.841563;19.667
1.268701;3.880018;3;22.92352
1.303734;3.740671;2.996226;23.51508
1.294827;4;3;23.34546
1.30517;3.547661;3;23.51178
1.233009;3.677573;3;22.34282
1.251687;3.800881;3;22.64732
1.265157;4;3;22.86609