ydiffs;heights;distances;angles
0.8474016;4;3;15.77324
1.031315;4;3;18.97151
1.190789;3.813032;3;21.6496
1.332914;3.583315;3;23.9558
1.287475;4;3;23.22699
1.269885;4;3;22.9427
1.263254;3.504503;3;22.83521
1.130957;3.802275;3;20.65572
1.126708;3.6561;3;20.58464