ydiffs;heights;distances;angles
0.8638868;3.116972;3;16.0644
1.017512;3.805632;2.857262;19.60155
0.8420821;4;3;15.67911
0.5836548;3.343577;3;11.00946
0.6925398;3.770366;2.978854;13.08794
0.7923536;3.486461;3;14.79499
0.8272108;3.927262;3;15.4155
0.7129737;3.590425;3;13.36878
1.149205;4;3;20.96026