ydiffs;heights;distances;angles
0.6070627;3.892361;3;11.43957
0.8825011;3.510928;2.946508;16.67335
0.9579694;4;3;17.70949
1.00161;3.371308;3;18.46262
1.096333;3.799131;3;20.07455
1.049114;4;3;19.27497
0.8112465;3.879307;3;15.13176
0.7787284;3.684834;3;14.55147
0.9815454;4;3;18.11715