ydiffs;heights;distances;angles
0.02373202;3.593949;3;0.4532387
0.6277311;3.911741;3;11.81827
0.6338856;2.811898;3;11.93084
-0.2971845;3.53065;2.89028;-5.870637
-0.5414069;4;3;-10.23
0.4821818;3.626952;3;9.130901
0.132604;3.816565;3;2.530903
-2.33919;3.047279;3;-37.94461
-2.357024;3.956652;3;-38.15582