ydiffs;heights;distances;angles
1.918662;3.124205;1.909105;45.14306
0.6577385;3.369965;1.879017;19.29228
-1.451354;3.221442;1.425266;-45.5196
3.400367;3.566689;1.298034;69.10647
-0.508426;3.668727;2.468152;-11.6398
-0.39157;3.315165;1.983152;-11.16929
-0.02176837;3.690732;1.883193;-0.6622688
-0.003662915;3.407187;1.879929;-0.1116368
0.03507762;3.95258;2.165517;0.9280111