ydiffs;heights;distances;angles
0.02599945;3.779133;2.152475;0.6920344
-1.123136;3.544547;2.283086;-26.19431
-1.080931;3.153312;2.487765;-23.48489
-0.9931876;3.75947;1.798418;-28.90995
-0.7897692;3.234707;1.799289;-23.6983
-0.6209599;3.491986;2.273064;-15.27936
-0.4997732;3.460387;1.993942;-14.07106
-0.4146964;3.657297;2.163511;-10.85071
-0.2983181;2.869895;1.671329;-10.12023