ydiffs;heights;distances;angles
1.367505;3.742553;1.722419;38.44763
0.01894305;3.852233;1.953711;0.5555187
0.05881144;3.013027;2.172675;1.550542
-0.03266718;3.129079;1.426076;-1.312248
-0.03856537;3.709703;2.251288;-0.9814013
0.4464813;3.76504;2.029528;12.40702
0.3402244;3.605549;1.607581;11.94961
-0.5744981;3.537109;1.297226;-23.88695
1.85647;3.158735;1.98899;43.02629