ydiffs;heights;distances;angles
-0.3547786;3.517812;1.806191;-11.11277
-0.2997634;3.445231;1.992712;-8.554852
-0.0715369;3.839863;1.946129;-2.105162
-0.1537583;3.220443;1.713364;-5.128019
0.1112776;3.560862;1.835031;3.470209
-0.006792017;3.36769;1.800899;-0.2160877
0.2229146;3.622674;1.316326;9.611625
0.1002321;3.118281;2.043795;2.807658
-1.013124;3.676968;2.111895;-25.62809