ydiffs;heights;distances;angles
-0.9089336;3.302656;1.936882;-25.13957
-0.4331216;4;1.536793;-15.73967
-0.5701887;3.249545;2.253338;-14.20016
-0.3133854;3.588656;2.09895;-8.491861
-0.3983386;3.089064;2.175255;-10.37718
-1.385145;3.336924;2.060855;-33.9059
-1.239004;3.658575;1.524246;-39.1064
-1.019554;3.266707;1.848717;-28.87642
-1.109243;3.806063;1.904369;-30.21962