ydiffs;heights;distances;angles
-1.767379;3.098379;2.157362;-39.32541
-1.376101;3.641829;1.345113;-45.65244
-0.8908508;3.198239;1.71782;-27.41098
-0.9875867;3.86633;1.866031;-27.88978
-0.2694074;3.696348;1.668458;-9.172428
-0.4730982;3.777191;2.083819;-12.79127
-0.270828;3.838125;1.259165;-12.13856
-0.3449736;3.256305;1.12;-17.11947
-0.7386464;3.30965;1.627702;-24.40841