ydiffs;heights;distances;angles
-0.8520045;3.329882;2.018705;-22.88242
0.2472421;3.628597;2.202836;6.403968
-0.00592811;3.249463;1.465701;-0.2317347
0.2247955;3.611613;1.468896;8.700871
0.1373147;3.325382;2.101531;3.73841
-0.2814745;4;1.809861;-8.839978
-0.2732858;3.126623;1.701669;-9.123724
0.02478068;3.573534;1.901865;0.7465028
-0.1144243;3.512489;1.892668;-3.459697