ydiffs;heights;distances;angles
0.144059;3.28075;2.152756;3.828434
1.276768;3.833768;2.164099;30.53963
0.2035995;3.36055;2.360365;4.929997
0.189292;3.54566;2.194122;4.93083
-0.8851036;3.855492;1.773668;-26.52032
0.7622591;4;1.673346;24.49068
3.295746;3.636542;2.040569;58.23618
-1.674727;3.582883;2.260668;-36.53144
0.4120974;3.483584;1.629546;14.19203