ydiffs;heights;distances;angles
0.08316208;3.371248;2.102568;2.265017
0.2544984;3.729195;1.823382;7.945721
-0.06366925;3.449657;1.8754;-1.944427
0.09859943;3.707554;2.001171;2.820732
-0.7801403;2.840007;2.304459;-18.70277
-0.5834971;3.314495;1.76099;-18.33241
-0.7535142;3.460668;1.519542;-26.37601
-0.6198103;3.939052;2.259978;-15.33656
-0.2317408;3.331401;1.880542;-7.025189