ydiffs;heights;distances;angles
-0.5852689;3.517729;1.880556;-17.28725
-1.215612;3.759013;1.718796;-35.2697
-1.057914;3.46277;1.831571;-30.01069
-1.067647;3.797155;1.88063;-29.58388
-1.032582;2.754772;1.972019;-27.63729
-0.7979807;3.700285;1.739898;-24.63792
-0.75183;3.660373;1.349451;-29.12383
-0.9371163;3.937506;2.247839;-22.63108
-0.9006398;3.384429;1.715011;-27.70625