ydiffs;heights;distances;angles
-0.9427574;2.878257;1.791615;-27.75358
-0.8498219;3.632454;2.155333;-21.51873
-1.146509;3.144986;1.888253;-31.26526
-1.07777;3.866676;1.628275;-33.50095
-0.8948615;3.529979;1.952781;-24.61961
-0.9849131;3.344693;1.568774;-32.12157
-0.200579;3.653301;1.998212;-5.732108
-0.4242076;3.392972;1.758466;-13.56275
-0.2291728;3.758302;1.745677;-7.47903