ydiffs;heights;distances;angles
-0.2784292;3.310717;2.226986;-7.126435
0.6596786;3.298773;1.906137;19.08979
2.258963;3.745919;1.720336;52.70854
-1.803202;3.392379;2.126723;-40.29388
2.506701;3.247937;1.577972;57.80953
0.3822596;3.342353;1.455604;14.71433
0.1439021;3.630224;1.704992;4.824355
-0.3663009;3.421723;1.945184;-10.66458
1.104413;3.570215;1.751406;32.23496