ydiffs;heights;distances;angles
-1.312678;2.9929;1.98593;-33.46426
-1.080888;3.659004;2.048563;-27.81757
-1.090226;2.853166;1.828647;-30.80309
-0.9853685;3.799053;1.901645;-27.39167
-0.8867751;3.505044;1.919546;-24.79558
-0.8415456;3.180708;2.097982;-21.85678
-0.9905124;3.65073;1.427949;-34.74754
-0.8354243;3.427854;1.84548;-24.35563
-1.069555;3.765105;1.929899;-28.99534