ydiffs;heights;distances;angles
0.3518853;3.664878;1.657252;11.98761
0.4218925;3.502673;2.151416;11.09491
2.398788;3.489621;2.043367;49.57455
-2.260395;3.878126;1.507312;-56.30324
1.345787;3.167333;1.914317;35.10767
0.714798;3.345435;1.983163;19.82085
-0.370155;3.392251;1.983896;-10.56871
-0.06519065;3.671659;1.994207;-1.872333
-0.2494617;3.521196;1.835135;-7.741133