ydiffs;heights;distances;angles
0.06687497;3.656525;1.73135;2.212002
-0.09156414;3.031468;2.436179;-2.152457
0.03551635;3.821279;1.730783;1.175567
-0.8219016;3.308192;1.990533;-22.43599
-0.8515153;3.697978;2.118706;-21.89537
-0.96679;3.501336;1.595213;-31.21826
-0.7262517;3.594947;1.889707;-21.02275
-0.2945811;3.465248;2.241432;-7.48721
-0.2927677;4;1.498747;-11.05307