ydiffs;heights;distances;angles
-1.390069;3.321658;1.976004;-35.12541
-1.07273;3.492024;2.236112;-25.62844
-1.104246;3.83138;1.914158;-29.97993
-1.041283;3.330186;1.725438;-31.11053
-0.7888945;3.614079;1.949211;-22.03442
-0.7750205;3.4994;2.248523;-19.01804
-1.018943;3.936578;1.850731;-28.83553
-0.9112309;3.317977;2.080988;-23.64783
-1.014819;3.467521;1.762236;-29.93635