ydiffs;heights;distances;angles
-1.071818;3.683076;1.779429;-31.06215
-1.169417;3.643542;2.366088;-26.30045
-1.176979;3.602065;1.773842;-33.56506
-1.064339;3.217855;1.2671;-40.02958
-0.9287869;4;2.063054;-24.23728
-0.3458683;3.671154;1.406146;-13.81866
-0.3926359;3.401372;2.238984;-9.946449
-0.3720538;3.6558;2.115444;-9.974885
-0.300199;3.446571;1.581998;-10.74466