ydiffs;heights;distances;angles
-0.5969911;3.302321;1.673027;-19.63807
2.202336;3.3845;1.841565;50.09807
2.011197;3.399245;1.658446;50.4908
0.5279226;3.469365;2.04985;14.44223
0.08399387;2.709554;1.532364;3.137429
0.3727563;3.686747;2.219637;9.533053
0.5014362;3.447197;2.143345;13.16754
-1.481825;3.462206;1.487798;-44.88477
1.212715;3.46945;2.266766;28.14669