ydiffs;heights;distances;angles
0.1293719;3.228499;1.47144;5.02464
0.9778725;4;1.622473;31.07758
-0.207427;3.594418;1.734764;-6.818529
2.17942;3.335608;2.171816;45.10012
-0.8516069;3.809878;2.496;-18.83906
-0.09374894;3.043269;1.615239;-3.321737
-0.02061163;3.68105;2.208573;-0.5347005
-0.180311;4;2.064257;-4.992064
-0.2477955;3.261729;2.190677;-6.453506