ydiffs;heights;distances;angles
-0.08144231;3.348989;1.847776;-2.523728
-0.03192307;3.532321;1.88398;-0.9707547
-0.7660729;3.747817;2.352427;-18.03795
-0.7128224;3.588144;1.610556;-23.87389
-0.6651521;3.278338;1.83087;-19.966
-0.750998;4;1.959904;-20.96589
-0.1501675;3.356891;2.252129;-3.814722
-0.338477;3.714145;2.034369;-9.446307
-0.4597383;3.320583;2.03036;-12.75845