ydiffs;heights;distances;angles
-1.109354;3.104299;2.391975;-24.88101
-0.9998348;3.688318;2.31646;-23.34608
-1.088727;3.318245;1.538724;-35.28137
-0.9237653;3.507126;2.08118;-23.93481
-0.8764172;2.867829;1.999932;-23.66416
-0.8579143;3.00512;1.760471;-25.98094
-0.7693687;3.93219;1.951733;-21.51425
-1.131903;3.470685;1.730903;-33.18219
-1.054315;3.763995;1.974192;-28.10441