ydiffs;heights;distances;angles
-0.5661248;3.933638;2.041201;-15.5013
-0.3704006;2.908375;1.82283;-11.48617
-0.382086;3.869849;2.059627;-10.50959
-0.2758019;3.516797;1.915189;-8.194692
-0.8546994;3.775032;1.594578;-28.19146
-0.6546478;3.497353;2.11861;-17.17108
-0.5612975;3.780579;2.226358;-14.15022
-0.5391952;3.529313;1.420012;-20.79236
0.234852;3.607165;1.677226;7.970962