ydiffs;heights;distances;angles
0.08830943;3.200598;2.036711;2.482723
-0.3891416;3.687099;2.289467;-9.646396
-0.2198605;3.429447;1.773719;-7.06603
-0.0470934;3.834992;1.387083;-1.944525
0.01073558;3.261809;2.013877;0.3054295
0.05330012;3.104677;2.081497;1.466831
3.330649;3.803272;1.949787;59.65497
2.105982;2.987351;1.483212;54.84352
-1.442176;3.356551;2.213649;-33.08394