ydiffs;heights;distances;angles
-1.33701;2.957041;2.493541;-28.19974
-1.243236;3.968487;1.522962;-39.22572
-1.193454;3.504991;1.653559;-35.81982
-0.1589583;3.833638;2.03283;-4.471177
-0.2528242;3.758972;1.684364;-8.536406
-0.6262246;3.539736;1.849333;-18.70723
-0.4550306;3.776391;2.774211;-9.314805
-0.7499761;3.52896;1.778778;-22.86147
-0.6090158;3.715708;1.817621;-18.52405