ydiffs;heights;distances;angles
0.4360077;3.34498;1.786624;13.7144
0.3117319;3.73944;2.39327;7.421199
0.1803526;3.152197;2.480513;4.158531
0.9675706;3.895778;1.612643;30.96336
1.141449;3.701661;1.838804;31.83021
3.230089;3.70225;1.842576;60.29778
-0.6175963;3.422733;1.834548;-18.60569
-0.188623;3.088342;1.90296;-5.660717
-0.04291192;3.820632;1.818078;-1.352096