ydiffs;heights;distances;angles
0.1514791;3.200469;1.473098;5.871104
0.07255328;4;2.501193;1.66154
-0.02678455;3.870881;2.009561;-0.7636248
-0.02263844;3.585108;1.596841;-0.8122287
-0.7331811;3.322365;1.893475;-21.16713
-0.6951945;3.660347;2.029577;-18.90795
-0.7138019;3.380182;2.031413;-19.36055
-0.8010902;3.658475;1.592093;-26.71008
-0.1510897;3.563056;1.917089;-4.506283