ydiffs;heights;distances;angles
-0.7201214;3.820292;2.140836;-18.5916
-1.206232;3.793419;1.524713;-38.34826
-1.115214;3.517515;2.327699;-25.59934
-1.105691;3.722329;2.352568;-25.1732
-1.129824;3.387993;1.718863;-33.31728
-0.7580557;4;1.971631;-21.03083
-0.877861;3.136264;2.161335;-22.10533
-0.9880047;3.538205;1.799671;-28.76642
-0.9959701;3.571047;1.885429;-27.84508