ydiffs;heights;distances;angles
-0.6152732;3.191975;1.66044;-20.33211
-0.5191059;3.923568;2.172238;-13.44007
-0.06125626;3.499267;1.836586;-1.910297
-0.5688171;3.354626;1.666651;-18.84444
-0.536982;2.81869;2.185771;-13.8026
-0.483648;3.624025;1.841616;-14.71481
-0.8447578;3.919064;1.768541;-25.53185
-0.719586;3.300603;1.770265;-22.121
-0.6788405;3.71529;1.719656;-21.54181