ydiffs;heights;distances;angles
-0.7651294;3.253241;1.967136;-21.25385
-0.6248227;3.759694;1.809371;-19.05112
-0.6678306;3.495209;1.247159;-28.16822
1.644572;3.399622;2.127558;37.70351
-0.05455066;3.653181;2.120608;-1.473556
1.192772;3.499039;2.174408;28.74697
-0.3029633;3.744546;2.146936;-8.032218
0.7374833;3.883848;2.121081;19.17216
-0.9656676;3.882653;1.915783;-26.7508