ydiffs;heights;distances;angles
0.2421245;3.444335;1.578437;8.720915
0.08526663;3.75813;2.055347;2.375569
-0.1095892;3.36988;1.99867;-3.138448
-0.08911119;3.720754;1.754994;-2.906742
-0.8267434;3.380584;1.508644;-28.72293
0.785289;3.991434;1.824833;23.28389
0.3989932;3.378895;1.767727;12.71908
0.1482583;3.604757;1.877145;4.515889
0.3024098;3.544422;2.243499;7.676848