ydiffs;heights;distances;angles
-1.663074;4;2.248214;-36.49149
-0.1575181;3.544733;2.111084;-4.267207
0.1773118;3.371322;1.901971;5.326022
0.1372183;3.617233;2.087356;3.761089
0.2209598;3.189788;1.838801;6.852099
-0.734687;3.72286;1.474598;-26.4838
3.187069;3.396741;1.788231;60.70367
0.1108733;3.466348;1.91631;3.311312
0.7833039;3.596531;1.637761;25.56074