ydiffs;heights;distances;angles
-0.3791722;3.739717;2.029391;-10.58314
1.208116;3.355984;1.509653;38.66892
-1.000534;3.486209;1.851912;-28.38107
-0.7367471;3.519038;1.945968;-20.73676
-0.4237478;2.999146;1.951166;-12.25303
-0.4585255;3.684619;1.686527;-15.20969
-0.6961002;3.463832;2.34346;-16.5435
-0.6644885;3.560867;1.703575;-21.30853
-0.6115522;3.244264;1.553021;-21.49364