ydiffs;heights;distances;angles
-0.3474273;3.076665;2.132722;-9.252392
-0.1388671;3.647184;1.949671;-4.074064
-0.09685893;3.495121;2.228253;-2.488998
-0.5658232;3.806277;2.078526;-15.22824
-0.401553;3.275379;1.916794;-11.8319
-0.3111758;3.626232;1.886501;-9.366521
-0.2724724;3.64858;1.81514;-8.536983
-0.2800066;3.46856;1.77211;-8.978929
-0.3464331;3.526495;1.559337;-12.52579