ydiffs;heights;distances;angles
-0.1618428;3.431352;2.201292;-4.20492
-0.1499206;3.233845;2.18937;-3.917304
-0.2494533;3.254432;1.387704;-10.19064
-0.2255889;3.912559;2.187411;-5.888129
-0.7025518;3.763474;1.284547;-28.67539
-0.6013575;3.283172;2.069929;-16.19968
-0.6076353;3.63385;1.569717;-21.16135
-0.6379636;3.435623;1.720596;-20.34381
-0.4056177;3.883552;1.953112;-11.73228