ydiffs;heights;distances;angles
-0.8926744;3.418303;1.889064;-25.29301
-0.4756722;3.496494;2.569348;-10.48861
-2.627211;2.758014;2.09267;-51.46138
0.9410728;3.677301;1.520445;31.75526
2.330581;3.752915;1.887449;50.9973
-0.6586479;3.635779;1.75857;-20.53274
0.4232274;3.680566;1.98638;12.02785
0.6496324;3.564123;1.705245;20.8549
0.1486706;3.95721;1.561118;5.440064