ydiffs;heights;distances;angles
-0.8034741;3.358497;2.071219;-21.20244
2.120691;3.623951;1.677527;51.65499
0.3739772;3.052151;1.869194;11.31401
2.496347;3.112401;1.618523;57.04239
-2.522135;3.892494;1.564425;-58.18957
2.015005;2.881223;1.834939;47.67784
0.242862;3.569313;1.452041;9.495153
2.060427;3.525795;1.771965;49.30451
0.002305571;3.349385;2.056201;0.06424441