ydiffs;heights;distances;angles
-0.1325097;3.422758;1.867071;-4.059588
-0.08030811;4;2.025132;-2.270916
-0.2064617;3.412162;2.238516;-5.269567
0.8699922;3.67584;2.134153;22.17838
0.4348704;3.389426;2.042121;12.02158
0.2425375;3.721236;1.523705;9.044244
0.2475859;3.64438;1.843986;7.647181
0.3998626;3.37657;1.960253;11.52932
0.6679949;3.710526;1.897906;19.39025