ydiffs;heights;distances;angles
-0.1265017;3.470785;1.617506;-4.471877
0.06449584;3.957422;1.664066;2.219558
0.1521975;3.017817;2.247888;3.873409
-0.07092489;3.361917;1.851237;-2.194052
1.109282;3.80101;1.788098;31.81423
-0.2369917;4;1.897305;-7.119919
1.164813;3.895436;2.030564;29.84031
-1.600906;3.680378;2.417121;-33.51728
2.469332;3.924465;1.982837;51.23605