ydiffs;heights;distances;angles
-1.159137;3.449561;2.329468;-26.45481
-0.8001488;3.129612;1.805559;-23.90094
-0.4772466;3.215274;1.700429;-15.67744
-0.8443071;3.560833;2.420441;-19.22998
-0.9523607;3.903513;1.684804;-29.47795
-0.758586;3.601135;1.963525;-21.12349
-0.6506712;3.37814;1.85583;-19.32114
-0.6427257;4;1.877315;-18.89938
-0.1588333;3.734564;1.986705;-4.570964