ydiffs;heights;distances;angles
-0.2420282;3.388403;2.112703;-6.535232
-0.5876135;4;1.599691;-20.16976
-0.4317631;3.323737;2.041841;-11.93975
-0.3265477;3.642923;2.086725;-8.893975
-0.2876569;3.14669;1.913615;-8.548762
-0.4404666;3.535216;2.042413;-12.17001
-0.3532192;3.701932;1.656256;-12.03876
-0.5289228;3.383344;1.441275;-20.15226
-0.4193252;3.649621;1.921359;-12.31142