ydiffs;heights;distances;angles
-0.5397987;3.547204;2.141183;-14.1496
-0.2870039;3.605779;1.669394;-9.754988
-0.8491763;3.613785;1.793618;-25.3349
-0.707088;3.364616;1.689062;-22.71553
-0.6723838;3.568051;2.443442;-15.38579
-0.7232314;3.357646;2.389448;-16.83987
-0.590771;3.59127;1.313434;-24.21779
-0.4878787;3.849026;2.011466;-13.63374
-0.657171;4;2.160817;-16.91613