ydiffs;heights;distances;angles
-0.9869214;3.315068;2.26414;-23.55202
1.028216;3.668391;2.313642;23.96107
-0.1716332;4;1.939162;-5.058008
2.060591;3.842805;1.896007;47.38197
-0.4147452;3.311851;1.941463;-12.05856
-0.5071952;3.913364;1.850235;-15.32962
0.6582792;3.793722;1.862235;19.46794
-0.0537126;3.097085;1.940716;-1.585353
0.06891133;3.554476;2.26405;1.743385