ydiffs;heights;distances;angles
0.3237929;2.844989;1.610552;11.36747
0.1925635;3.505454;1.902163;5.780588
0.08924975;3.04907;2.025685;2.522766
0.2794357;3.690021;1.910062;8.323136
0.3863578;3.732973;2.522738;8.707206
0.2418382;2.833916;1.765107;7.801551
0.5509973;3.82338;2.696734;11.54774
0.5340621;3.455513;2.015558;14.84061
-0.0880923;3.908118;1.799437;-2.802705