ydiffs;heights;distances;angles
-0.08913168;3.311288;2.10055;-2.429748
0.3632948;3.611551;2.061498;9.994528
0.8445788;3.002223;1.695469;26.47967
-2.562519;3.494976;1.467192;-60.20633
-2.205247;3.606859;1.476822;-56.19036
0.1376147;3.449078;1.770503;4.444454
1.183211;3.902007;1.604882;36.39976
-0.7674096;4;1.87773;-22.22935
2.695679;3.130403;1.970662;53.83154