ydiffs;heights;distances;angles
-0.707886;2.99791;2.612618;-15.16024
-0.6162391;3.574291;1.866757;-18.26868
-0.7627711;3.455556;1.95099;-21.35382
-0.6890087;3.768499;1.686767;-22.21897
-0.6082118;3.440077;1.742776;-19.23849
-0.6500245;3.798828;2.313416;-15.69432
-0.09913167;3.567347;1.634006;-3.471759
-0.2602727;3.971642;1.85694;-7.978721
-0.05584463;4;2.250456;-1.421492