ydiffs;heights;distances;angles
0.1330771;4;1.815349;4.192661
-0.1712318;3.880218;2.136633;-4.581945
0.5069798;3.590786;1.917226;14.81192
-1.209768;3.244804;1.815766;-33.67384
2.056907;3.835796;2.271951;42.15607
0.1145052;3.903353;1.956397;3.349621
-2.008018;3.840015;1.907802;-46.46602
0.07278153;3.619589;2.083804;2.00037
-0.1246006;2.986888;1.854888;-3.843024