ydiffs;heights;distances;angles
-0.6923879;3.338362;1.911963;-19.90707
-0.3171144;3.635689;1.887786;-9.535645
-0.4118655;3.299723;1.996817;-11.65445
-0.3874944;3.048959;1.681835;-12.97452
-0.2838132;3.921117;1.944648;-8.303455
-0.4982276;3.510764;2.021192;-13.84745
-0.422179;3.438663;2.099189;-11.37136
-0.06596754;3.355938;1.953131;-1.934446
-0.05431554;3.597392;1.528866;-2.034673