ydiffs;heights;distances;angles
-0.9868362;3.10345;1.922353;-27.1736
-0.7090387;3.524427;2.171183;-18.08538
-0.7410977;4;2.151581;-19.00593
-0.7069223;3.007996;1.318078;-28.20591
-0.4562626;3.695507;1.679149;-15.20153
-0.4520079;3.444878;1.876882;-13.54064
-0.6515161;3.747697;1.961919;-18.37035
-0.5878823;3.470575;1.962202;-16.67839
4.910869;3.849915;1.838145;69.47906