ydiffs;heights;distances;angles
-1.153867;3.361005;1.743173;-33.50196
1.872396;3.342081;1.618948;49.15201
-1.152871;3.443825;1.738451;-33.55074
-1.061903;3.959428;2.064428;-27.22045
0.4099047;3.460117;1.771876;13.02563
0.1633044;3.591889;2.37517;3.933173
0.1587837;3.621416;2.044186;4.441575
-0.07661221;3.350816;1.79248;-2.447383
0.04493007;4;2.151668;1.196248