ydiffs;heights;distances;angles
0.1375645;3.386497;1.81126;4.343255
-0.269601;3.724172;2.040652;-7.526055
-0.1236635;3.277164;1.881003;-3.761405
0.2079112;3.391882;1.697102;6.984477
0.0748896;4;2.065214;2.076772
0.6995398;3.175056;1.737114;21.93476
1.145893;4;2.203749;27.47327
-0.8235519;3.8048;2.244209;-20.1515
2.391351;3.250539;2.101883;48.68608