ydiffs;heights;distances;angles
0.006414714;3.728787;1.335129;0.2752792
2.504266;3.593845;2.038049;50.86023
-1.119747;3.401451;2.303078;-25.92884
-0.8769685;3.665812;1.726453;-26.92874
-0.3917587;3.442587;1.698669;-12.98687
-0.5254864;3.769976;1.978946;-14.87105
-0.7156503;3.07718;1.866048;-20.98237
-0.6762236;3.83444;1.940808;-19.20955
-0.6178064;3.529002;2.096498;-16.41945