ydiffs;heights;distances;angles
-0.4871123;3.398685;2.475756;-11.13093
-0.114525;3.890288;1.884415;-3.477863
-0.2116478;3.379949;2.443349;-4.950718
-0.5237517;3.240497;1.675133;-17.36252
-0.4869113;3.535272;2.244601;-12.23929
-0.2853186;3.911628;2.263746;-7.183582
-0.4008613;3.007798;1.643571;-13.70664
-0.351831;3.926258;1.742124;-11.41761
-0.3951537;3.297798;2.128083;-10.51918