ydiffs;heights;distances;angles
-0.3091062;3.856767;2.028714;-8.663275
-0.2492897;3.356733;1.842749;-7.704284
-0.3797461;3.229579;2.380668;-9.063034
-0.4706552;3.616903;2.057339;-12.88575
-0.9626513;3.344338;1.86883;-27.25341
-0.7506483;3.142826;1.44363;-27.47319
-0.5600681;3.262203;1.898113;-16.43952
-0.6087391;3.874278;1.717442;-19.51663
-0.5117148;4;2.011469;-14.27319