ydiffs;heights;distances;angles
-0.6776687;3.525695;2.292494;-16.46785
1.409701;3.445884;1.480249;43.60162
1.91626;3.248589;2.105009;42.31264
0.1904394;3.493864;2.262697;4.810946
1.602814;3.655687;1.981277;38.97218
-2.179302;3.697283;1.960398;-48.02693
2.736404;3.667832;2.02334;53.5202
0.5324223;3.79914;1.430065;20.42062
-0.8959017;2.714591;1.979517;-24.35084