ydiffs;heights;distances;angles
0.1144613;3.58399;1.734222;3.776133
0.07648527;3.355478;2.402925;1.823113
0.4983429;3.431357;1.560938;17.70614
0.2897291;3.471187;1.967019;8.379046
2.195629;3.833019;1.58516;54.17217
-1.937731;3.484811;2.059419;-43.25624
-1.750108;2.796685;1.395328;-51.43532
3.210791;3.758415;1.511073;64.79723
0.3462207;3.545544;1.883374;10.41639