ydiffs;heights;distances;angles
-1.63826;3.462708;1.773793;-42.7253
1.499123;3.796945;1.862939;38.82392
-0.2484508;3.24452;1.718392;-8.226999
1.265946;2.942747;2.34482;28.36419
-0.1347342;3.896117;2.351234;-3.279668
-0.6577962;4;1.906752;-19.03355
-0.3953054;3.422503;1.696404;-13.11729
-0.4979121;3.671063;1.87266;-14.88959
-0.4731577;3.590298;1.879917;-14.12738