ydiffs;heights;distances;angles
-0.04806758;3.498534;1.74415;-1.578633
-0.02877909;3.514597;1.939797;-0.8499855
0.2004237;3.827291;1.581217;7.223881
0.11627;3.116065;1.778413;3.740589
-0.9749448;3.85671;1.456239;-33.80211
-0.8207452;3.124709;2.120794;-21.15639
-0.4752182;4;1.964763;-13.59702
-0.6689963;3.541895;1.547547;-23.37858
-0.3586834;3.726067;1.908606;-10.64343