ydiffs;heights;distances;angles
-0.8013386;3.661272;2.500295;-17.77053
-0.6250454;3.541682;1.44412;-23.40398
0.07924289;3.834885;1.443919;3.141265
0.05825508;3.648242;1.50798;2.212305
-0.2437745;3.29914;1.520786;-9.106761
-0.1018342;4;2.167421;-2.690008
-0.3023165;3.459594;1.910003;-8.994198
-0.2240937;3.546282;1.955773;-6.536482
-0.3979914;3.186104;1.545824;-14.43794