ydiffs;heights;distances;angles
-0.5759642;2.832419;1.85873;-17.21663
-0.2151999;3.607155;1.989915;-6.17228
-0.3192731;3.483134;1.996765;-9.084421
-0.09527085;3.962275;1.814598;-3.005409
-0.1666562;3.254748;2.346201;-4.06303
0.0426975;3.645123;2.140039;1.142999
-0.0626261;3.385347;1.764019;-2.033257
-0.7047977;3.457369;2.235561;-17.49832
-0.6100425;3.254476;2.144335;-15.88054