ydiffs;heights;distances;angles
-0.6766701;3.361025;1.96585;-18.9941
-0.5440528;3.729259;1.898755;-15.98867
-0.4110728;3.310295;2.195708;-10.60396
-0.8236303;3.770374;1.9098;-23.32886
-1.5009;3.167795;2.035081;-36.40928
3.270808;3.783953;2.118634;57.06725
1.025348;3.208377;1.971411;27.47933
0.3852658;3.41332;1.773978;12.253
-0.1974176;3.668213;1.702194;-6.615513