ydiffs;heights;distances;angles
1.369233;3.606183;2.032593;33.96572
-0.09466822;3.530639;1.847504;-2.933336
-0.1117379;3.145283;2.108962;-3.032831
0.3887103;4;1.980749;11.10287
0.2302572;3.154261;2.081534;6.312338
1.704766;4;2.216798;37.56108
0.3223557;3.36538;1.700926;10.7313
1.82761;3.087204;1.687787;47.27771
0.3313295;3.944927;2.100785;8.962689