ydiffs;heights;distances;angles
0.2963701;3.311988;1.7903;9.399624
0.9641703;3.619547;1.321318;36.11836
-0.07920883;3.114794;1.712547;-2.648161
0.1701008;4;1.89973;5.116589
0.03136852;3.691546;1.985906;0.9049445
0.1146968;3.535862;1.241418;5.278672
1.308215;3.894486;1.55786;40.02192
-0.1705068;2.977515;1.732666;-5.620224
1.097906;3.200668;2.120144;27.37715