ydiffs;heights;distances;angles
0.5388959;3.791678;1.988473;15.1635
2.897054;3.291527;1.895413;56.80506
-1.223117;3.413141;1.479729;-39.57652
-0.588029;3.72578;1.509637;-21.28175
-0.2326966;3.287705;2.048397;-6.480979
-0.5194103;3.584382;2.070597;-14.0821
-0.6879303;3.39694;1.922437;-19.68938
-0.6106012;3.636024;1.910446;-17.7245
-0.5416965;3.020217;1.877441;-16.0944