ydiffs;heights;distances;angles
-0.1256022;3.347909;2.293493;-3.134649
0.02196505;3.621712;2.128034;0.591372
-0.2983218;3.301512;1.891561;-8.962412
-0.1348532;3.785606;2.350391;-3.283733
-0.3083445;3.52468;2.179989;-8.050692
-0.2386731;3.601769;1.535495;-8.835193
-0.3901899;3.146523;1.510142;-14.48722
-0.297736;3.771955;2.151824;-7.877685
-0.4603218;3.666736;1.597778;-16.07176