ydiffs;heights;distances;angles
-0.4864415;3.27865;1.630434;-16.61252
-0.2460863;3.591437;1.997374;-7.023726
-0.2142719;3.513903;1.847099;-6.616996
-0.1347108;3.939522;2.161412;-3.566369
-0.04798852;3.063039;1.967701;-1.397059
-0.7830811;3.456463;1.541905;-26.92447
-0.6272002;3.681846;2.017551;-17.26901
-0.57339;3.452996;2.0568;-15.57729
-0.6021317;3.677428;1.836176;-18.15572