ydiffs;heights;distances;angles
-0.7129261;3.472851;1.736988;-22.31512
-0.4848456;4;1.652546;-16.35133
0.2393698;3.733257;1.52018;8.948403
-0.2603103;3.596748;1.930951;-7.67772
-0.8050663;3.524296;1.968907;-22.23916
1.914633;3.960866;1.542627;51.14148
-1.288257;4;1.705276;-37.06936
1.187947;3.851138;2.399243;26.34158
-0.4395241;4;1.702233;-14.47781