ydiffs;heights;distances;angles
-0.103457;3.163145;1.745813;-3.391384
0.101377;3.430326;1.824383;3.180532
0.173138;3.455722;2.00695;4.930656
0.2949393;4;1.863339;8.994465
0.4354841;3.371112;1.943515;12.62967
1.008117;3.693942;2.120843;25.42351
0.1791664;3.960895;1.853143;5.522332
0.5604877;3.127162;1.761922;17.64646
0.7659667;3.778208;1.697977;24.2804