ydiffs;heights;distances;angles
-1.214839;3.299399;2.09791;-30.07388
-1.089076;3.740746;1.796558;-31.22429
-0.870784;3.195652;2.084471;-22.67264
-0.9617014;3.839894;2.063234;-24.99086
-0.9229263;4;1.639417;-29.37777
-0.8025853;3.18434;2.272766;-19.44973
-1.072451;3.620277;2.460655;-23.54947
-1.019576;3.26359;1.775557;-29.8657
-1.130531;3.8089;1.906003;-30.67398