ydiffs;heights;distances;angles
0.01349171;3.369661;2.086037;0.3705626
0.04753387;3.489511;1.464272;1.85931
0.01778086;3.209239;1.846355;0.5517555
-0.03460376;3.797765;1.92898;-1.027712
2.978839;3.335334;1.960464;56.64988
0.0731117;3.614437;2.159578;1.938987
0.1633236;3.824015;2.226334;4.195695
0.07274074;3.361373;1.601839;2.60006
2.362438;3.461758;1.502296;57.54734