ydiffs;heights;distances;angles
0.2324729;3.643588;1.99203;6.656396
-0.822162;3.512;1.914117;-23.24476
-0.580133;3.489894;2.21236;-14.69349
-0.5086205;3.878975;1.832963;-15.50856
-0.5511585;3.055815;1.81806;-16.86508
-0.569081;3.764643;1.459359;-21.30344
-0.5594178;3.410089;2.080683;-15.04882
-0.6007326;3.752631;2.22266;-15.12434
-0.6355184;3.385024;1.463534;-23.4722