ydiffs;heights;distances;angles
-0.6126807;3.722432;1.829733;-18.51297
-0.429977;3.631761;1.956698;-12.39355
-0.3880585;3.270957;1.575428;-13.83759
-0.2957537;4;1.858042;-9.044174
-0.2216324;3.199427;1.89588;-6.667732
-0.1857099;3.646401;1.617136;-6.551076
-0.1236085;3.355132;2.165671;-3.266688
-0.06823549;3.705941;2.391362;-1.634443
-0.01158174;3.438155;1.602746;-0.4140227