ydiffs;heights;distances;angles
-0.7840863;3.417287;1.758474;-24.03163
-0.5795995;3.59526;2.023713;-15.98193
-0.5846616;3.298647;1.823259;-17.77941
-0.5235745;3.740624;1.821431;-16.03742
-0.4446529;3.36013;2.014245;-12.44863
-0.4256843;3.864212;2.188426;-11.0075
0.642288;3.30334;2.322236;15.46047
1.026514;4;2.355428;23.54795
0.5091656;3.884666;1.771044;16.03966