ydiffs;heights;distances;angles
0.8882548;3.479251;1.862629;25.49565
-0.8796775;3.676957;1.843454;-25.51
2.049412;3.67082;2.293061;41.78859
-0.1257207;3.751472;1.780873;-4.038094
-0.001267975;2.98689;2.054523;-0.03536082
0.2417368;3.603412;1.93105;7.135403
0.292521;3.519911;1.908724;8.713058
0.3881366;3.770393;1.983404;11.07241
0.6059438;3.188633;1.756408;19.03394