ydiffs;heights;distances;angles
-1.386669;3.36831;2.052577;-34.04196
-0.1818513;3.479671;1.728887;-6.004522
-0.2778478;3.578588;2.03913;-7.759225
-0.6060832;3.074516;2.028831;-16.63274
-0.419248;4;2.477567;-9.60447
-0.7008682;3.427278;2.706362;-14.51896
-0.6064965;3.693004;2.071975;-16.31551
-0.846189;3.423431;1.690546;-26.58989
-0.6833346;3.683248;2.110866;-17.93793