ydiffs;heights;distances;angles
-0.2007844;3.383448;1.740439;-6.580791
0.03421708;3.590448;1.16866;1.677079
-0.1950314;3.307832;1.663089;-6.688559
-0.07215014;3.895262;2.310128;-1.788886
-0.2721669;3.998192;1.539871;-10.02331
-0.1471725;3.693214;1.576018;-5.334951
2.016987;3.835135;1.903316;46.66085
0.110381;3.196869;2.243785;2.816346
1.341632;3.838068;1.928624;34.8241