{
    "name": "root",
    "gauges": {
        "FlappyBird.Policy.Entropy.mean": {
            "value": 0.25636154413223267,
            "min": 0.21835878491401672,
            "max": 0.6929470896720886,
            "count": 27
        },
        "FlappyBird.Policy.Entropy.sum": {
            "value": 265.846923828125,
            "min": 219.01385498046875,
            "max": 704.8173828125,
            "count": 27
        },
        "FlappyBird.Environment.EpisodeLength.mean": {
            "value": 37.407407407407405,
            "min": 22.181818181818183,
            "max": 53.0,
            "count": 27
        },
        "FlappyBird.Environment.EpisodeLength.sum": {
            "value": 1010.0,
            "min": 892.0,
            "max": 1062.0,
            "count": 27
        },
        "FlappyBird.Step.mean": {
            "value": 26996.0,
            "min": 985.0,
            "max": 26996.0,
            "count": 27
        },
        "FlappyBird.Step.sum": {
            "value": 26996.0,
            "min": 985.0,
            "max": 26996.0,
            "count": 27
        },
        "FlappyBird.Policy.ExtrinsicValueEstimate.mean": {
            "value": -2.404707193374634,
            "min": -3.450892925262451,
            "max": -0.5100346803665161,
            "count": 27
        },
        "FlappyBird.Policy.ExtrinsicValueEstimate.sum": {
            "value": -69.73651123046875,
            "min": -128.62841796875,
            "max": -20.401386260986328,
            "count": 27
        },
        "FlappyBird.Environment.CumulativeReward.mean": {
            "value": -1.137037091785007,
            "min": -2.715909253467213,
            "max": 0.17368432095176295,
            "count": 27
        },
        "FlappyBird.Environment.CumulativeReward.sum": {
            "value": -30.70000147819519,
            "min": -119.50000715255737,
            "max": 3.300002098083496,
            "count": 27
        },
        "FlappyBird.Policy.ExtrinsicReward.mean": {
            "value": -1.137037091785007,
            "min": -2.715909253467213,
            "max": 0.17368432095176295,
            "count": 27
        },
        "FlappyBird.Policy.ExtrinsicReward.sum": {
            "value": -30.70000147819519,
            "min": -119.50000715255737,
            "max": 3.300002098083496,
            "count": 27
        },
        "FlappyBird.Losses.PolicyLoss.mean": {
            "value": 0.767490993719548,
            "min": 0.479331530785809,
            "max": 1.1108880825340748,
            "count": 24
        },
        "FlappyBird.Losses.PolicyLoss.sum": {
            "value": 0.767490993719548,
            "min": 0.479331530785809,
            "max": 1.2504705914810377,
            "count": 24
        },
        "FlappyBird.Losses.ValueLoss.mean": {
            "value": 1.510275871803363,
            "min": 0.17937724086611223,
            "max": 1.8436553006370862,
            "count": 24
        },
        "FlappyBird.Losses.ValueLoss.sum": {
            "value": 1.510275871803363,
            "min": 0.21168954685951272,
            "max": 1.8436553006370862,
            "count": 24
        },
        "FlappyBird.Policy.LearningRate.mean": {
            "value": 0.00029984471405176196,
            "min": 0.00029984471405176196,
            "max": 0.00029999499600166796,
            "count": 24
        },
        "FlappyBird.Policy.LearningRate.sum": {
            "value": 0.00029984471405176196,
            "min": 0.00029984471405176196,
            "max": 0.000599957226014258,
            "count": 24
        },
        "FlappyBird.Policy.Epsilon.mean": {
            "value": 0.19994823799999997,
            "min": 0.19994823799999997,
            "max": 0.19999833200000003,
            "count": 24
        },
        "FlappyBird.Policy.Epsilon.sum": {
            "value": 0.19994823799999997,
            "min": 0.19994823799999997,
            "max": 0.39998574200000003,
            "count": 24
        },
        "FlappyBird.Policy.Beta.mean": {
            "value": 0.004997417076200001,
            "min": 0.004997417076200001,
            "max": 0.0049999167667999994,
            "count": 24
        },
        "FlappyBird.Policy.Beta.sum": {
            "value": 0.004997417076200001,
            "min": 0.004997417076200001,
            "max": 0.0099992885258,
            "count": 24
        },
        "FlappyBird.IsTraining.mean": {
            "value": 1.0,
            "min": 1.0,
            "max": 1.0,
            "count": 27
        },
        "FlappyBird.IsTraining.sum": {
            "value": 1.0,
            "min": 1.0,
            "max": 1.0,
            "count": 27
        }
    },
    "metadata": {
        "timer_format_version": "0.1.0",
        "start_time_seconds": "1679343557",
        "python_version": "3.9.2 (default, Feb 28 2021, 17:03:44) \n[GCC 10.2.1 20210110]",
        "command_line_arguments": "/home/bears_bears/Unity_env/bin/mlagents-learn trainer_config.yaml --run-id Phase_2 --force --time-scale 20",
        "mlagents_version": "0.30.0",
        "mlagents_envs_version": "0.30.0",
        "communication_protocol_version": "1.5.0",
        "pytorch_version": "1.11.0+cu102",
        "numpy_version": "1.21.2",
        "end_time_seconds": "1679343893"
    },
    "total": 335.87531322200084,
    "count": 1,
    "self": 0.010017881999374367,
    "children": {
        "run_training.setup": {
            "total": 0.0847058540002763,
            "count": 1,
            "self": 0.0847058540002763
        },
        "TrainerController.start_learning": {
            "total": 335.7805894860012,
            "count": 1,
            "self": 1.0840116000563285,
            "children": {
                "TrainerController._reset_env": {
                    "total": 20.906912546999592,
                    "count": 1,
                    "self": 20.906912546999592
                },
                "TrainerController.advance": {
                    "total": 313.08736966694596,
                    "count": 27488,
                    "self": 1.1441653467427386,
                    "children": {
                        "env_step": {
                            "total": 271.6576414581232,
                            "count": 27488,
                            "self": 160.69676726594298,
                            "children": {
                                "SubprocessEnvManager._take_step": {
                                    "total": 110.35017825599425,
                                    "count": 27488,
                                    "self": 4.162026647993116,
                                    "children": {
                                        "TorchPolicy.evaluate": {
                                            "total": 106.18815160800114,
                                            "count": 27488,
                                            "self": 106.18815160800114
                                        }
                                    }
                                },
                                "workers": {
                                    "total": 0.6106959361859481,
                                    "count": 27487,
                                    "self": 0.0,
                                    "children": {
                                        "worker_root": {
                                            "total": 333.2681158810101,
                                            "count": 27487,
                                            "is_parallel": true,
                                            "self": 221.17826619799962,
                                            "children": {
                                                "run_training.setup": {
                                                    "total": 0.0,
                                                    "count": 0,
                                                    "is_parallel": true,