{
    "name": "root",
    "gauges": {
        "FlappyBird.Policy.Entropy.mean": {
            "value": 0.13767926394939423,
            "min": 0.1207098513841629,
            "max": 0.2295885980129242,
            "count": 1102
        },
        "FlappyBird.Policy.Entropy.sum": {
            "value": 137.1285400390625,
            "min": 106.30787658691406,
            "max": 252.18069458007812,
            "count": 1102
        },
        "FlappyBird.Environment.EpisodeLength.mean": {
            "value": 81.72727272727273,
            "min": 26.0,
            "max": 99.0,
            "count": 1102
        },
        "FlappyBird.Environment.EpisodeLength.sum": {
            "value": 899.0,
            "min": 26.0,
            "max": 1378.0,
            "count": 1102
        },
        "FlappyBird.Step.mean": {
            "value": 1756972.0,
            "min": 655967.0,
            "max": 1756972.0,
            "count": 1102
        },
        "FlappyBird.Step.sum": {
            "value": 1756972.0,
            "min": 655967.0,
            "max": 1756972.0,
            "count": 1102
        },
        "FlappyBird.Policy.ExtrinsicValueEstimate.mean": {
            "value": 61.48434066772461,
            "min": 26.847536087036133,
            "max": 71.51036834716797,
            "count": 1102
        },
        "FlappyBird.Policy.ExtrinsicValueEstimate.sum": {
            "value": 1291.171142578125,
            "min": 180.11827087402344,
            "max": 1716.392822265625,
            "count": 1102
        },
        "FlappyBird.Environment.CumulativeReward.mean": {
            "value": 89.72727290066805,
            "min": 27.0,
            "max": 109.87500047683716,
            "count": 1102
        },
        "FlappyBird.Environment.CumulativeReward.sum": {
            "value": 987.0000019073486,
            "min": 27.0,
            "max": 1494.000005722046,
            "count": 1102
        },
        "FlappyBird.Policy.ExtrinsicReward.mean": {
            "value": 89.72727290066805,
            "min": 27.0,
            "max": 109.87500047683716,
            "count": 1102
        },
        "FlappyBird.Policy.ExtrinsicReward.sum": {
            "value": 987.0000019073486,
            "min": 27.0,
            "max": 1494.000005722046,
            "count": 1102
        },
        "FlappyBird.IsTraining.mean": {
            "value": 1.0,
            "min": 1.0,
            "max": 1.0,
            "count": 1102
        },
        "FlappyBird.IsTraining.sum": {
            "value": 1.0,
            "min": 1.0,
            "max": 1.0,
            "count": 1102
        },
        "FlappyBird.Losses.PolicyLoss.mean": {
            "value": 0.4813127556505303,
            "min": 0.26496018982531194,
            "max": 0.9601850879844278,
            "count": 757
        },
        "FlappyBird.Losses.PolicyLoss.sum": {
            "value": 0.4813127556505303,
            "min": 0.26496018982531194,
            "max": 0.9601850879844278,
            "count": 757
        },
        "FlappyBird.Losses.ValueLoss.mean": {
            "value": 169.51300863424936,
            "min": 42.13117917378744,
            "max": 540.5229472319285,
            "count": 757
        },
        "FlappyBird.Losses.ValueLoss.sum": {
            "value": 169.51300863424936,
            "min": 42.13117917378744,
            "max": 540.5229472319285,
            "count": 757
        },
        "FlappyBird.Policy.LearningRate.mean": {
            "value": 0.0001946211351263,
            "min": 0.0001946211351263,
            "max": 0.00026058619313794,
            "count": 757
        },
        "FlappyBird.Policy.LearningRate.sum": {
            "value": 0.0001946211351263,
            "min": 0.0001946211351263,
            "max": 0.00026058619313794,
            "count": 757
        },
        "FlappyBird.Policy.Epsilon.mean": {
            "value": 0.1648737,
            "min": 0.1648737,
            "max": 0.18686205999999997,
            "count": 757
        },
        "FlappyBird.Policy.Epsilon.sum": {
            "value": 0.1648737,
            "min": 0.1648737,
            "max": 0.18686205999999997,
            "count": 757
        },
        "FlappyBird.Policy.Beta.mean": {
            "value": 0.0032471976300000004,
            "min": 0.0032471976300000004,
            "max": 0.0043444167940000005,
            "count": 757
        },
        "FlappyBird.Policy.Beta.sum": {
            "value": 0.0032471976300000004,
            "min": 0.0032471976300000004,
            "max": 0.0043444167940000005,
            "count": 757
        }
    },
    "metadata": {
        "timer_format_version": "0.1.0",
        "start_time_seconds": "1679727461",
        "python_version": "3.9.2 (default, Feb 28 2021, 17:03:44) \n[GCC 10.2.1 20210110]",
        "command_line_arguments": "/home/bears_bears/Unity_env/bin/mlagents-learn trainer_config.yaml --run-id FlappyBird-v1-Obs9-3_maxStep500 --time-scale 20 --resume",
        "mlagents_version": "0.30.0",
        "mlagents_envs_version": "0.30.0",
        "communication_protocol_version": "1.5.0",
        "pytorch_version": "1.11.0+cu102",
        "numpy_version": "1.21.2",
        "end_time_seconds": "1679729778"
    },
    "total": 2316.087013848999,
    "count": 1,
    "self": 0.0063101719970291015,
    "children": {
        "run_training.setup": {
            "total": 0.130576714000199,
            "count": 1,
            "self": 0.130576714000199
        },
        "TrainerController.start_learning": {
            "total": 2315.950126963002,
            "count": 1,
            "self": 3.4248137992944976,
            "children": {
                "TrainerController._reset_env": {
                    "total": 29.29139257299903,
                    "count": 1,
                    "self": 29.29139257299903
                },
                "TrainerController.advance": {
                    "total": 2282.980705210706,
                    "count": 102089,
                    "self": 3.582205865466676,
                    "children": {
                        "env_step": {
                            "total": 1472.2869927782267,
                            "count": 102089,
                            "self": 1198.269051773903,
                            "children": {
                                "SubprocessEnvManager._take_step": {
                                    "total": 272.12542187004146,
                                    "count": 102089,
                                    "self": 12.705104034015676,
                                    "children": {
                                        "TorchPolicy.evaluate": {
                                            "total": 259.4203178360258,
                                            "count": 91857,
                                            "self": 259.4203178360258
                                        }
                                    }
                                },
                                "workers": {
                                    "total": 1.8925191342823382,
                                    "count": 102088,
                                    "self": 0.0,
                                    "children": {
                                        "worker_root": {
                                            "total": 2311.1224793042566,
                                            "count": 102088,
                                            "is_parallel": true,
                                            "self": 1300.624289968764,
                                            "children": {
                                                "run_training.setup": {
                                                    "total": 0.0,
                                                    "count": 0,
                                                    "is_parallel": true,
                                                    "self": 0.0,