{
    "name": "root",
    "gauges": {
        "Solver.Policy.Entropy.mean": {
            "value": -1.1920927533992653e-07,
            "min": -1.1920928244535389e-07,
            "max": 0.6931211352348328,
            "count": 3000
        },
        "Solver.Policy.Entropy.sum": {
            "value": -0.00013685224985238165,
            "min": -0.0003079175658058375,
            "max": 6734.86279296875,
            "count": 3000
        },
        "Solver.Environment.EpisodeLength.mean": {
            "value": 23.0,
            "min": 19.788732394366196,
            "max": 81.0,
            "count": 3000
        },
        "Solver.Environment.EpisodeLength.sum": {
            "value": 1058.0,
            "min": 81.0,
            "max": 2417.0,
            "count": 3000
        },
        "Solver.Score.mean": {
            "value": 0.0,
            "min": 0.0,
            "max": 5.0,
            "count": 3000
        },
        "Solver.Score.sum": {
            "value": 0.0,
            "min": 0.0,
            "max": 149.0,
            "count": 3000
        },
        "Solver.Step.mean": {
            "value": 2999991.0,
            "min": 976.0,
            "max": 2999991.0,
            "count": 3000
        },
        "Solver.Step.sum": {
            "value": 2999991.0,
            "min": 976.0,
            "max": 2999991.0,
            "count": 3000
        },
        "Solver.Policy.ExtrinsicValueEstimate.mean": {
            "value": -0.34018853306770325,
            "min": -0.3726409673690796,
            "max": 0.9602768421173096,
            "count": 3000
        },
        "Solver.Policy.ExtrinsicValueEstimate.sum": {
            "value": -14.287918090820312,
            "min": -16.023561477661133,
            "max": 23.68526268005371,
            "count": 3000
        },
        "Solver.Environment.CumulativeReward.mean": {
            "value": 0.16999992728233337,
            "min": -0.07764711157948363,
            "max": 3.0033331215381622,
            "count": 3000
        },
        "Solver.Environment.CumulativeReward.sum": {
            "value": 7.139996945858002,
            "min": -3.960002690553665,
            "max": 71.5099932551384,
            "count": 3000
        },
        "Solver.Policy.ExtrinsicReward.mean": {
            "value": 0.16999992728233337,
            "min": -0.07764711157948363,
            "max": 3.0033331215381622,
            "count": 3000
        },
        "Solver.Policy.ExtrinsicReward.sum": {
            "value": 7.139996945858002,
            "min": -3.960002690553665,
            "max": 71.5099932551384,
            "count": 3000
        },
        "Solver.IsTraining.mean": {
            "value": 1.0,
            "min": 1.0,
            "max": 1.0,
            "count": 3000
        },
        "Solver.IsTraining.sum": {
            "value": 1.0,
            "min": 1.0,
            "max": 1.0,
            "count": 3000
        },
        "Solver.Losses.PolicyLoss.mean": {
            "value": 0.09630883838661819,
            "min": 0.07894894316861475,
            "max": 0.2343290006653184,
            "count": 1293
        },
        "Solver.Losses.PolicyLoss.sum": {
            "value": 0.09630883838661819,
            "min": 0.07894894316861475,
            "max": 0.2343290006653184,
            "count": 1293
        },
        "Solver.Losses.ValueLoss.mean": {
            "value": 1.5396214976350346e-11,
            "min": 3.526386202239779e-12,
            "max": 21.412788711520925,
            "count": 1293
        },
        "Solver.Losses.ValueLoss.sum": {
            "value": 1.5396214976350346e-11,
            "min": 3.526386202239779e-12,
            "max": 21.412788711520925,
            "count": 1293
        },
        "Solver.Policy.LearningRate.mean": {
            "value": 1.1900999405000243e-06,
            "min": 1.1900999405000243e-06,
            "max": 0.0019985160000742,
            "count": 1293
        },
        "Solver.Policy.LearningRate.sum": {
            "value": 1.1900999405000243e-06,
            "min": 1.1900999405000243e-06,
            "max": 0.0019985160000742,
            "count": 1293
        },
        "Solver.Policy.Epsilon.mean": {
            "value": 0.10005950000000001,
            "min": 0.10005950000000001,
            "max": 0.1999257999999999,
            "count": 1293
        },
        "Solver.Policy.Epsilon.sum": {
            "value": 0.10005950000000001,
            "min": 0.10005950000000001,
            "max": 0.1999257999999999,
            "count": 1293
        },
        "Solver.Policy.Beta.mean": {
            "value": 1.1184050000000027e-05,
            "min": 1.1184050000000027e-05,
            "max": 0.00199852342,
            "count": 1293
        },
        "Solver.Policy.Beta.sum": {
            "value": 1.1184050000000027e-05,
            "min": 1.1184050000000027e-05,
            "max": 0.00199852342,
            "count": 1293
        }
    },
    "metadata": {
        "timer_format_version": "0.1.0",
        "start_time_seconds": "1684060198",
        "python_version": "3.9.13 (tags/v3.9.13:6de2ca5, May 17 2022, 16:36:42) [MSC v.1929 64 bit (AMD64)]",
        "command_line_arguments": "C:\\Users\\Kevinn\\test_ml_env\\Scripts\\mlagents-learn PCG.yaml --num-envs=10 --run-id=Fixed_1 --no-graphics --torch-device=cuda --time-scale=1 --env=Z:\\Git\\Flappy_bird\\Builds\\Windows\\Fixed\\Flappy_bird.exe",
        "mlagents_version": "0.30.0",
        "mlagents_envs_version": "0.30.0",
        "communication_protocol_version": "1.5.0",
        "pytorch_version": "2.0.1+cu118",
        "numpy_version": "1.21.2",
        "end_time_seconds": "1684064402"
    },
    "total": 4204.421342600001,
    "count": 1,
    "self": 0.5437605000015537,
    "children": {
        "run_training.setup": {
            "total": 2.0336387999999994,
            "count": 1,
            "self": 2.0336387999999994
        },
        "TrainerController.start_learning": {
            "total": 4201.843943299999,
            "count": 1,
            "self": 2.782227800003966,
            "children": {
                "TrainerController._reset_env": {
                    "total": 7.5964982,
                    "count": 1,
                    "self": 7.5964982
                },
                "TrainerController.advance": {
                    "total": 4191.314689499996,
                    "count": 59685,
                    "self": 1.192516699989028,
                    "children": {
                        "env_step": {
                            "total": 4190.122172800007,
                            "count": 59685,
                            "self": 3520.2127724999527,
                            "children": {
                                "SubprocessEnvManager._take_step": {
                                    "total": 667.7626155000567,
                                    "count": 120449,
                                    "self": 10.11775310003236,
                                    "children": {
                                        "TorchPolicy.evaluate": {
                                            "total": 657.6448624000243,
                                            "count": 73306,
                                            "self": 657.6448624000243
                                        }
                                    }
                                },
                                "workers": {
                                    "total": 2.1467847999979632,
                                    "count": 59685,
                                    "self": 0.0,