{
    "name": "root",
    "gauges": {
        "FlappyBird.Policy.Entropy.mean": {
            "value": 0.2027408331632614,
            "min": 0.19178219139575958,
            "max": 0.6857320666313171,
            "count": 45
        },
        "FlappyBird.Policy.Entropy.sum": {
            "value": 211.86416625976562,
            "min": 193.415771484375,
            "max": 686.4177856445312,
            "count": 45
        },
        "FlappyBird.Environment.EpisodeLength.mean": {
            "value": 7.178294573643411,
            "min": 3.2415254237288136,
            "max": 14.070175438596491,
            "count": 45
        },
        "FlappyBird.Environment.EpisodeLength.sum": {
            "value": 926.0,
            "min": 680.0,
            "max": 1604.0,
            "count": 45
        },
        "FlappyBird.Step.mean": {
            "value": 44986.0,
            "min": 995.0,
            "max": 44986.0,
            "count": 45
        },
        "FlappyBird.Step.sum": {
            "value": 44986.0,
            "min": 995.0,
            "max": 44986.0,
            "count": 45
        },
        "FlappyBird.Policy.ExtrinsicValueEstimate.mean": {
            "value": 4.606170177459717,
            "min": 1.2401046752929688,
            "max": 5.220370292663574,
            "count": 45
        },
        "FlappyBird.Policy.ExtrinsicValueEstimate.sum": {
            "value": 571.1651000976562,
            "min": 236.8599853515625,
            "max": 630.2609252929688,
            "count": 45
        },
        "FlappyBird.Environment.CumulativeReward.mean": {
            "value": 7.517741943078656,
            "min": 3.1872881532220516,
            "max": 14.27964600736061,
            "count": 45
        },
        "FlappyBird.Environment.CumulativeReward.sum": {
            "value": 932.2000009417534,
            "min": 704.4000004529953,
            "max": 1613.599998831749,
            "count": 45
        },
        "FlappyBird.Policy.ExtrinsicReward.mean": {
            "value": 7.517741943078656,
            "min": 3.1872881532220516,
            "max": 14.27964600736061,
            "count": 45
        },
        "FlappyBird.Policy.ExtrinsicReward.sum": {
            "value": 932.2000009417534,
            "min": 704.4000004529953,
            "max": 1613.599998831749,
            "count": 45
        },
        "FlappyBird.Losses.PolicyLoss.mean": {
            "value": 1.1186768002161342,
            "min": 0.7467105057474007,
            "max": 1.992166597796904,
            "count": 45
        },
        "FlappyBird.Losses.PolicyLoss.sum": {
            "value": 4.474707200864537,
            "min": 2.2401315172422023,
            "max": 13.945166184578328,
            "count": 45
        },
        "FlappyBird.Losses.ValueLoss.mean": {
            "value": 15.06496452519463,
            "min": 3.5174270249454502,
            "max": 19.446044981479645,
            "count": 45
        },
        "FlappyBird.Losses.ValueLoss.sum": {
            "value": 60.25985810077852,
            "min": 24.62198917461815,
            "max": 72.98428434221184,
            "count": 45
        },
        "FlappyBird.Policy.LearningRate.mean": {
            "value": 0.00027327585890805,
            "min": 0.00027327585890805,
            "max": 0.00029968692010435996,
            "count": 45
        },
        "FlappyBird.Policy.LearningRate.sum": {
            "value": 0.0010931034356322,
            "min": 0.0008217156260948001,
            "max": 0.0020939046020317996,
            "count": 45
        },
        "FlappyBird.Policy.Epsilon.mean": {
            "value": 0.19109195,
            "min": 0.19109195,
            "max": 0.19989564,
            "count": 45
        },
        "FlappyBird.Policy.Epsilon.sum": {
            "value": 0.7643678,
            "min": 0.5739052,
            "max": 1.3979682,
            "count": 45
        },
        "FlappyBird.Policy.Beta.mean": {
            "value": 0.004555488305,
            "min": 0.004555488305,
            "max": 0.0049947924360000005,
            "count": 45
        },
        "FlappyBird.Policy.Beta.sum": {
            "value": 0.01822195322,
            "min": 0.01369786948,
            "max": 0.034898613179999996,
            "count": 45
        },
        "FlappyBird.IsTraining.mean": {
            "value": 1.0,
            "min": 1.0,
            "max": 1.0,
            "count": 45
        },
        "FlappyBird.IsTraining.sum": {
            "value": 1.0,
            "min": 1.0,
            "max": 1.0,
            "count": 45
        }
    },
    "metadata": {
        "timer_format_version": "0.1.0",
        "start_time_seconds": "1679430303",
        "python_version": "3.9.2 (default, Feb 28 2021, 17:03:44) \n[GCC 10.2.1 20210110]",
        "command_line_arguments": "/home/bears_bears/Unity_env/bin/mlagents-learn trainer_config.yaml --run-id FlappyBird_Mixed_Obs_1_MultiSpawn --time-scale 20",
        "mlagents_version": "0.30.0",
        "mlagents_envs_version": "0.30.0",
        "communication_protocol_version": "1.5.0",
        "pytorch_version": "1.11.0+cu102",
        "numpy_version": "1.21.2",
        "end_time_seconds": "1679430696"
    },
    "total": 392.2391258360003,
    "count": 1,
    "self": 0.01821506500709802,
    "children": {
        "run_training.setup": {
            "total": 0.11474874899431597,
            "count": 1,
            "self": 0.11474874899431597
        },
        "TrainerController.start_learning": {
            "total": 392.1061620219989,
            "count": 1,
            "self": 0.27421673887147335,
            "children": {
                "TrainerController._reset_env": {
                    "total": 84.56826102799823,
                    "count": 1,
                    "self": 84.56826102799823
                },
                "TrainerController.advance": {
                    "total": 298.8325275981333,
                    "count": 6846,
                    "self": 0.21223612072208198,
                    "children": {
                        "env_step": {
                            "total": 108.77125282445195,
                            "count": 6846,
                            "self": 91.46679517789744,
                            "children": {
                                "SubprocessEnvManager._take_step": {
                                    "total": 17.172502626504865,
                                    "count": 6846,
                                    "self": 0.6269315745230415,
                                    "children": {
                                        "TorchPolicy.evaluate": {
                                            "total": 16.545571051981824,
                                            "count": 4168,
                                            "self": 16.545571051981824
                                        }
                                    }
                                },
                                "workers": {
                                    "total": 0.1319550200496451,
                                    "count": 6845,
                                    "self": 0.0,
                                    "children": {
                                        "worker_root": {
                                            "total": 383.2409175249559,
                                            "count": 6845,
                                            "is_parallel": true,
                                            "self": 307.2748437418122,
                                            "children": {
                                                "run_training.setup": {
                                                    "total": 0.0,
                                                    "count": 0,
                                                    "is_parallel": true,
                                                    "self": 0.0,