{"count":1,"self":12.06574,"total":254.07813779999998,"children":{"InitializeActuators":{"count":1,"self":0.0020131,"total":0.0020131,"children":null},"InitializeSensors":{"count":1,"self":0.0099737,"total":0.0099737,"children":null},"AgentSendState":{"count":29546,"self":0.23610899999999999,"total":10.7684205,"children":{"GridSensor.Update":{"count":5910,"self":9.1521055999999987,"total":9.1521052999999988,"children":null},"CollectObservations":{"count":5910,"self":0.0220203,"total":0.0220203,"children":null},"WriteActionMask":{"count":5910,"self":0.0035066999999999997,"total":0.0035066999999999997,"children":null},"RequestDecision":{"count":5910,"self":0.0179449,"total":1.3546791999999999,"children":{"AgentInfo.ToProto":{"count":5910,"self":0.042698099999999996,"total":1.3367343,"children":{"GenerateSensorData":{"count":5910,"self":0.633778,"total":1.2940361999999999,"children":{"GridSensor.Write":{"count":5910,"self":0.6443334,"total":0.6443334,"children":null},"RayPerceptionSensor.Perceive":{"count":5910,"self":0.0159248,"total":0.0159248,"children":null}}}}}}}}},"DecideAction":{"count":29546,"self":231.1350272,"total":231.13502799999998,"children":null},"AgentAct":{"count":29546,"self":0.061306799999999995,"total":0.061306799999999995,"children":null},"AgentInfo.ToProto":{"count":179,"self":0,"total":0.032686599999999996,"children":{"GenerateSensorData":{"count":179,"self":0.0149605,"total":0.032686599999999996,"children":{"GridSensor.Write":{"count":179,"self":0.0167291,"total":0.0167291,"children":null},"RayPerceptionSensor.Perceive":{"count":179,"self":0.000997,"total":0.000997,"children":null}}}}}},"gauges":{"Solver.CumulativeReward":{"count":179,"max":5.760014,"min":-0.75,"runningAverage":0.6821223,"value":0.9399985,"weightedAverage":0.384148836}},"metadata":{"timer_format_version":"0.1.0","start_time_seconds":"1683614681","unity_version":"2022.2.11f1","command_line_arguments":"Z:\\Git\\Flappy_bird\\Builds\\Windows\\Curr41\\Flappy_bird.exe -nographics -batchmode --mlagents-port 5009 -logFile Z:\\Git\\Flappy_bird\\TrainerConfig\\results\\Curr41\\run_logs\\Player-4.log","communication_protocol_version":"1.5.0","com.unity.ml-agents_version":"2.0.1","scene_name":"RuledPCG","end_time_seconds":"1683614935"}}