{"count":1,"self":22.6256,"total":1294.6154904999999,"children":{"InitializeActuators":{"count":130,"self":0.00099739999999999985,"total":0.00099739999999999985,"children":null},"InitializeSensors":{"count":130,"self":0.0199605,"total":0.0199605,"children":null},"AgentInfo.ToProto":{"count":1887,"self":0.0029893,"total":0.16673,"children":{"GenerateSensorData":{"count":1887,"self":0.035646899999999995,"total":0.1637407,"children":{"GridSensor.GetCompressedObservation":{"count":911,"self":0.125101,"total":0.125101,"children":null},"RayPerceptionSensor.Perceive":{"count":911,"self":0.0029928,"total":0.0029928,"children":null}}}}},"AgentSendState":{"count":6036,"self":4.5594687999999994,"total":203.7732713,"children":{"GridSensor.Update":{"count":78520,"self":184.776896,"total":184.7768944,"children":null},"CollectObservations":{"count":86805,"self":0.44496759999999996,"total":0.44496759999999996,"children":null},"WriteActionMask":{"count":86805,"self":0.0839423,"total":0.0839423,"children":null},"RequestDecision":{"count":86805,"self":0.26636499999999996,"total":13.907998099999999,"children":{"AgentInfo.ToProto":{"count":86805,"self":0.359716,"total":13.6416331,"children":{"GenerateSensorData":{"count":86805,"self":2.1834264,"total":13.2819171,"children":{"GridSensor.GetCompressedObservation":{"count":78520,"self":10.8108224,"total":10.810822199999999,"children":null},"RayPerceptionSensor.Perceive":{"count":78520,"self":0.2876684,"total":0.2876684,"children":null}}}}}}}}},"DecideAction":{"count":6036,"self":1066.7198464,"total":1066.7198005,"children":null},"AgentAct":{"count":6036,"self":1.3071355999999998,"total":1.3071355999999998,"children":null}},"gauges":{"Generator.CumulativeReward":{"count":976,"max":5.92001772,"min":-3.840016,"runningAverage":-2.39124012,"value":-3.06999826,"weightedAverage":-2.979273},"Solver.CumulativeReward":{"count":911,"max":5.92001772,"min":-0.590000153,"runningAverage":5.17265463,"value":5.06999826,"weightedAverage":4.979273}},"metadata":{"timer_format_version":"0.1.0","start_time_seconds":"1683632740","unity_version":"2022.2.11f1","command_line_arguments":"Z:\\Git\\Flappy_bird\\Builds\\Windows\\Curr41\\Flappy_bird.exe -nographics -batchmode --mlagents-port 5013 -logFile Z:\\Git\\Flappy_bird\\TrainerConfig\\results\\Curr41\\run_logs\\Player-8.log","communication_protocol_version":"1.5.0","com.unity.ml-agents_version":"2.0.1","scene_name":"Unit_test_Solver_Generator","end_time_seconds":"1683634035"}}