{"count":1,"self":217.19331839999998,"total":9450.9529673999987,"children":{"InitializeActuators":{"count":130,"self":0.0039889999999999995,"total":0.0039889999999999995,"children":null},"InitializeSensors":{"count":130,"self":0.0188976,"total":0.0188976,"children":null},"AgentInfo.ToProto":{"count":11017,"self":0.0597351,"total":1.2314909,"children":{"GenerateSensorData":{"count":11017,"self":0.2391788,"total":1.1717558,"children":{"GridSensor.GetCompressedObservation":{"count":5476,"self":0.9096673,"total":0.9096673,"children":null},"RayPerceptionSensor.Perceive":{"count":5476,"self":0.022909699999999998,"total":0.022909699999999998,"children":null}}}}},"AgentSendState":{"count":21831,"self":16.4518256,"total":794.0505383,"children":{"GridSensor.Update":{"count":283855,"self":716.466944,"total":716.46694289999994,"children":null},"CollectObservations":{"count":1702870,"self":4.0402568,"total":4.0402569,"children":null},"WriteActionMask":{"count":1702870,"self":0.81701249999999992,"total":0.81701249999999992,"children":null},"RequestDecision":{"count":1702870,"self":2.3572324,"total":56.2744997,"children":{"AgentInfo.ToProto":{"count":1702870,"self":3.5219544,"total":53.9172673,"children":{"GenerateSensorData":{"count":1702870,"self":13.732196799999999,"total":50.3953127,"children":{"GridSensor.GetCompressedObservation":{"count":283855,"self":35.725033599999996,"total":35.7250328,"children":null},"RayPerceptionSensor.Perceive":{"count":283855,"self":0.9380832,"total":0.9380832,"children":null}}}}}}}}},"DecideAction":{"count":21831,"self":8406.0372992,"total":8406.0373289,"children":null},"AgentAct":{"count":21831,"self":32.4124288,"total":32.4124281,"children":null}},"gauges":{"Generator.CumulativeReward":{"count":5541,"max":6.77003765,"min":-8.02998,"runningAverage":-0.473145574,"value":-2.37999654,"weightedAverage":-1.98995686},"Solver.CumulativeReward":{"count":5476,"max":5.77001429,"min":-0.6100007,"runningAverage":2.084292,"value":5.38000536,"weightedAverage":4.436682}},"metadata":{"timer_format_version":"0.1.0","start_time_seconds":"1683616970","unity_version":"2022.2.11f1","command_line_arguments":"Z:\\Git\\Flappy_bird\\Builds\\Windows\\Curr41\\Flappy_bird.exe -nographics -batchmode --mlagents-port 5011 -logFile Z:\\Git\\Flappy_bird\\TrainerConfig\\results\\Curr41\\run_logs\\Player-6.log","communication_protocol_version":"1.5.0","com.unity.ml-agents_version":"2.0.1","scene_name":"Unit_test_Solver_Generator","end_time_seconds":"1683626421"}}