{"count":1,"self":22.3692304,"total":1080.4876817,"children":{"InitializeActuators":{"count":2,"self":0.002993,"total":0.002993,"children":null},"InitializeSensors":{"count":2,"self":0.0059838999999999995,"total":0.0059838999999999995,"children":null},"AgentInfo.ToProto":{"count":494,"self":0.0049857,"total":0.063802799999999993,"children":{"GenerateSensorData":{"count":494,"self":0.0588171,"total":0.0588171,"children":{"RayPerceptionSensor.Perceive":{"count":246,"self":0,"total":0,"children":null}}}}},"AgentSendState":{"count":64121,"self":0.44910649999999996,"total":0.7630928,"children":{"CollectObservations":{"count":14549,"self":0.050785199999999996,"total":0.050785199999999996,"children":null},"WriteActionMask":{"count":14549,"self":0.0109473,"total":0.0109473,"children":null},"RequestDecision":{"count":14549,"self":0.012962699999999999,"total":0.2522538,"children":{"AgentInfo.ToProto":{"count":14549,"self":0.044138199999999995,"total":0.23929109999999998,"children":{"GenerateSensorData":{"count":14549,"self":0.1682513,"total":0.1951529,"children":{"RayPerceptionSensor.Perceive":{"count":12825,"self":0.026901599999999998,"total":0.026901599999999998,"children":null}}}}}}}}},"DecideAction":{"count":64121,"self":1056.9897984,"total":1056.9898341,"children":null},"AgentAct":{"count":64121,"self":0.2897535,"total":0.2897535,"children":null}},"gauges":{"Generator.CumulativeReward":{"count":248,"max":2.68000031,"min":-235.600021,"runningAverage":-5.967259,"value":2.40000033,"weightedAverage":1.21949673},"Solver.CumulativeReward":{"count":246,"max":7.500042,"min":-1.68000031,"runningAverage":3.0568,"value":7.150034,"weightedAverage":3.8374207}},"metadata":{"timer_format_version":"0.1.0","start_time_seconds":"1683226033","unity_version":"2022.2.11f1","command_line_arguments":"Z:\\Git\\Flappy_bird\\Builds\\Windows\\Curr25b\\Flappy_bird.exe -nographics -batchmode --mlagents-port 5007 -logFile Z:\\Git\\Flappy_bird\\TrainerConfig\\results\\Curr25e\\run_logs\\Player-2.log","communication_protocol_version":"1.5.0","com.unity.ml-agents_version":"2.0.1","scene_name":"Inference","end_time_seconds":"1683227113"}}