{
    "name": "root",
    "gauges": {
        "FlappyBird.Policy.Entropy.mean": {
            "value": 0.13766655325889587,
            "min": 0.09246554970741272,
            "max": 0.6828582882881165,
            "count": 436
        },
        "FlappyBird.Policy.Entropy.sum": {
            "value": 150.33187866210938,
            "min": 84.23137664794922,
            "max": 770.26416015625,
            "count": 436
        },
        "FlappyBird.Environment.EpisodeLength.mean": {
            "value": 79.71428571428571,
            "min": 14.953846153846154,
            "max": 99.0,
            "count": 436
        },
        "FlappyBird.Environment.EpisodeLength.sum": {
            "value": 1116.0,
            "min": 594.0,
            "max": 1361.0,
            "count": 436
        },
        "FlappyBird.Step.mean": {
            "value": 435996.0,
            "min": 997.0,
            "max": 435996.0,
            "count": 436
        },
        "FlappyBird.Step.sum": {
            "value": 435996.0,
            "min": 997.0,
            "max": 435996.0,
            "count": 436
        },
        "FlappyBird.Policy.ExtrinsicValueEstimate.mean": {
            "value": 82.35189819335938,
            "min": 1.6771814823150635,
            "max": 82.35189819335938,
            "count": 436
        },
        "FlappyBird.Policy.ExtrinsicValueEstimate.sum": {
            "value": 1894.0936279296875,
            "min": 105.66242980957031,
            "max": 2045.64990234375,
            "count": 436
        },
        "FlappyBird.Environment.CumulativeReward.mean": {
            "value": 84.35384638951375,
            "min": 14.536507924397787,
            "max": 106.92500019073486,
            "count": 436
        },
        "FlappyBird.Environment.CumulativeReward.sum": {
            "value": 1096.6000030636787,
            "min": 601.3999991416931,
            "max": 1444.799997329712,
            "count": 436
        },
        "FlappyBird.Policy.ExtrinsicReward.mean": {
            "value": 84.35384638951375,
            "min": 14.536507924397787,
            "max": 106.92500019073486,
            "count": 436
        },
        "FlappyBird.Policy.ExtrinsicReward.sum": {
            "value": 1096.6000030636787,
            "min": 601.3999991416931,
            "max": 1444.799997329712,
            "count": 436
        },
        "FlappyBird.Losses.PolicyLoss.mean": {
            "value": 0.2734538526274264,
            "min": 0.17415679679834284,
            "max": 1.4778204287091892,
            "count": 289
        },
        "FlappyBird.Losses.PolicyLoss.sum": {
            "value": 0.2734538526274264,
            "min": 0.17415679679834284,
            "max": 1.5273731050592865,
            "count": 289
        },
        "FlappyBird.Losses.ValueLoss.mean": {
            "value": 27.750651508569717,
            "min": 11.224925547838211,
            "max": 303.8015812238057,
            "count": 289
        },
        "FlappyBird.Losses.ValueLoss.sum": {
            "value": 27.750651508569717,
            "min": 11.224925547838211,
            "max": 303.8015812238057,
            "count": 289
        },
        "FlappyBird.Policy.LearningRate.mean": {
            "value": 3.8715687094799986e-05,
            "min": 3.8715687094799986e-05,
            "max": 0.0002996982001005999,
            "count": 289
        },
        "FlappyBird.Policy.LearningRate.sum": {
            "value": 3.8715687094799986e-05,
            "min": 3.8715687094799986e-05,
            "max": 0.000598371000543,
            "count": 289
        },
        "FlappyBird.Policy.Epsilon.mean": {
            "value": 0.1129052,
            "min": 0.1129052,
            "max": 0.19989940000000003,
            "count": 289
        },
        "FlappyBird.Policy.Epsilon.sum": {
            "value": 0.1129052,
            "min": 0.1129052,
            "max": 0.39945700000000006,
            "count": 289
        },
        "FlappyBird.Policy.Beta.mean": {
            "value": 0.0006539694799999998,
            "min": 0.0006539694799999998,
            "max": 0.00499498006,
            "count": 289
        },
        "FlappyBird.Policy.Beta.sum": {
            "value": 0.0006539694799999998,
            "min": 0.0006539694799999998,
            "max": 0.0099729043,
            "count": 289
        },
        "FlappyBird.IsTraining.mean": {
            "value": 1.0,
            "min": 1.0,
            "max": 1.0,
            "count": 436
        },
        "FlappyBird.IsTraining.sum": {
            "value": 1.0,
            "min": 1.0,
            "max": 1.0,
            "count": 436
        }
    },
    "metadata": {
        "timer_format_version": "0.1.0",
        "start_time_seconds": "1679707206",
        "python_version": "3.9.2 (default, Feb 28 2021, 17:03:44) \n[GCC 10.2.1 20210110]",
        "command_line_arguments": "/home/bears_bears/Unity_env/bin/mlagents-learn trainer_config.yaml --run-id FlappyBird-v1-Obs9-1 --time-scale 20 --force",
        "mlagents_version": "0.30.0",
        "mlagents_envs_version": "0.30.0",
        "communication_protocol_version": "1.5.0",
        "pytorch_version": "1.11.0+cu102",
        "numpy_version": "1.21.2",
        "end_time_seconds": "1679708302"
    },
    "total": 1096.04935699,
    "count": 1,
    "self": 0.016080527999292826,
    "children": {
        "run_training.setup": {
            "total": 0.040736353000284,
            "count": 1,
            "self": 0.040736353000284
        },
        "TrainerController.start_learning": {
            "total": 1095.9925401090004,
            "count": 1,
            "self": 1.2791388478290173,
            "children": {
                "TrainerController._reset_env": {
                    "total": 13.618403372999637,
                    "count": 1,
                    "self": 13.618403372999637
                },
                "TrainerController.advance": {
                    "total": 1080.2205619231709,
                    "count": 40363,
                    "self": 1.2891226712263233,
                    "children": {
                        "env_step": {
                            "total": 765.1073310850124,
                            "count": 40363,
                            "self": 658.7912173750956,
                            "children": {
                                "SubprocessEnvManager._take_step": {
                                    "total": 105.59664184083977,
                                    "count": 40363,
                                    "self": 4.937745894934778,
                                    "children": {
                                        "TorchPolicy.evaluate": {
                                            "total": 100.65889594590499,
                                            "count": 36435,
                                            "self": 100.65889594590499
                                        }
                                    }
                                },
                                "workers": {
                                    "total": 0.7194718690770969,
                                    "count": 40362,
                                    "self": 0.0,
                                    "children": {
                                        "worker_root": {
                                            "total": 1093.3023822689884,
                                            "count": 40362,
                                            "is_parallel": true,
                                            "self": 507.12287112200374,
                                            "children": {
                                                "run_training.setup": {
                                                    "total": 0.0,
                                                    "count": 0,
                                                    "is_parallel": true,
                                                    "self": 0.0,