{
    "name": "root",
    "gauges": {
        "Generator.Policy.Entropy.mean": {
            "value": 1.3108869791030884,
            "min": 1.3033101558685303,
            "max": 1.4189382791519165,
            "count": 126
        },
        "Generator.Policy.Entropy.sum": {
            "value": 1300.39990234375,
            "min": 1292.8836669921875,
            "max": 1431.708740234375,
            "count": 126
        },
        "Generator.Environment.EpisodeLength.mean": {
            "value": 0.0,
            "min": 0.0,
            "max": 0.0,
            "count": 126
        },
        "Generator.Environment.EpisodeLength.sum": {
            "value": 0.0,
            "min": 0.0,
            "max": 0.0,
            "count": 126
        },
        "Generator.Step.mean": {
            "value": 125999.0,
            "min": 999.0,
            "max": 125999.0,
            "count": 126
        },
        "Generator.Step.sum": {
            "value": 125999.0,
            "min": 999.0,
            "max": 125999.0,
            "count": 126
        },
        "Generator.Policy.ExtrinsicValueEstimate.mean": {
            "value": -34.49001693725586,
            "min": -34.49001693725586,
            "max": -0.1908433735370636,
            "count": 126
        },
        "Generator.Policy.ExtrinsicValueEstimate.sum": {
            "value": -34490.015625,
            "min": -34490.015625,
            "max": -190.65252685546875,
            "count": 126
        },
        "Generator.Environment.CumulativeReward.mean": {
            "value": -0.6200000047683716,
            "min": -2.8013707526922227,
            "max": -0.6200000047683716,
            "count": 126
        },
        "Generator.Environment.CumulativeReward.sum": {
            "value": -620.0000047683716,
            "min": -2801.3707526922226,
            "max": -620.0000047683716,
            "count": 126
        },
        "Generator.Policy.ExtrinsicReward.mean": {
            "value": -0.6200000047683716,
            "min": -2.8013707526922227,
            "max": -0.6200000047683716,
            "count": 126
        },
        "Generator.Policy.ExtrinsicReward.sum": {
            "value": -620.0000047683716,
            "min": -2801.3707526922226,
            "max": -620.0000047683716,
            "count": 126
        },
        "Generator.IsTraining.mean": {
            "value": 1.0,
            "min": 1.0,
            "max": 1.0,
            "count": 126
        },
        "Generator.IsTraining.sum": {
            "value": 1.0,
            "min": 1.0,
            "max": 1.0,
            "count": 126
        },
        "Generator.Losses.PolicyLoss.mean": {
            "value": 0.0,
            "min": 0.0,
            "max": 0.09315938744111918,
            "count": 61
        },
        "Generator.Losses.PolicyLoss.sum": {
            "value": 0.0,
            "min": 0.0,
            "max": 0.09315938744111918,
            "count": 61
        },
        "Generator.Losses.ValueLoss.mean": {
            "value": 0.0084023676314852,
            "min": 0.0084023676314852,
            "max": 3.5851645519336066,
            "count": 61
        },
        "Generator.Losses.ValueLoss.sum": {
            "value": 0.0084023676314852,
            "min": 0.0084023676314852,
            "max": 3.5851645519336066,
            "count": 61
        },
        "Generator.Policy.LearningRate.mean": {
            "value": 0.00022446662517779995,
            "min": 0.00022446662517779995,
            "max": 0.0002987706004097999,
            "count": 61
        },
        "Generator.Policy.LearningRate.sum": {
            "value": 0.00022446662517779995,
            "min": 0.00022446662517779995,
            "max": 0.0002987706004097999,
            "count": 61
        },
        "Generator.Policy.Epsilon.mean": {
            "value": 0.17482219999999996,
            "min": 0.17482219999999996,
            "max": 0.19959020000000002,
            "count": 61
        },
        "Generator.Policy.Epsilon.sum": {
            "value": 0.17482219999999996,
            "min": 0.17482219999999996,
            "max": 0.19959020000000002,
            "count": 61
        },
        "Generator.Policy.Beta.mean": {
            "value": 0.00374362778,
            "min": 0.00374362778,
            "max": 0.00497955098,
            "count": 61
        },
        "Generator.Policy.Beta.sum": {
            "value": 0.00374362778,
            "min": 0.00374362778,
            "max": 0.00497955098,
            "count": 61
        }
    },
    "metadata": {
        "timer_format_version": "0.1.0",
        "start_time_seconds": "1682181190",
        "python_version": "3.9.2 (default, Feb 28 2021, 17:03:44) \n[GCC 10.2.1 20210110]",
        "command_line_arguments": "/home/bears_bears/Unity_env/bin/mlagents-learn ARLPCG.yaml --run-id G3_newreward --force",
        "mlagents_version": "0.30.0",
        "mlagents_envs_version": "0.30.0",
        "communication_protocol_version": "1.5.0",
        "pytorch_version": "1.11.0+cu102",
        "numpy_version": "1.21.2",
        "end_time_seconds": "1682181870"
    },
    "total": 679.7836868299928,
    "count": 1,
    "self": 0.15127557898813393,
    "children": {
        "run_training.setup": {
            "total": 0.029820451003615744,
            "count": 1,
            "self": 0.029820451003615744
        },
        "TrainerController.start_learning": {
            "total": 679.602590800001,
            "count": 1,
            "self": 0.2814827132388018,
            "children": {
                "TrainerController._reset_env": {
                    "total": 32.28400203199999,
                    "count": 1,
                    "self": 32.28400203199999
                },
                "TrainerController.advance": {
                    "total": 646.8269959657628,
                    "count": 7893,
                    "self": 0.2556878609175328,
                    "children": {
                        "env_step": {
                            "total": 335.0816000956693,
                            "count": 7893,
                            "self": 321.8627953144751,
                            "children": {
                                "SubprocessEnvManager._take_step": {
                                    "total": 13.089328841073439,
                                    "count": 7893,
                                    "self": 0.8564274461532477,
                                    "children": {
                                        "TorchPolicy.evaluate": {
                                            "total": 12.23290139492019,
                                            "count": 7893,
                                            "self": 12.23290139492019
                                        }
                                    }
                                },
                                "workers": {
                                    "total": 0.1294759401207557,
                                    "count": 7892,
                                    "self": 0.0,
                                    "children": {
                                        "worker_root": {
                                            "total": 678.9391242283455,
                                            "count": 7892,
                                            "is_parallel": true,
                                            "self": 377.6036171015294,
                                            "children": {
                                                "run_training.setup": {
                                                    "total": 0.0,
                                                    "count": 0,
                                                    "is_parallel": true,
                                                    "self": 0.0,