{"count":1,"self":48.8828768,"total":2813.4460289999997,"children":{"InitializeActuators":{"count":2,"self":0.0039881,"total":0.0039881,"children":null},"InitializeSensors":{"count":2,"self":0.0049879,"total":0.0049879,"children":null},"AgentInfo.ToProto":{"count":385,"self":0.000995,"total":0.018524799999999998,"children":{"GenerateSensorData":{"count":385,"self":0.0165321,"total":0.017529799999999998,"children":{"RayPerceptionSensor.Perceive":{"count":192,"self":0.0009977,"total":0.0009977,"children":null}}}}},"AgentSendState":{"count":209401,"self":1.4504382999999998,"total":2.602773,"children":{"CollectObservations":{"count":47077,"self":0.17456629999999998,"total":0.17456629999999998,"children":null},"WriteActionMask":{"count":47077,"self":0.0269333,"total":0.0269333,"children":null},"RequestDecision":{"count":47077,"self":0.058032799999999995,"total":0.95083509999999993,"children":{"AgentInfo.ToProto":{"count":47077,"self":0.182697,"total":0.89280229999999994,"children":{"GenerateSensorData":{"count":47077,"self":0.65343489999999993,"total":0.71010529999999994,"children":{"RayPerceptionSensor.Perceive":{"count":41881,"self":0.056670399999999996,"total":0.056670399999999996,"children":null}}}}}}}}},"DecideAction":{"count":209401,"self":2760.9720832,"total":2760.9721216999997,"children":null},"AgentAct":{"count":209401,"self":0.9577673,"total":0.9587635,"children":{"AgentInfo.ToProto":{"count":284,"self":0,"total":0.0009962,"children":{"GenerateSensorData":{"count":284,"self":0.0009962,"total":0.0009962,"children":{"RayPerceptionSensor.Perceive":{"count":142,"self":0,"total":0,"children":null}}}}}}}},"gauges":{"Generator.CumulativeReward":{"count":335,"max":13.270134,"min":-2.14000082,"runningAverage":3.72811365,"value":1.33999479,"weightedAverage":1.83439362},"Solver.CumulativeReward":{"count":334,"max":3.59834552,"min":-1.99659944,"runningAverage":1.301581,"value":1.40000689,"weightedAverage":2.10248423}},"metadata":{"timer_format_version":"0.1.0","start_time_seconds":"1682957563","unity_version":"2022.2.11f1","command_line_arguments":"Z:\\Git\\Flappy_bird\\Builds\\Windows\\Curr8\\Flappy_bird.exe -nographics -batchmode --mlagents-port 5015 -logFile Z:\\Git\\Flappy_bird\\TrainerConfig\\results\\curr9_GPU\\run_logs\\Player-10.log","communication_protocol_version":"1.5.0","com.unity.ml-agents_version":"2.0.1","scene_name":"Inference","end_time_seconds":"1682960376"}}