{
    "name": "root",
    "gauges": {
        "FlappyBird.Policy.Entropy.mean": {
            "value": 0.12283816933631897,
            "min": 0.1073831245303154,
            "max": 0.6923949122428894,
            "count": 483
        },
        "FlappyBird.Policy.Entropy.sum": {
            "value": 109.08029174804688,
            "min": 96.54792022705078,
            "max": 780.8714599609375,
            "count": 483
        },
        "FlappyBird.Environment.EpisodeLength.mean": {
            "value": 62.833333333333336,
            "min": 16.508474576271187,
            "max": 96.4,
            "count": 483
        },
        "FlappyBird.Environment.EpisodeLength.sum": {
            "value": 754.0,
            "min": 505.0,
            "max": 1342.0,
            "count": 483
        },
        "FlappyBird.Step.mean": {
            "value": 482968.0,
            "min": 989.0,
            "max": 482968.0,
            "count": 483
        },
        "FlappyBird.Step.sum": {
            "value": 482968.0,
            "min": 989.0,
            "max": 482968.0,
            "count": 483
        },
        "FlappyBird.Policy.ExtrinsicValueEstimate.mean": {
            "value": 0.6788269281387329,
            "min": -1.028842806816101,
            "max": 0.7369844317436218,
            "count": 483
        },
        "FlappyBird.Policy.ExtrinsicValueEstimate.sum": {
            "value": 14.934192657470703,
            "min": -54.52866744995117,
            "max": 23.964099884033203,
            "count": 483
        },
        "FlappyBird.Environment.CumulativeReward.mean": {
            "value": 0.47692306683613706,
            "min": -1.0,
            "max": 1.4199999809265136,
            "count": 483
        },
        "FlappyBird.Environment.CumulativeReward.sum": {
            "value": 6.1999998688697815,
            "min": -57.89999997615814,
            "max": 19.799999713897705,
            "count": 483
        },
        "FlappyBird.Policy.ExtrinsicReward.mean": {
            "value": 0.47692306683613706,
            "min": -1.0,
            "max": 1.4199999809265136,
            "count": 483
        },
        "FlappyBird.Policy.ExtrinsicReward.sum": {
            "value": 6.1999998688697815,
            "min": -57.89999997615814,
            "max": 19.799999713897705,
            "count": 483
        },
        "FlappyBird.IsTraining.mean": {
            "value": 1.0,
            "min": 1.0,
            "max": 1.0,
            "count": 483
        },
        "FlappyBird.IsTraining.sum": {
            "value": 1.0,
            "min": 1.0,
            "max": 1.0,
            "count": 483
        },
        "FlappyBird.Losses.PolicyLoss.mean": {
            "value": 0.0670588412322104,
            "min": 0.04979156283661723,
            "max": 0.1511911606648937,
            "count": 232
        },
        "FlappyBird.Losses.PolicyLoss.sum": {
            "value": 0.0670588412322104,
            "min": 0.04979156283661723,
            "max": 0.1511911606648937,
            "count": 232
        },
        "FlappyBird.Losses.ValueLoss.mean": {
            "value": 0.0642571933567524,
            "min": 0.002056828630884411,
            "max": 0.2822141534027954,
            "count": 232
        },
        "FlappyBird.Losses.ValueLoss.sum": {
            "value": 0.0642571933567524,
            "min": 0.002056828630884411,
            "max": 0.2822141534027954,
            "count": 232
        },
        "FlappyBird.Policy.LearningRate.mean": {
            "value": 3.6270096373000024e-05,
            "min": 3.6270096373000024e-05,
            "max": 0.0009958820004118002,
            "count": 232
        },
        "FlappyBird.Policy.LearningRate.sum": {
            "value": 3.6270096373000024e-05,
            "min": 3.6270096373000024e-05,
            "max": 0.0009958820004118002,
            "count": 232
        },
        "FlappyBird.Policy.Epsilon.mean": {
            "value": 0.10362700000000001,
            "min": 0.10362700000000001,
            "max": 0.19958820000000002,
            "count": 232
        },
        "FlappyBird.Policy.Epsilon.sum": {
            "value": 0.10362700000000001,
            "min": 0.10362700000000001,
            "max": 0.19958820000000002,
            "count": 232
        },
        "FlappyBird.Policy.Beta.mean": {
            "value": 0.00033606730000000027,
            "min": 0.00033606730000000027,
            "max": 0.008962979179999999,
            "count": 232
        },
        "FlappyBird.Policy.Beta.sum": {
            "value": 0.00033606730000000027,
            "min": 0.00033606730000000027,
            "max": 0.008962979179999999,
            "count": 232
        }
    },
    "metadata": {
        "timer_format_version": "0.1.0",
        "start_time_seconds": "1679858754",
        "python_version": "3.9.2 (default, Feb 28 2021, 17:03:44) \n[GCC 10.2.1 20210110]",
        "command_line_arguments": "/home/bears_bears/Unity_env/bin/mlagents-learn trainer_config_hardcore.yaml --run-id FlappyBird-v2-Obs9-2-newReward --force --time-scale 20",
        "mlagents_version": "0.30.0",
        "mlagents_envs_version": "0.30.0",
        "communication_protocol_version": "1.5.0",
        "pytorch_version": "1.11.0+cu102",
        "numpy_version": "1.21.2",
        "end_time_seconds": "1679859827"
    },
    "total": 1073.5510496170027,
    "count": 1,
    "self": 0.38413676901109284,
    "children": {
        "run_training.setup": {
            "total": 0.0357611109939171,
            "count": 1,
            "self": 0.0357611109939171
        },
        "TrainerController.start_learning": {
            "total": 1073.1311517369977,
            "count": 1,
            "self": 1.4671345246388228,
            "children": {
                "TrainerController._reset_env": {
                    "total": 27.627206440003647,
                    "count": 1,
                    "self": 27.627206440003647
                },
                "TrainerController.advance": {
                    "total": 1043.9202918273586,
                    "count": 45823,
                    "self": 1.5224412743700668,
                    "children": {
                        "env_step": {
                            "total": 783.4181863991107,
                            "count": 45823,
                            "self": 688.2213725188194,
                            "children": {
                                "SubprocessEnvManager._take_step": {
                                    "total": 94.39173736795055,
                                    "count": 45823,
                                    "self": 4.477765905983688,
                                    "children": {
                                        "TorchPolicy.evaluate": {
                                            "total": 89.91397146196687,
                                            "count": 40320,
                                            "self": 89.91397146196687
                                        }
                                    }
                                },
                                "workers": {
                                    "total": 0.8050765123407473,
                                    "count": 45822,
                                    "self": 0.0,
                                    "children": {
                                        "worker_root": {
                                            "total": 1070.982320975476,
                                            "count": 45822,
                                            "is_parallel": true,
                                            "self": 461.27346036138624,
                                            "children": {
                                                "run_training.setup": {
                                                    "total": 0.0,
                                                    "count": 0,