{
    "name": "root",
    "gauges": {
        "Generator.Policy.Entropy.mean": {
            "value": 1.4028780460357666,
            "min": 1.4006727933883667,
            "max": 1.427425503730774,
            "count": 49
        },
        "Generator.Policy.Entropy.sum": {
            "value": 1387.4464111328125,
            "min": 1364.4459228515625,
            "max": 1607.6573486328125,
            "count": 49
        },
        "Generator.Environment.EpisodeLength.mean": {
            "value": 9.0,
            "min": 7.039370078740157,
            "max": 9.0,
            "count": 49
        },
        "Generator.Environment.EpisodeLength.sum": {
            "value": 891.0,
            "min": 869.0,
            "max": 910.0,
            "count": 49
        },
        "Generator.Step.mean": {
            "value": 48996.0,
            "min": 991.0,
            "max": 48996.0,
            "count": 49
        },
        "Generator.Step.sum": {
            "value": 48996.0,
            "min": 991.0,
            "max": 48996.0,
            "count": 49
        },
        "Generator.Policy.ExtrinsicValueEstimate.mean": {
            "value": 155.91961669921875,
            "min": 17.294639587402344,
            "max": 157.1656036376953,
            "count": 49
        },
        "Generator.Policy.ExtrinsicValueEstimate.sum": {
            "value": 15591.9619140625,
            "min": 2144.535400390625,
            "max": 15716.560546875,
            "count": 49
        },
        "Generator.Environment.CumulativeReward.mean": {
            "value": 0.45000001788139343,
            "min": 0.3505645288424867,
            "max": 0.45000001788139343,
            "count": 49
        },
        "Generator.Environment.CumulativeReward.sum": {
            "value": 45.00000178813934,
            "min": 43.47000157646835,
            "max": 45.040001787245274,
            "count": 49
        },
        "Generator.Policy.ExtrinsicReward.mean": {
            "value": 0.45000001788139343,
            "min": 0.3505645288424867,
            "max": 0.45000001788139343,
            "count": 49
        },
        "Generator.Policy.ExtrinsicReward.sum": {
            "value": 45.00000178813934,
            "min": 43.47000157646835,
            "max": 45.040001787245274,
            "count": 49
        },
        "Generator.IsTraining.mean": {
            "value": 1.0,
            "min": 1.0,
            "max": 1.0,
            "count": 49
        },
        "Generator.IsTraining.sum": {
            "value": 1.0,
            "min": 1.0,
            "max": 1.0,
            "count": 49
        },
        "Generator.Losses.PolicyLoss.mean": {
            "value": 0.0736746777887068,
            "min": 0.059570789395365864,
            "max": 0.08025512343253165,
            "count": 23
        },
        "Generator.Losses.PolicyLoss.sum": {
            "value": 0.0736746777887068,
            "min": 0.059570789395365864,
            "max": 0.08025512343253165,
            "count": 23
        },
        "Generator.Losses.ValueLoss.mean": {
            "value": 10.38578748703003,
            "min": 10.38578748703003,
            "max": 310.4899040857951,
            "count": 23
        },
        "Generator.Losses.ValueLoss.sum": {
            "value": 10.38578748703003,
            "min": 10.38578748703003,
            "max": 310.4899040857951,
            "count": 23
        },
        "Generator.Policy.LearningRate.mean": {
            "value": 0.0007242624094672001,
            "min": 0.0007242624094672001,
            "max": 0.0007966768004154002,
            "count": 23
        },
        "Generator.Policy.LearningRate.sum": {
            "value": 0.0007242624094672001,
            "min": 0.0007242624094672001,
            "max": 0.0007966768004154002,
            "count": 23
        },
        "Generator.Policy.Epsilon.mean": {
            "value": 0.19053279999999997,
            "min": 0.19053279999999997,
            "max": 0.1995846,
            "count": 23
        },
        "Generator.Policy.Epsilon.sum": {
            "value": 0.19053279999999997,
            "min": 0.19053279999999997,
            "max": 0.1995846,
            "count": 23
        },
        "Generator.Policy.Beta.mean": {
            "value": 0.00090627472,
            "min": 0.00090627472,
            "max": 0.0009958875400000002,
            "count": 23
        },
        "Generator.Policy.Beta.sum": {
            "value": 0.00090627472,
            "min": 0.00090627472,
            "max": 0.0009958875400000002,
            "count": 23
        }
    },
    "metadata": {
        "timer_format_version": "0.1.0",
        "start_time_seconds": "1682262831",
        "python_version": "3.9.2 (default, Feb 28 2021, 17:03:44) \n[GCC 10.2.1 20210110]",
        "command_line_arguments": "/home/bears_bears/Unity_env/bin/mlagents-learn ARLPCG.yaml --run-id G7_1layer_endpunish --force",
        "mlagents_version": "0.30.0",
        "mlagents_envs_version": "0.30.0",
        "communication_protocol_version": "1.5.0",
        "pytorch_version": "1.11.0+cu102",
        "numpy_version": "1.21.2",
        "end_time_seconds": "1682263038"
    },
    "total": 207.24453443600214,
    "count": 1,
    "self": 0.006362412997987121,
    "children": {
        "run_training.setup": {
            "total": 0.04694510201807134,
            "count": 1,
            "self": 0.04694510201807134
        },
        "TrainerController.start_learning": {
            "total": 207.19122692098608,
            "count": 1,
            "self": 0.13119522939086892,
            "children": {
                "TrainerController._reset_env": {
                    "total": 60.45953280100366,
                    "count": 1,
                    "self": 60.45953280100366
                },
                "TrainerController.advance": {
                    "total": 146.1227648415952,
                    "count": 3435,
                    "self": 0.12546414017560892,
                    "children": {
                        "env_step": {
                            "total": 114.77870828454616,
                            "count": 3435,
                            "self": 109.4571243696264,
                            "children": {
                                "SubprocessEnvManager._take_step": {
                                    "total": 5.254432031419128,
                                    "count": 3435,
                                    "self": 0.4086074047663715,
                                    "children": {
                                        "TorchPolicy.evaluate": {
                                            "total": 4.845824626652757,
                                            "count": 3435,
                                            "self": 4.845824626652757
                                        }
                                    }
                                },
                                "workers": {
                                    "total": 0.06715188350062817,
                                    "count": 3434,
                                    "self": 0.0,
                                    "children": {
                                        "worker_root": {
                                            "total": 206.570604970766,
                                            "count": 3434,
                                            "is_parallel": true,
                                            "self": 104.94416035118047,
                                            "children": {
                                                "run_training.setup": {
                                                    "total": 0.0,
                                                    "count": 0,
                                                    "is_parallel": true,
                                                    "self": 0.0,