ydiffs;heights;distances;angles
-1.575653;3.50919;1.779169;-41.52849
-1.436255;3.697971;1.52353;-43.311
-1.042901;3.047214;1.445087;-35.8175
-1.186407;3.961224;1.719792;-34.60003
-0.780157;3.835167;2.193346;-19.5801
-1.019354;3.484385;1.811555;-29.36627
-0.6237216;3.79008;2.216239;-15.71832
-0.7992982;3.457375;1.901561;-22.79886
-0.447146;3.869298;1.592299;-15.68569