ydiffs;heights;distances;angles
-0.6169787;3.677056;2.393784;-14.45297
-0.44232;3.471273;2.801216;-8.97308
-0.4032421;3.352718;2.617531;-8.757816
-0.7008396;3.555403;2.785382;-14.12322
-0.5108432;3.80408;3;-9.663696
-0.8915256;4;3;-16.55064
-0.7073923;3.766465;3;-13.26784
-1.091713;3.338497;2.957937;-20.25806
-0.8851896;4;2.76148;-17.7732