ydiffs;heights;distances;angles
0.03648615;3.869676;2.605316;0.8023463
0.2443343;3.58394;2.040925;6.826814
0.3372169;3.429171;2.469004;7.777344
-2.005315;3.599064;2.97343;-33.99618
3.025614;3.863695;3;45.24355
-2.324387;3.426731;3;-37.76837
-1.965362;3.783036;2.459672;-38.62605
-1.155573;3.749796;2.313945;-26.53732
-1.248545;4;2.608988;-25.5737