ydiffs;heights;distances;angles
-1.088648;3.852735;3;-19.94497
-0.958665;3.837229;2.677333;-19.70078
-1.031824;3.802262;2.646106;-21.30282
-0.7933864;3.740735;2.656859;-16.62658
-0.7175866;4;2.697336;-14.89764
-0.6620705;3.414205;3;-12.44513
-0.595377;3.843937;2.09011;-15.89983
-0.4568042;3.995318;3;-8.657816
-0.4175697;4;3;-7.924082