ydiffs;heights;distances;angles
-0.9214;3.999697;3;-17.07347
-0.9197407;3.634372;2.744012;-18.53018
-1.076519;3.869333;2.43554;-23.84564
-1.048744;3.838087;3;-19.26867
-1.191272;3.69831;2.756734;-23.3707
-1.29877;4;2.548216;-27.00694
-1.317016;3.507471;2.941742;-24.11802
-1.416157;3.639413;2.67016;-27.93988
-1.459398;3.751321;2.921582;-26.54319