ydiffs;heights;distances;angles
2.269768;4;3;37.11076
0.1995098;3.795077;2.602586;4.383622
0.04833004;3.737656;2.447306;1.131345
0.3400105;3.545522;2.79794;6.92871
0.2195005;4;3;4.184694
0.1346622;3.327036;2.542221;3.032141
0.1096657;3.377062;2.966619;2.117064
0.06836956;4;2.956753;1.324625
0.0210026;3.544527;2.65272;0.453623