ydiffs;heights;distances;angles
-0.3026412;3.775292;2.825794;-6.113051
-0.2193927;3.792556;2.793432;-4.490723
-0.2557148;3.671141;2.655752;-5.499892
-0.2782112;3.291976;2.518411;-6.303957
-0.347237;4;2.955158;-6.701641
-0.2722721;4;3;-5.185806
-0.2015223;3.413716;2.417763;-4.76463
-0.1402427;3.786619;2.374027;-3.380747
-0.08474913;3.946294;2.490194;-1.949203