ydiffs;heights;distances;angles
-0.4227428;3.70687;2.789038;-8.618886
0.05213286;3.137289;2.408484;1.240003
0.3605101;4;2.999497;6.853515
0.3421207;3.508415;2.661544;7.324759
0.4165475;3.745625;2.939782;8.064743
-1.107919;4;2.713003;-22.21382
-0.3071132;3.448743;3;-5.845069
-1.853283;3.38756;2.431418;-37.31549
-1.523651;3.993429;2.911731;-27.62217