ydiffs;heights;distances;angles
-1.356346;3.494175;3;-24.32845
-1.126661;4;2.061073;-28.6627
-1.052777;3.336902;2.583733;-22.16911
-0.8965188;3.868199;3;-16.63823
-0.9036329;3.833833;2.603568;-19.1406
-0.7888095;3.727198;3;-14.7317
-0.7001912;3.900858;2.640668;-14.85062
-0.6170625;3.182678;2.199143;-15.67371
-0.4885018;3.770171;2.627405;-10.53249