ydiffs;heights;distances;angles
-0.4129195;3.418115;3;-7.836939
-1.117234;3.466041;2.764129;-22.00808
-0.8292542;4;2.721243;-16.94774
-0.5357046;3.286358;2.597531;-11.65307
-0.5184993;3.929853;2.235357;-13.05903
-0.4200642;3.484699;2.597664;-9.185695
-0.3440126;4;3;-6.541583
-0.3095273;3.690287;3;-5.890693
-0.2466364;3.78185;2.462395;-5.719737