ydiffs;heights;distances;angles
-1.764735;3.788174;2.749856;-32.69054
-1.441261;3.499885;2.938889;-26.1238
-1.451472;3.669617;3;-25.81882
-1.959896;3.280741;2.198015;-41.72231
-1.017765;4;2.820843;-19.83953
-0.9515523;3.44869;2.440576;-21.30024
0.6629493;4;2.483078;14.94854
0.2887684;3.172129;3;5.498132
0.1131592;4;3;2.160157