ydiffs;heights;distances;angles
0.1219491;4;2.707366;2.579056
0.3457294;3.786631;2.548675;7.725054
0.2282425;3.470228;2.614428;4.989337
-0.421964;3.626291;2.764845;-8.677385
-0.1313947;3.884434;2.833702;-2.654821
-0.009930042;3.229007;2.948238;-0.1929787
-0.03171666;4;2.400218;-0.7570665
0.01751067;3.574665;3;0.3344253
0.06777523;3.913028;2.640937;1.470078