ydiffs;heights;distances;angles
-1.545768;3.844573;2.100933;-36.34389
-1.107887;3.579426;2.686581;-22.41017
-1.586634;4;2.523012;-32.16435
-1.392718;3.433548;3;-24.90258
-1.546568;3.879653;3;-27.27214
-1.565119;3.386428;2.857672;-28.70908
1.528734;3.746299;2.980421;27.15445
1.68331;3.876261;3;29.29692
-0.2246791;3.86886;2.922705;-4.395891