ydiffs;heights;distances;angles
-0.09924086;3.908355;2.75817;-2.060653
-0.002436692;3.527141;2.43656;-0.05729886
-0.002922736;3.783888;2.78068;-0.06022281
-0.01697895;3.564672;2.84181;-0.3423207
-0.07781055;4;2.395936;-1.860087
-0.1263468;3.172178;3;-2.411622
-0.1800091;3.912239;2.732833;-3.768575
-0.2406929;3.708296;2.401042;-5.724502
-0.1375244;3.734027;2.864651;-2.74851