ydiffs;heights;distances;angles
-0.002679128;3.848848;3;-0.05116755
0.1440481;3.532103;2.493266;3.30658
0.1946504;3.665646;2.023149;5.495602
0.1547919;3.233497;2.997607;2.956043
0.1177365;4;2.633305;2.560021
-1.59941;3.331722;2.288053;-34.95457
-1.75311;3.673858;2.295608;-37.36826
-1.069864;3.820805;3;-19.62733
-1.492117;3.448174;2.473787;-31.09717