ydiffs;heights;distances;angles
-1.926122;3.75031;3;-32.70211
-1.795545;3.894745;2.794614;-32.72083
0.2802637;3.633393;2.608293;6.132958
-0.2703325;3.693648;2.695203;-5.727688
-0.5994573;3.890195;2.912322;-11.63102
-0.5293358;3.366743;2.653486;-11.28167
-0.6092962;3.832872;2.988692;-11.52282
-0.7565367;3.460324;2.944281;-14.41047
-0.8712875;4;2.082629;-22.70246