ydiffs;heights;distances;angles
-0.7578579;4;3;-14.1774
-0.6032128;4;2.954564;-11.5391
-0.6783398;3.783564;2.472053;-15.34447
-0.4319032;3.088934;2.982002;-8.241222
-0.3723665;3.899567;3;-7.075489
-0.3451214;3.665678;2.828901;-6.955621
-0.2571139;3.787509;3;-4.898543
-2.453234;3.901341;2.533511;-44.07774
-1.872196;3.8203;2.812941;-33.64635