ydiffs;heights;distances;angles
-1.547787;4;2.726102;-29.58641
-1.223702;3.699898;2.453486;-26.50822
-1.189281;3.993356;2.60451;-24.54256
-0.9635102;3.442595;2.948376;-18.09706
0.6908011;3.927461;3;12.9673
0.2640022;3.562109;2.78411;5.416854
0.1135797;3.834442;2.490929;2.610726
0.2674111;3.52339;2.892291;5.28235
0.3074874;4;2.53254;6.922662