ydiffs;heights;distances;angles
-1.179232;3.777737;3;-21.45866
-0.2221977;3.429425;2.73858;-4.638596
-0.01559316;3.936338;2.670032;-0.3346072
-0.1011133;3.677177;2.649274;-2.185714
-0.04665916;3.964381;3;-0.8910525
0.02009974;3.812882;2.672338;0.4309367
0.05059925;3.720994;2.950284;0.9825625
0.08759917;3.317139;3;1.672546
0.1266265;4;2.758012;2.628732