ydiffs;heights;distances;angles
-0.1540982;3.692477;3;-2.940474
-0.05699775;3.116051;2.273741;-1.43598
-0.04557639;3.684921;2.553369;-1.022593
-0.07592016;3.449659;3;-1.449659
-0.1462509;3.778046;2.775325;-3.016517
-0.2008068;3.535487;2.422407;-4.738731
-0.2315528;3.562042;3;-4.413583
0.6768039;3.771766;2.811003;13.53742
0.355421;3.387278;2.924756;6.928703