ydiffs;heights;distances;angles
0.0152299;3.789694;2.605092;0.334959
0.1164108;3.445025;2.488731;2.678067
0.1395469;3.751058;2.498975;3.196173
-1.498476;3.155305;3;-26.54176
-1.282839;3.793568;2.832663;-24.36454
-1.23652;3.704479;3;-22.40016
-1.489492;3.837631;3;-26.40427
-1.643814;3.483513;2.486782;-33.46552
-1.674697;4;3;-29.17166