ydiffs;heights;distances;angles
-0.767358;4;2.641996;-16.19575
-0.8597037;3.468395;2.463209;-19.23989
-0.841961;3.652544;2.838319;-16.5225
-0.9171427;3.759896;2.922476;-17.4231
-0.4749155;3.285179;2.794852;-9.643874
-0.7135507;4;2.932004;-13.67796
-0.3499202;3.568885;2.561022;-7.78032
-0.5106906;3.858397;3;-9.660865
-0.2168275;3.513786;2.997445;-4.137422