ydiffs;heights;distances;angles
-2.001952;3.198755;2.619613;-37.38768
-1.388299;3.36243;2.676023;-27.41991
-1.655884;3.770831;3;-28.897
-1.182555;3.928178;2.819849;-22.75163
-1.432769;3.703759;3;-25.52866
-0.9184815;3.904919;2.938009;-17.36031
-1.186075;3.668909;2.904134;-22.21556
0.7350729;3.853618;2.805726;14.68098
0.2373165;4;2.657152;5.10368