ydiffs;heights;distances;angles
0.002426598;3.725899;3;0.0463446
-0.03106029;3.752765;2.441305;-0.7289248
0.1280912;3.14154;2.958627;2.479024
-0.02515528;3.439955;2.556172;-0.5638292
0.05189843;3.961865;3;0.9910881
-0.1474277;4;2.913814;-2.896475
-0.03725018;3.790031;2.555449;-0.835128
-0.2558596;3.548957;2.844192;-5.140415
-0.1363103;3.981004;2.995371;-2.605561