ydiffs;heights;distances;angles
0.1529013;3.948866;3;2.917675
0.2126442;3.43924;2.535728;4.793565
1.472803;3.552233;2.534134;30.16455
0.1588181;3.3439;2.920305;3.112911
-0.5444931;3.475688;2.968984;-10.39221
-0.201501;4;2.83283;-4.068634
0.06965737;3.826216;3;1.330119
-0.1344342;3.785708;2.759627;-2.788938
0.06842253;3.386905;3;1.306548