ydiffs;heights;distances;angles
-1.143882;3.421775;2.721751;-22.79576
0.3246784;3.156512;2.879603;6.432992
2.316722;3.32096;3;37.67678
-0.1315321;3.647521;2.442506;-3.082475
0.1636305;3.735998;3;3.12202
0.2833513;3.618522;2.719195;5.948985
0.2384384;4;2.512089;5.422064
0.06497898;3.690007;3;1.240813
0.1770596;3.875989;2.977899;3.40268