ydiffs;heights;distances;angles
-1.708396;3.57929;3;-29.66002
-1.296638;3.944887;1.987146;-33.12496
-1.708523;3.723392;2.547652;-33.84686
-1.464601;3.655824;2.62703;-29.1402
-1.774398;3.318458;2.716447;-33.15279
-1.726179;4;2.943403;-30.38978
0.193041;4;3;3.681737
-0.1967198;3.803873;2.8382;-3.964913
-0.7582004;3.931285;3;-14.18355