ydiffs;heights;distances;angles
-1.48812;3.782668;3;-26.38325
-0.906428;3.570374;2.693319;-18.6005
-0.0009590361;3.397115;2.618366;-0.02098588
-0.378266;4;2.970572;-7.256862
-2.388609;3.833752;2.735469;-41.12743
-1.859792;3.510033;2.963671;-32.1095
-1.43798;3.562569;2.758378;-27.53364
-1.716824;3.618797;2.815776;-31.37134
-1.240629;4;3;-22.4672