ydiffs;heights;distances;angles
-1.311748;4;2.991206;-23.67912
0.8100467;3.830515;2.712943;16.62489
0.1397545;3.927189;2.870223;2.787598
0.1541896;3.934408;2.766998;3.189481
0.2249438;3.407558;3;4.288085
0.365169;3.7597;2.677857;7.765306
0.252607;3.640138;3;4.813085
1.885584;4;2.878494;33.22717
0.05647545;3.641351;2.733369;1.183647