ydiffs;heights;distances;angles
-0.1106171;3.464458;3;-2.111675
-0.141637;3.680429;2.927483;-2.769916
0.008684242;3.146951;2.641386;0.1883741
-0.01559535;3.918882;3;-0.2978466
0.1412714;3.678545;2.834451;2.853307
0.04745628;3.631261;2.436946;1.115618
0.07804108;3.625864;2.860914;1.562548
0.1418891;3.650186;2.995506;2.711921
-0.0488486;3.914169;2.980524;-0.9389517