ydiffs;heights;distances;angles
-0.1883067;3.500808;2.406125;-4.474927
-0.2857883;3.999669;2.573175;-6.337552
-0.1656075;3.42409;2.716909;-3.488112
0.3421394;2.711132;1.943464;9.984394
0.646552;3.757576;2.87216;12.68638
0.02154553;3.495705;3;0.4114823
0.2951235;3.469917;3;5.618367
0.247682;3.423973;3;4.719673
0.2608546;4;2.441511;6.09843