ydiffs;heights;distances;angles
-1.925003;3.772712;2.644592;-36.05095
-1.108038;3.629139;2.50272;-23.88058
-1.419569;3.447227;2.582445;-28.79758
-1.201837;4;3;-21.83164
-1.77008;3.673004;2.199708;-38.82325
-1.437625;4;2.995163;-25.64017
-1.799182;3.688501;2.856144;-32.20822
-1.765274;3.975462;2.697176;-33.20434
0.2946723;4;3;5.609831