ydiffs;heights;distances;angles
-0.3606185;4;2.735632;-7.509587
-0.7369795;3.599046;1.856439;-21.65237
-0.5535638;3.423394;2.282632;-13.6317
-0.9150373;3.926942;2.813281;-18.01744
-0.7398192;3.607972;2.992326;-13.88725
-0.6757636;3.593575;2.984884;-12.75645
-0.5955298;3.702704;3;-11.22782
-1.064194;3.908805;2.779657;-20.94938
-0.7875248;3.163312;2.732111;-16.0795