ydiffs;heights;distances;angles
-0.7570445;4;2.684286;-15.74995
-0.4265147;3.375047;2.655595;-9.124344
-2.073339;3.54136;2.212307;-43.14275
-1.439636;4;3;-25.63536
-1.636016;3.786009;3;-28.60535
-1.714478;3.366924;2.900976;-30.58311
-1.714908;3.168655;2.028978;-40.20477
-0.644052;4;3;-12.11657
-1.444408;3.739383;2.521302;-29.80762