ydiffs;heights;distances;angles
-0.2567343;3.922514;3;-4.891347
-0.298514;3.582209;2.132657;-7.968081
-0.09287973;3.688031;2.601535;-2.0447
-0.1426917;3.069085;2.970799;-2.749883
0.03664837;3.763706;2.207197;0.9512534
-0.07504243;3.723351;2.378625;-1.807006
0.1254318;4;2.852196;2.51809
0.03009295;3.425776;2.635642;0.6541572
0.2009785;3.014141;2.631022;4.368227