ydiffs;heights;distances;angles
0.04155407;3.715726;2.379052;1.000663
0.02020119;3.139739;2.352322;0.4920306
0.1525691;4;2.840599;3.074412
-0.1531908;3.467579;2.941824;-2.980895
1.328763;3.76086;2.490786;28.07866
0.09092163;3.506181;2.491472;2.089975
0.2066204;3.736605;2.710193;4.359696
-0.2602449;4;2.948532;-5.044001
-0.08244973;3.346972;2.820756;-1.674259