ydiffs;heights;distances;angles
0.02881747;3.94852;2.552878;0.6467406
0.1163919;3.573169;2.852264;2.336763
-0.1590315;3.818814;2.945873;-3.090085
0.04308097;3.556838;2.249101;1.097352
0.01641016;3.52336;2.802569;0.3354858
-0.07888771;3.776873;2.846337;-1.587576
0.140611;3.366429;3;2.683508
0.042375;3.697664;2.585773;0.9388649
-0.3247612;4;2.554285;-7.245918