ydiffs;heights;distances;angles
-0.3198394;4;2.966324;-6.154055
0.4902877;3.691667;2.299214;12.03754
0.2281993;3.468328;3;4.349908
1.03617;4;3;19.0544
0.2577615;3.518866;2.557165;5.755955
-0.01858907;4;2.927763;-0.3637799
0.1284285;3.391398;2.721097;2.702203
0.3076477;3.765009;2.821827;6.222057
0.1778006;4;3;3.391774