ydiffs;heights;distances;angles
-1.036015;4;2.79137;-20.36238
-1.16657;3.429098;3;-21.24891
-2.002812;3.754619;2.640429;-37.18096
-1.71216;3.757979;3;-29.71426
-1.448618;3.939219;2.960989;-26.06947
-1.688166;3.243498;2.759654;-31.45541
-0.004891533;3.533756;2.452231;-0.1142893
-0.5061789;4;2.798545;-10.25237
-0.3373074;3.81411;2.838521;-6.7768