ydiffs;heights;distances;angles
-1.004205;4;3;-18.5072
-0.4780534;3.680633;2.87875;-9.428659
-0.8628224;3.796446;2.45374;-19.37349
-0.7393518;3.230253;3;-13.84468
-0.5807368;3.710464;2.703718;-12.12249
-1.115376;4;2.59159;-23.28621
-0.8124598;3.467581;3;-15.15335
-0.1569845;3.660273;2.927452;-3.069545
-0.2976509;3.759414;2.869917;-5.921211