ydiffs;heights;distances;angles
-2.20456;3.438729;2.957822;-36.69835
-1.644068;4;2.532257;-32.99366
-1.714633;3.65145;2.716717;-32.25772
-1.652066;3.85837;2.755461;-30.94524
-1.017086;3.541628;2.452638;-22.52333
-0.9773661;3.996821;3;-18.04502
-1.626544;3.9647;3;-28.46572
-1.359558;3.235171;3;-24.37938
0.8927356;3.697554;2.740934;18.04068