ydiffs;heights;distances;angles
-0.02800814;4;2.655514;-0.6042857
0.40534;3.564754;2.728381;8.450298
-0.7931873;3.474887;3;-14.80987
0.214231;2.742039;1.642836;7.429629
0.2040816;4;2.926201;3.98951
-0.4758182;3.593178;2.010558;-13.31464
-0.05327214;3.454153;2.986861;-1.02179
-0.2346529;3.950896;3;-4.472435
-0.218958;3.557976;2.474863;-5.055953