ydiffs;heights;distances;angles
-0.2982445;3.690776;2.496371;-6.812905
-0.02789122;3.546184;2.507563;-0.6372654
0.03559512;3.651156;2.77651;0.7344971
-0.02391983;3.495091;3;-0.4568254
0.1572529;3.190123;2.661559;3.381277
0.06038838;4;3;1.153177
-0.2795307;3.547731;2.77576;-5.750539
-0.2486256;3.830592;3;-4.737572
0.032897;3.783809;3;0.6282613