ydiffs;heights;distances;angles
-0.002763627;3.265871;2.627791;-0.0602575
0.7699779;3.305161;3;14.39478
0.2633678;3.745741;2.685632;5.600831
0.05748031;3.734247;2.56893;1.28179
0.1418909;3.523183;3;2.707899
0.322311;3.802854;3;6.132165
0.2097364;3.522392;2.540537;4.719405
-1.946447;3.776777;2.733948;-35.44914
-1.540022;3.862818;2.691942;-29.77326