ydiffs;heights;distances;angles
-1.053173;3.423;3;-19.34402
-0.9892114;3.848723;2.389664;-22.48732
-0.4514231;3.604189;2.695926;-9.505783
-0.6555486;4;2.573621;-14.2904
-0.6383052;4;3;-12.01161
-0.7591851;3.403979;2.836858;-14.98212
-0.8806922;3.809945;2.793612;-17.49757
-0.9683173;3.598204;2.803171;-19.05677
-0.04765163;3.92272;3;-0.9100026