ydiffs;heights;distances;angles
-0.0124676;3.669185;3;-0.2381122
0.3811556;3.367663;2.255435;9.592033
0.2661735;4;3;5.070263
1.87641;3.67577;2.588223;35.94136
0.8167594;3.255437;2.760696;16.48099
-2.697168;3.454385;2.691409;-45.06123
-1.698573;3.698255;2.802383;-31.22078
-1.13955;3.436683;2.921842;-21.30632
-1.50416;4;2.711381;-29.01967