ydiffs;heights;distances;angles
-0.6298536;3.596113;3;-11.8571
-1.846966;3.537027;2.139845;-40.79848
-1.610445;3.737624;2.856607;-29.41263
-1.500771;3.416161;3;-26.57683
-1.69233;4;2.495369;-34.14466
-0.7749613;3.62059;2.94681;-14.7342
-1.136828;3.626507;2.870719;-21.60396
-1.382777;3.563339;2.754899;-26.65363
-1.395987;3.372597;3;-24.95393