ydiffs;heights;distances;angles
-0.0909714;3.712167;2.444121;-2.131593
0.04276826;3.89149;2.619756;0.9352866
-0.7402562;3.548255;2.676313;-15.46121
2.083786;3.789479;2.722099;37.43431
0.1813066;3.773017;2.626666;3.9486
0.03440721;3.699927;2.534367;0.7778143
-0.1776926;3.763241;3;-3.389718
-0.1667524;3.516423;3;-3.181462
-0.2092501;3.869753;2.699406;-4.432538