ydiffs;heights;distances;angles
-1.273553;3.536921;2.857938;-24.01868
-0.3297068;3.806479;2.608912;-7.202694
0.2818511;3.772338;2.400249;6.69733
0.08710186;3.874411;2.803386;1.779621
-0.4871459;3.001077;3;-9.223298
-0.204917;3.916508;2.493396;-4.698232
-0.08049526;3.66515;2.64319;-1.744337
-0.08811448;4;2.808257;-1.797176
0.4355175;3.746713;2.997978;8.265563