ydiffs;heights;distances;angles
-1.08759;3.304091;2.684322;-22.05601
0.245754;3.666839;2.754718;5.097976
0.2976561;3.631249;2.664448;6.374311
0.1457867;4;3;2.782133
0.2378895;3.023197;3;4.533868
-2.126907;3.895399;3;-35.33546
-1.429457;3.615457;2.557898;-29.19823
-0.9885137;4;2.609034;-20.75075
-1.005155;3.675992;3;-18.5235