ydiffs;heights;distances;angles
-1.718731;3.770959;2.918298;-30.49595
-1.445508;3.897376;2.19994;-33.30759
-0.1587632;3.610041;2.865839;-3.170859
-0.353963;4;2.602377;-7.745569
-0.472937;3.458674;2.754213;-9.743467
-0.300274;3.803217;3;-5.715775
-1.238362;3.581867;3;-22.43021
-0.8889665;3.741603;3;-16.50572
-0.6667076;3.345461;3;-12.52955