ydiffs;heights;distances;angles
-0.6605461;3.718944;2.63843;-14.05542
-0.6118925;3.621174;2.17988;-15.67944
-1.919919;3.56954;3;-32.61815
-1.683711;3.897753;2.797565;-31.04158
-1.611226;3.724321;2.684809;-30.96911
-1.650398;4;2.933273;-29.36416
-0.8822769;3.791364;2.49287;-19.4899
-1.201823;3.973128;2.81255;-23.13737
-1.402185;3.232563;2.970703;-25.26752