ydiffs;heights;distances;angles
-0.02693364;3.91312;2.833432;-0.5446177
0.06951766;3.435433;2.44819;1.626507
0.09168517;3.57567;2.793814;1.879613
-0.7712629;4;3;-14.41781
0.7215738;4;2.337414;17.15577
0.3711026;3.422451;3;7.051715
0.1374475;3.755738;3;2.623219
-0.2567269;3.555704;2.611963;-5.613508
-0.1810446;3.644033;2.877785;-3.599796