ydiffs;heights;distances;angles
0.1960414;3.896066;2.953891;3.79699
0.05662315;3.519696;2.744503;1.181929
-0.1520351;4;2.520777;-3.451488
-0.05045676;3.532507;2.889896;-1.000266
0.006406353;3.458077;3;0.1223522
0.03185094;3.922475;2.641595;0.6908085
0.07503158;3.348324;3;1.432699
0.1175209;4;2.891666;2.327291
-0.3879589;3.398375;2.809098;-7.863262