ydiffs;heights;distances;angles
-0.9131945;3.800476;2.979009;-17.04256
-0.1180331;3.573517;2.186368;-3.090167
0.3889588;3.693339;2.917629;7.593517
0.2381698;4;2.95778;4.603704
0.2334232;3.394438;2.591799;5.146303
-2.09143;3.969691;2.696876;-37.79362
-1.325305;3.235852;2.877387;-24.73048
-0.9476175;3.914031;2.834868;-18.48335
-0.9954011;3.747513;2.794869;-19.60351