ydiffs;heights;distances;angles
-1.613759;3.984035;2.658943;-31.25429
-1.360862;3.651515;3;-24.40002
-0.2251229;3.728634;2.573193;-4.999949
-0.3476947;4;3;-6.610985
-0.4055547;3.169033;3;-7.698852
-0.2776137;4;2.669192;-5.937793
-1.170072;3.632747;3;-21.30699
-0.8191974;3.962658;2.761616;-16.5223
-0.5962186;4;2.340733;-14.29019