ydiffs;heights;distances;angles
-0.9121929;3.385965;2.59071;-19.39724
-0.3514695;3.897106;2.640852;-7.580913
-0.6176549;3.574637;2.231044;-15.47452
-0.2295722;3.972444;2.77969;-4.721295
-0.4011238;3.617358;2.940873;-7.766996
-0.3976882;3.457721;2.933945;-7.719239
-0.467754;3.869586;2.9721;-8.943943
-0.5568765;3.193181;2.642897;-11.89856
-0.6140494;3.729241;2.30297;-14.92965