ydiffs;heights;distances;angles
-1.194296;3.342173;2.772314;-23.30608
-0.9455003;3.181976;2.645237;-19.66867
-0.9684963;3.845879;2.786202;-19.16768
-1.390849;4;2.630814;-27.86435
-1.251807;3.429689;2.953433;-22.96957
-1.2013;3.8592;2.872401;-22.69573
-1.197273;3.166756;2.664578;-24.19578
-0.3154431;3.78952;3;-6.002462
-0.4533255;4;3;-8.59287