ydiffs;heights;distances;angles
-1.446547;3.978054;2.49228;-30.13136
0.01160438;3.164019;2.465654;0.2696554
0.1428659;4;2.764658;2.958173
-0.03152446;3.498851;2.433212;-0.7422773
0.06690292;3.719806;2.697523;1.420737
-0.4842164;3.426914;2.992675;-9.190835
-0.2738318;3.78262;2.191587;-7.122015
-0.1177299;3.524699;2.708243;-2.489136
-0.1198741;3.8057;2.893949;-2.371969