ydiffs;heights;distances;angles
2.357267;4;2.925202;38.86353
-1.835975;2.971185;2.699683;-34.21847
0.2416904;3.695478;2.805403;4.923972
0.5089096;3.601032;2.761934;10.44013
0.1379045;3.869694;1.932903;4.080897
0.2689206;3.660982;2.84661;5.396742
0.2701568;3.490436;2.876358;5.365664
0.1652149;3.618446;3;3.152187
0.1137516;3.553667;2.549459;2.554725