ydiffs;heights;distances;angles
3.815674;4;3;51.82448
1.178507;4;2.400896;26.14464
-0.314321;3.501208;2.983138;-6.014828
-0.4151796;3.829802;2.861895;-8.254402
-0.1681499;3.617604;2.38749;-4.028665
-0.289001;3.904691;2.806605;-5.879125
-0.3929473;3.641518;2.957107;-7.569252
0.2119876;3.753456;2.470887;4.903634
-0.01480368;4;2.831072;-0.299597