ydiffs;heights;distances;angles
-0.6625875;2.992062;2.678656;-13.89369
-0.5797129;3.408327;2.392442;-13.62082
-0.6615993;3.588393;3;-12.43655
-1.438503;3.467164;3;-25.61776
-1.30982;3.873841;3;-23.58641
-1.245572;3.60564;3;-22.54777
-1.290776;4;2.5557;-26.79642
-0.8331287;3.694427;2.670872;-17.32434
-1.021216;3.72688;2.817084;-19.926