ydiffs;heights;distances;angles
-1.291697;4;3;-23.29505
-1.081678;3.319632;2.654691;-22.16889
-1.090665;3.747725;2.449643;-24.00027
-0.9067232;3.722727;2.631091;-19.01491
-1.382102;4;2.964168;-24.99822
-1.334313;3.619768;2.321375;-29.89003
-1.175403;3.87236;2.735388;-23.25332
-1.175956;3.980695;3;-21.40446
-0.4043177;3.619975;2.505911;-9.165434