ydiffs;heights;distances;angles
-0.5375391;3.971499;2.435764;-12.4449
-1.119516;4;2.591871;-23.36113
-0.8838709;3.766617;2.57835;-18.92197
-0.651159;3.50782;2.77495;-13.20588
-0.6670943;4;2.837447;-13.23018
0.125846;3.622183;2.886009;2.496832
-0.0102294;3.955875;2.682124;-0.2185202
-0.04808604;3.54226;2.153952;-1.278891
0.06524769;3.876075;3;1.245943