ydiffs;heights;distances;angles
0.8729815;3.692538;2.673205;18.08535
-0.6468101;3.484681;2.606812;-13.93498
0.06559166;3.08375;2.475359;1.517859
0.3076054;3.725378;3;5.854372
0.1816825;4;3;3.465648
0.2588949;3.22636;2.532795;5.836336
0.313962;3.116487;2.73551;6.547345
0.182906;4;2.965533;3.529377
0.1334784;3.668035;2.959368;2.5825