ydiffs;heights;distances;angles
1.302493;3.42216;2.862422;24.46704
-0.3519457;3.395535;2.173224;-9.198978
1.311436;3.592153;2.45488;28.11184
-0.4820769;3.524787;3;-9.128948
-0.4251759;3.582671;3;-8.066541
-0.1821308;4;3;-3.474178
-0.3423834;3.231958;2.462817;-7.91459
0.2296555;3.868657;2.743722;4.784629
0.02663772;3.619476;2.796983;0.5456532