ydiffs;heights;distances;angles
-1.086628;4;3;-19.91087
-0.8581665;3.515056;2.944103;-16.2507
-0.8289869;3.573982;2.890316;-16.0037
-0.9048438;4;2.705337;-18.49335
-0.1608632;4;2.77422;-3.31858
-0.4403334;3.527453;3;-8.350125
-0.6139932;3.784889;2.94261;-11.78601
-0.620121;3.73577;3;-11.67895
-1.460078;3.66219;2.863183;-27.01927