ydiffs;heights;distances;angles
-0.881349;3.657101;2.736111;-17.85465
-0.9228569;4;2.620536;-19.4004
-1.140085;3.505845;2.67293;-23.09971
-1.105097;4;2.831595;-21.31939
-1.218286;4;2.866764;-23.024
-1.322827;3.611512;2.684862;-26.22938
-1.357453;3.829729;2.917471;-24.95182
-1.423996;3.73049;3;-25.39207
-1.486213;4;2.776947;-28.15555