ydiffs;heights;distances;angles
-1.493798;3.427378;3;-26.47021
-1.234558;3.941416;2.373093;-27.48487
-0.9573516;3.796376;2.992553;-17.74006
-1.112198;3.335262;2.444678;-24.46299
-0.8529605;4;2.433609;-19.31516
-0.9563829;3.422664;3;-17.68199
-1.341843;3.92993;2.807636;-25.54435
-1.2643;3.667318;2.854148;-23.89187
-1.108114;3.982945;2.609744;-23.00638