ydiffs;heights;distances;angles
-0.76009;4;2.67561;-15.85884
-0.2895296;3.571262;2.625319;-6.293353
-0.5016157;3.714897;2.98494;-9.539357
-0.9733769;3.558297;2.60138;-20.5147
-0.8899747;3.812296;3;-16.52342
-0.5378727;3.665302;3;-10.16461
-0.7666297;3.866376;2.709495;-15.79843
0.2500539;3.659445;2.827917;5.053142
-0.05618146;4;2.803239;-1.148147