ydiffs;heights;distances;angles
-0.5666072;4;2.89025;-11.09165
-0.414342;3.741614;2.224152;-10.55278
-0.05553804;3.450054;2.132839;-1.491616
-0.1819235;4;3;-3.470233
1.518156;2.836117;2.60715;30.21244
-3.448917;3.235356;3;-48.98201
2.038314;4;3;34.19368
0.3227479;3.564002;2.902718;6.344552
-0.1409633;3.912755;2.905098;-2.777969