ydiffs;heights;distances;angles
0.2926011;3.660233;2.801845;5.961878
0.6040438;3.759833;2.554059;13.30616
0.2922552;3.350271;2.330969;7.14641
1.612056;3.655834;3;28.25145
-0.762987;3.992664;2.892661;-14.77617
-0.3068629;3.286203;2.779437;-6.300208
-0.2826383;3.758648;2.767368;-5.831543
-0.2830543;3.599416;3;-5.389983
0.1094618;3.834294;2.64886;2.366351