ydiffs;heights;distances;angles
-0.1932164;3.548521;2.642319;-4.182242
-1.084174;3.774877;2.563411;-22.92554
-0.7270082;3.44505;2.667094;-15.2475
-0.8684768;3.904971;2.913392;-16.59922
-0.8256634;3.547173;2.293077;-19.80232
-0.2727878;3.811165;3;-5.195575
-0.3510012;3.431117;2.926283;-6.839825
-0.7557859;4;2.569918;-16.38806
-0.5099913;3.453424;3;-9.647884