ydiffs;heights;distances;angles
-2.904432;3.381445;2.892537;-45.11757
0.6774246;3.163419;2.890645;13.18929
0.6532092;3.696593;2.950595;12.48293
0.07414674;3.749318;2.795297;1.519445
0.1527539;3.473457;3;2.914867
0.1674854;3.915646;2.91094;3.29297
0.08409613;3.54175;2.664733;1.807594
0.03340603;3.674337;2.94134;0.6507043
-0.003960791;3.706658;3;-0.07564548