ydiffs;heights;distances;angles
-0.444921;3.82056;2.804762;-9.013756
-0.2379693;3.468457;2.604103;-5.221327
-0.2235395;3.770035;2.747692;-4.651078
-0.1077916;3.54694;2.764047;-2.233275
-0.07074701;4;3;-1.350918
-0.03231435;3.255454;2.387646;-0.7753926
0.02104567;3.254348;2.74317;0.4395662
0.06712484;3.685664;3;1.281776
0.1094381;3.561484;2.605719;2.404964