ydiffs;heights;distances;angles
-0.06757348;3.772134;2.057323;-1.881223
0.3064622;3.218204;1.834684;9.483028
0.5549715;3.399378;1.54745;19.72967
0.2089604;4;1.540482;7.724804
0.6886486;3.816273;1.975405;19.21914
0.9530808;3.549063;2.279848;22.68716
0.1388979;3.392705;2.038374;3.898194
0.1166993;4;1.99314;3.350869
0.08552041;3.600915;1.451638;3.371571