ydiffs;heights;distances;angles
-0.4732938;3.768844;1.541579;-17.06747
2.353804;3.776297;1.329797;60.53543
-1.388255;3.278555;1.468189;-43.39706
0.6381416;2.821836;2.026299;17.48076
1.758274;3.938594;2.360471;36.68179
0.6025699;3.476669;2.069882;16.23097
-2.729645;3.6439;2.101948;-52.40213
1.331265;3.473822;1.963492;34.13761
0.3480147;3.487844;1.92012;10.27313