ydiffs;heights;distances;angles
-1.193675;4;1.763806;-34.08859
-0.9093266;3.709553;1.717996;-27.89204
-0.9392139;3.617201;2.035125;-24.7734
-0.9363955;3.844277;2.030332;-24.7593
-0.8761541;3.540496;1.882048;-24.9635
-0.8878105;3.818302;2.122014;-22.70351
2.698281;4;1.836584;55.75886
-1.551587;4;1.958504;-38.38734
-1.630538;3.405875;1.758748;-42.83365