ydiffs;heights;distances;angles
0.3576748;3.690727;1.870065;10.82781
-1.327479;3.85994;1.922489;-34.62509
1.724733;3.593227;2.159974;38.60727
0.1295526;3.897295;2.067427;3.585675
0.009737796;3.474724;1.666505;0.3347894
0.08436052;3.568792;2.042426;2.365204
-0.01637539;3.636813;2.155988;-0.4351707
-0.09483767;3.930811;1.786388;-3.038928
-0.1467212;3.402209;2.276545;-3.687559