ydiffs;heights;distances;angles
-0.533257;3.557867;1.977696;-15.09011
-0.2996886;3.668328;2.288996;-7.459067
-0.2779565;3.314548;1.975563;-8.008794
-0.0991412;4;1.921235;-2.954005
0.03940343;3.605984;2.216573;1.018425
0.07561622;3.25625;1.876516;2.307546
0.1537733;2.99069;1.434119;6.120151
0.2491678;3.966954;2.178563;6.524713
2.342445;2.898762;1.660631;54.66601