ydiffs;heights;distances;angles
-1.235481;3.641629;2.071808;-30.80889
1.344403;3.65346;1.94921;34.59468
-3.038558;3.437889;2.082986;-55.56867
-0.2676605;3.017132;2.071439;-7.362665
0.1916998;3.552655;2.034433;5.38295
-1.656329;3.750556;2.134183;-37.81487
-1.214945;3.429018;1.451897;-39.92254
-0.8085482;3.739974;1.478371;-28.67507
-0.7835095;3.465847;2.262522;-19.10093