ydiffs;heights;distances;angles
-1.108857;4;1.631008;-34.21021
-0.7572026;3.217398;1.797159;-22.84731
-0.7811592;3.524131;2.021642;-21.12645
-0.7022715;3.886136;1.752376;-21.83863
-0.5139591;3.576717;1.887431;-15.23266
-0.4960773;3.94434;1.875782;-14.81354
-0.465315;3.341288;1.730703;-15.04862
-0.3911917;4;2.291357;-9.688407
-0.3576653;4;2.304219;-8.82315