ydiffs;heights;distances;angles
-0.6934661;3.241047;2.380133;-16.2438
-0.709454;3.483429;1.840207;-21.08312
-0.5256259;3.518517;2.201918;-13.42598
-0.6732018;3.848418;1.909458;-19.4207
-0.5604259;3.431693;2.165598;-14.50903
-0.777565;3.810929;2.212267;-19.3655
-0.6983802;3.972691;2.12801;-18.16905
-0.8689865;3.631784;1.982629;-23.66784
-0.7729912;3.733117;1.734552;-24.01982