ydiffs;heights;distances;angles
-1.358942;3.272885;2.089416;-33.03969
-1.017996;4;1.972312;-27.30022
-1.080269;3.492473;2.519001;-23.21198
-1.02649;4;1.658466;-31.755
-0.01915819;3.665599;2.072912;-0.5295219
0.9863031;3.866084;1.688621;30.28869
-0.6673644;3.675771;1.994842;-18.49741
1.405055;3.754477;1.821106;37.65161
-2.262123;3.847224;2.133414;-46.67724