ydiffs;heights;distances;angles
0.262098;3.290182;2.015898;7.407787
-0.2129338;3.802043;1.766471;-6.873382
0.03590097;3.492172;2.431011;0.8460777
-0.1503157;3.935046;2.381689;-3.611323
0.02960155;3.588404;1.583701;1.070812
-0.2448427;3.342882;2.199147;-6.352878
-0.1234471;3.650172;1.937562;-3.645534
-0.3550103;4;2.300713;-8.771812
-0.2457182;3.026576;2.050591;-6.833059