ydiffs;heights;distances;angles
-0.3173424;3.538683;1.215919;-14.62733
-0.2485314;3.791653;1.910537;-7.411676
-0.03372446;3.422115;1.762138;-1.096414
-0.1153584;3.70994;2.033746;-3.246462
0.3019278;3.472275;2.054198;8.361513
0.1181209;3.766736;1.834908;3.683291
0.6565479;3.976655;1.877976;19.26983
0.3727828;3.641467;2.196521;9.632179
2.400232;3.572299;1.907618;51.52358