ydiffs;heights;distances;angles
-0.6918156;3.878822;1.773921;-21.3054
1.183801;3.825363;2.565891;24.76674
-1.213903;4;1.896588;-32.62109
-1.192256;4;2.313348;-27.26574
-0.8860059;3.525722;1.975278;-24.1585
-0.8773719;3.807917;2.00623;-23.6209
-0.9319116;3.493811;1.93848;-25.67562
-0.7968526;3.886127;2.096015;-20.81556
-0.8733304;3.367759;1.49334;-30.31982