ydiffs;heights;distances;angles
-1.019322;3.746365;2.103471;-25.85438
-0.7716019;3.487693;1.44252;-28.14227
-0.7140116;3.668735;1.72798;-22.4507
-0.6838217;3.632103;1.983566;-19.02131
-0.6760174;4;1.618341;-22.6714
-0.6711096;3.382776;1.972362;-18.79122
0.02169985;3.469876;1.874395;0.6632829
-0.2405372;4;2.133267;-6.433233
-0.3575771;3.521825;1.89915;-10.66297