ydiffs;heights;distances;angles
-0.9959355;3.199699;1.390761;-35.60676
-0.7335563;3.738586;2.190599;-18.51393
-0.6174383;3.576448;2.174334;-15.85278
-0.6928704;4;1.545079;-24.15322
-0.3121299;3.676539;1.979458;-8.960875
-0.471429;3.5593;1.983133;-13.37211
-0.2823517;3.328736;1.79022;-8.962803
-0.3759002;3.922228;1.967;-10.81897
-0.3738796;3.949485;1.773228;-11.90625