ydiffs;heights;distances;angles
-0.7361137;3.506161;1.846812;-21.73155
-0.7398094;4;2.166692;-18.85229
-0.6737916;3.377521;1.774989;-20.78693
-0.7579039;3.817016;1.708258;-23.92546
-0.571813;4;1.298547;-23.76621
-0.7475352;3.666548;1.678774;-24.00276
-0.688605;4;2.192937;-17.43283
-0.8996799;3.096237;2.296901;-21.38993
-0.8580233;3.880044;1.685731;-26.97573