ydiffs;heights;distances;angles
-1.337296;3.280367;2.16265;-31.73098
-1.031729;4;1.903039;-28.46425
-0.8897068;3.74465;1.475;-31.09801
2.970222;3.652904;2.209946;53.34951
-1.301126;3.38801;1.370962;-43.5029
1.69385;4;1.753212;44.01341
0.1484473;3.552854;1.981204;4.285042
1.421686;3.757338;2.186478;33.03262
-0.4388415;3.814015;2.310792;-10.75297