ydiffs;heights;distances;angles
-0.03819706;3.180693;2.071804;-1.056221
-0.2372243;4;1.891495;-7.148499
-0.1483416;3.208128;2.130569;-3.982812
-0.6449499;3.463111;1.456143;-23.88934
-0.4122569;3.337422;2.310356;-10.1173
-0.5940123;3.66712;2.39256;-13.94317
-0.4112994;3.399728;1.749101;-13.23264
-0.305818;3.396282;1.790051;-9.694993
-0.3172005;3.74575;2.029483;-8.883242