ydiffs;heights;distances;angles
-0.194547;3.23662;2.056094;-5.405218
-0.1772874;4;1.24418;-8.109676
0.153499;3.484574;2.138616;4.105359
0.01788629;3.686507;2.023284;0.5064945
0.886596;3.322786;1.736054;27.05322
0.1909546;3.442914;2.247775;4.855773
2.119072;3.645446;2.494946;40.34277
-1.359071;3.070336;2.628226;-27.34375
0.692459;3.742144;1.819537;20.83527