ydiffs;heights;distances;angles
-2.170715;3.515897;1.587886;-53.81439
-1.373274;3.813851;2.054409;-33.76083
-0.8700092;3.422924;1.789934;-25.92238
-0.9040309;3.760077;1.491391;-31.22283
-0.8438131;3.870609;2.269471;-20.39566
-0.7996352;3.976237;1.751901;-24.53378
-0.8708392;3.347551;1.981674;-23.72291
-0.7054396;3.819177;1.967749;-19.72279
-0.7998;3.667698;1.552773;-27.25202