ydiffs;heights;distances;angles
-0.8966707;3.234697;1.77129;-26.84965
-0.6978554;3.893283;2.222793;-17.4299
-0.5263091;3.605863;1.508978;-19.22802
-0.5117702;3.719654;2.220441;-12.97895
-0.2558842;3.11023;2.274628;-6.418502
-0.459657;3.825932;1.628931;-15.75818
-0.6841149;3.306077;1.368429;-26.56172
-0.523435;4;1.630403;-17.79904
-0.2298957;3.455771;2.04826;-6.404048