ydiffs;heights;distances;angles
-1.01958;4;1.683248;-31.20419
-0.5246341;3.520628;2.005054;-14.66305
-0.6770943;3.680265;2.039029;-18.36963
-0.8993343;3.754131;1.90625;-25.25709
-0.7652057;3.518262;1.848734;-22.48505
-0.6144609;3.872413;2.012544;-16.97824
-0.7289661;3.631993;2.484274;-16.35339
-0.9210602;3.779885;2.222978;-22.50599
-0.8807895;3.337566;2.008846;-23.67531