ydiffs;heights;distances;angles
1.579754;3.442559;1.901438;39.72051
-1.39565;3.386657;1.754835;-38.49584
0.6723246;3.44276;2.784729;13.57332
2.927232;3.86553;1.849962;57.70779
0.9545358;3.361522;2.277617;22.73827
-2.133331;3.943225;2.091952;-45.5611
1.283225;3.596518;2.488092;27.28227
0.4761678;3.639388;1.971849;13.57604
-0.1239169;3.791;1.73723;-4.080006