ydiffs;heights;distances;angles
-0.1586093;3.830542;2.297851;-3.948583
-0.4920068;3.516165;1.479951;-18.38929
-0.361302;3.682808;1.955634;-10.46733
-0.01092349;3.559903;2.128445;-0.2940477
-0.1115;3.994337;1.910219;-3.340581
-0.08110722;3.713215;1.932296;-2.403553
0.01685614;3.013026;2.096675;0.4606172
-0.2713952;4;2.314252;-6.688597
-0.1437875;3.615596;1.81498;-4.529662