ydiffs;heights;distances;angles
-0.7695546;4;1.809967;-23.03404
-0.5969207;3.405023;2.512384;-13.36517
-0.7153205;3.66944;2.319406;-17.14012
-0.7178158;3.539962;2.119092;-18.71316
-0.7774636;3.418352;1.587645;-26.09081
-0.6981499;3.77617;1.5845;-23.77887
-0.6419854;3.560939;2.439897;-14.74152
-0.7152815;4;1.939753;-20.24139
-0.6499826;3.651491;2.029911;-17.7552