ydiffs;heights;distances;angles
-0.06498561;3.579975;1.81872;-2.046394
0.1024637;3.753733;1.786848;3.281934
0.1140901;3.551537;2.069749;3.155103
0.648824;3.25351;2.102648;17.14891
-2.27158;3.719005;1.51955;-56.21988
2.006659;3.254639;1.855935;47.23464
2.970026;3.49065;1.799958;58.78242
0.437131;3.218139;1.708627;14.3506
-0.9203935;3.325271;2.028958;-24.40041