ydiffs;heights;distances;angles
-1.188449;4;1.879604;-32.30464
-0.9340361;3.586388;1.444929;-32.87957
-0.8672479;3.67044;2.09973;-22.44201
-0.6985309;3.427371;1.782805;-21.39602
-0.6101656;4;1.720012;-19.53188
-0.7761672;3.559163;2.081898;-20.44632
-0.7370765;3.890525;1.817954;-22.06974
-0.4255623;3.722451;2.292019;-10.51841
-0.4453071;3.356281;1.944586;-12.89825