ydiffs;heights;distances;angles
-0.597993;3.783341;2.520886;-13.34478
-0.3406594;3.4814;2.038775;-9.485932
-0.5744063;3.797466;1.928104;-16.58945
-0.3378024;3.562935;1.956461;-9.7961
-0.3273216;3.174211;1.693589;-10.93874
-0.4291608;4;1.868235;-12.93723
-0.177391;3.672165;1.760108;-5.755074
-0.3058298;3.731955;2.218044;-7.850595
-0.6820303;3.563066;1.712843;-21.71176