ydiffs;heights;distances;angles
-1.433597;3.924057;1.580735;-42.20545
-0.9544322;3.081001;2.183746;-23.60831
-0.8717337;3.774288;1.865649;-25.04456
-0.8617098;3.511378;1.995136;-23.35977
-0.7361161;3.728056;2.252858;-18.09468
-0.8186092;3.50242;1.9309;-22.97462
4.484174;3.614329;1.934429;66.66511
-0.5427745;3.680467;2.229038;-13.68529
0.7404031;3.950002;1.858907;21.7174