ydiffs;heights;distances;angles
-1.650779;3.383971;1.876266;-41.34202
-0.3691577;3.255277;1.505609;-13.77648
0.416616;3.61213;2.029351;11.60135
0.05891789;3.556913;2.306615;1.463189
0.01532067;3.737527;2.189992;0.4008212
-0.7073731;3.698357;2.011879;-19.37158
0.5067568;4;2.149518;13.26547
-0.201839;3.52442;2.375005;-4.857591
-0.3000808;3.187835;2.170027;-7.873178