ydiffs;heights;distances;angles
-0.4144272;3.896857;2.050783;-11.42461
-0.1337389;3.274159;1.827147;-4.186327
-0.3892678;3.720396;1.606584;-13.62002
-0.1615353;3.622773;2.109691;-4.378492
0.3937512;4;1.813708;12.24869
0.3637042;4;1.562346;13.10469
-0.1213709;3.75666;1.797976;-3.861847
0.1232804;3.583163;2.014994;3.501078
0.08653741;3.998853;2.034478;2.435633