ydiffs;heights;distances;angles
-1.876785;3.306618;1.835489;-45.63736
-1.191516;3.923485;2.017843;-30.56143
-0.7995571;3.550214;2.366759;-18.6664
-0.8770513;3.927398;1.794156;-26.05113
-0.6487029;3.10945;2.159039;-16.72338
-0.6352113;4;1.903134;-18.45753
-0.805564;3.696652;1.929848;-22.65681
-0.72225;3.658369;1.757896;-22.33583
-0.4254704;3.917076;1.952446;-12.29351