ydiffs;heights;distances;angles
-0.9304255;3.402719;1.723278;-28.36533
-0.3040278;4;1.639046;-10.5084
-0.3356644;3.591734;1.647173;-11.51814
-0.5579553;3.954827;1.645201;-18.73391
-0.3180064;3.169582;2.3066;-7.84977
-0.4930484;3.396574;2.131715;-13.02305
-0.4353966;3.875307;2.258448;-10.91194
-0.3488576;3.430853;2.26972;-8.738025
-0.3015661;4;1.440426;-11.8246