ydiffs;heights;distances;angles
-0.8885832;3.080093;1.93036;-24.71756
-0.5949191;3.888982;1.916775;-17.24304
-1.056342;4;1.752875;-31.07458
-0.8336585;3.380149;1.997273;-22.65557
-0.6747066;3.8204;2.205235;-17.01185
-0.7205505;3.56666;2.183711;-18.26114
-0.9617957;3.824987;2.107811;-24.52725
-0.8940201;3.026848;1.340727;-33.69604
-0.762907;3.55823;1.805145;-22.91034