ydiffs;heights;distances;angles
1.297985;3.95684;1.97837;33.26841
2.285666;3.908363;2.055245;48.03848
-1.915177;3.132883;1.894634;-45.30894
0.06408999;3.441319;2.121271;1.730551
0.3169974;3.87899;1.909959;9.423524
0.09475137;3.480157;1.639346;3.307917
0.243453;3.828276;2.173276;6.391695
-0.4313887;3.178769;1.809162;-13.41155
-0.2011299;4;2.058307;-5.581004