ydiffs;heights;distances;angles
-1.125238;3.355342;2.052392;-28.73406
-0.9047793;3.705845;1.823854;-26.38513
-0.9434404;3.466525;1.689555;-29.1788
-0.8702025;3.818766;2.046834;-23.03255
-0.8533617;3.218217;1.799841;-25.36711
-0.8966778;4;2.541236;-19.43544
-0.951327;3.667187;2.112199;-24.24664
-0.9538302;3.679371;1.584468;-31.04743
0.6575333;3.721163;1.610893;22.20427