ydiffs;heights;distances;angles
-0.3188099;3.605408;1.609562;-11.2037
-0.250624;4;1.748713;-8.156042
-0.3231202;4;2.316124;-7.942019
-0.3259431;3.303145;1.702436;-10.83851
0.6020054;3.804904;2.014344;16.63926
0.1822161;3.511288;1.93661;5.375149
0.01744159;3.7229;1.918023;0.5210062
0.006658551;3.5337;1.987362;0.1919658
-1.345072;3.053791;1.94541;-34.66029