ydiffs;heights;distances;angles
-0.06334135;3.428597;1.700294;-2.133463
-1.197479;3.777122;1.652906;-35.92218
-0.2635345;3.529131;1.729757;-8.662601
-0.1131084;3.823216;1.860805;-3.478423
1.005751;4;1.900996;27.88177
-1.354877;3.616893;2.068801;-33.22116
-1.024138;3.7386;2.09619;-26.03881
-0.7839011;3.285269;1.928483;-22.12105
-0.8729069;3.958783;1.675971;-27.51214