ydiffs;heights;distances;angles
-1.03224;3.00863;1.79612;-29.8862
-0.787312;3.222943;2.05393;-20.97282
-0.7726138;3.885087;2.266886;-18.82045
-0.2206851;3.913914;2.170731;-5.804969
-0.3134263;3.384359;2.033306;-8.762955
-0.4358007;3.694518;2.153309;-11.44135
-0.4731426;3.585562;1.89733;-14.00242
-0.4287623;3.727037;1.832856;-13.16651
-0.3480084;3.668779;1.54201;-12.71773