ydiffs;heights;distances;angles
-1.1248;3.446701;1.392166;-38.93647
-0.6385191;3.972112;2.184426;-16.29392
-0.5759556;3.356494;2.211963;-14.59472
-0.528342;4;1.680805;-17.44995
-0.8589696;4;1.959929;-23.66618
-0.748403;3.530693;1.783452;-22.76474
-0.6700534;3.052038;1.646088;-22.14918
-0.6268495;3.890689;1.705779;-20.17766
-0.8888545;4;1.829878;-25.90794