ydiffs;heights;distances;angles
-1.196417;3.531426;1.735247;-34.58548
-0.9781559;3.6711;1.794796;-28.59018
0.5546916;4;1.905877;16.22725
1.9822;3.887764;1.578971;51.46004
-2.348625;3.144485;1.879564;-51.33032
1.7316;3.092161;1.637869;46.59341
-0.1260954;3.508075;1.548355;-4.655798
0.7965112;3.723977;1.937797;22.34459
-0.3225194;3.657253;2.116214;-8.665425