ydiffs;heights;distances;angles
-0.05303237;3.520078;1.991065;-1.525723
0.2795456;3.395872;2.425906;6.5734
-0.7260829;3.828717;2.192132;-18.32602
-0.6377905;3.71249;1.568163;-22.13217
-0.3461625;3.488034;1.796442;-10.90684
-0.2725964;3.796408;2.053262;-7.56251
-0.267484;3.697819;1.930027;-7.890408
-0.2616113;3.419448;2.130204;-7.001462
-0.2384293;3.763697;1.900797;-7.149638