ydiffs;heights;distances;angles
-0.1630505;3.513705;2.294364;-4.06493
-0.1195311;3.899478;2.453309;-2.789382
-0.136836;3.113361;1.652798;-4.732754
4.508376;3.62109;2.248326;63.49458
1.111281;3.538596;2.081636;28.09552
-0.6769128;3.395258;2.07852;-18.03891
1.232865;3.917969;2.21472;29.10331
-2.114619;3.558706;2.473299;-40.52975
2.747006;3.883873;2.457681;48.18176