ydiffs;heights;distances;angles
-1.461115;3.45014;1.715374;-40.42358
-1.054395;4;1.850052;-29.68
-0.8996902;3.292473;2.306689;-21.30754
-0.9446869;3.884111;1.593694;-30.658
-0.5858534;4;1.739745;-18.61078
-0.6851151;3.816975;1.937735;-19.47181
-0.793331;3.451963;1.802523;-23.75537
-0.7913767;4;2.029072;-21.30673
-0.3982127;3.964844;2.045684;-11.01544