ydiffs;heights;distances;angles
-0.7054993;3.57282;1.879103;-20.57838
-1.354645;3.22968;1.894129;-35.57163
-1.067307;3.368924;2.235521;-25.52125
-0.8138316;3.94069;2.580914;-17.50146
-0.7159415;3.508053;1.535044;-25.00425
-1.704388;3.924703;1.509109;-48.4775
-1.317602;3.831263;1.582448;-39.78196
-1.097895;3.425464;1.868953;-30.43162
-1.083035;4;2.117961;-27.08327