ydiffs;heights;distances;angles
-2.182657;3.521829;1.961458;-48.05536
-1.662613;3.838155;1.697967;-44.39726
0.8392602;3.203868;1.358033;31.71594
0.3406211;3.827053;2.257182;8.581497
0.1814166;3.937222;2.128378;4.871945
-0.879505;3.705267;1.468939;-30.91043
0.3501607;3.348628;1.986175;9.998446
0.2616912;3.923938;1.985453;7.508546
0.1242457;3.552774;1.814334;3.917504