ydiffs;heights;distances;angles
1.746734;4;1.863613;43.14579
2.301581;3.735839;1.331786;59.94462
0.1528601;3.244357;2.036468;4.292649
-0.7638554;3.166332;1.782794;-23.19318
0.6095765;4;2.329461;14.66441
0.2587022;3.910084;1.830066;8.046145
-0.0003397818;3.276289;2.033983;-0.009571399
-0.002807062;3.999252;1.857341;-0.08659297
-0.05643794;3.526716;1.801839;-1.794056