ydiffs;heights;distances;angles
-0.3236052;3.507341;2.12187;-8.671329
-0.1109586;3.906892;1.97953;-3.208245
-0.06345335;3.461238;1.773248;-2.049379
-0.4974455;3.733491;1.980548;-14.09908
-0.2372586;3.50959;1.850435;-7.306468
-0.1499791;3.96699;1.352376;-6.328272
-0.1178158;3.374259;2.120641;-3.179895
-0.1741097;3.391967;1.816223;-5.475847
-0.2482113;4;1.958317;-7.223567