ydiffs;heights;distances;angles
-0.1585602;2.901048;1.686805;-5.370042
-0.1214958;3.676858;2.373813;-2.92994
-0.3608007;3.582273;2.420697;-8.477429
-0.5922247;2.97373;1.219722;-25.89846
0.02982206;3.637609;2.105731;0.8113878
-0.09427883;3.186113;2.34449;-2.302791
-0.1214894;3.949508;1.809311;-3.841461
-0.0377919;3.363783;2.200148;-0.9840717
0.1331899;3.916529;1.732292;4.396625