ydiffs;heights;distances;angles
-0.05510826;3.010645;1.993194;-1.583722
-2.423812;3.303444;2.193989;-47.8492
-2.05885;3.388704;2.297225;-41.86776
-1.757978;3.93788;2.472985;-35.40799
-1.817473;3.6081;1.635358;-48.01919
-1.0184;4;1.933459;-27.77687
-1.264068;3.338688;1.900835;-33.62418
-1.489513;3.742716;1.894049;-38.18213
-1.549591;3.804034;1.99518;-37.83532