ydiffs;heights;distances;angles
-1.414636;3.439217;2.028196;-34.89518
-1.224777;3.807342;1.901876;-32.78088
-0.2988177;4;2.008004;-8.464255
-0.5120375;3.69167;2.060528;-13.95523
-0.6436549;3.366389;1.791416;-19.76334
-0.6830198;4;2.183628;-17.36923
-0.6792955;3.846992;1.540223;-23.79926
-0.5172769;3.591809;2.181563;-13.33923
-0.4588096;3.823766;2.316488;-11.20316