ydiffs;heights;distances;angles
-2.31533;3.480341;1.864884;-51.15028
-1.805913;3.191967;1.569611;-49.00443
-1.673238;4;2.078472;-38.8352
0.8472075;3.405842;2.292119;20.2852
0.447671;3.936239;1.876885;13.41542
0.2995511;3.560604;2.046859;8.325944
0.6130603;3.769691;1.824283;18.5752
-0.1043043;3.505564;1.732652;-3.445002
0.09135228;4;2.281172;2.293253