ydiffs;heights;distances;angles
-0.5069307;3.724526;1.593827;-17.64372
-0.2228609;3.442864;1.291151;-9.793125
-0.09703293;3.828414;1.748253;-3.176816
-0.06247326;3.263652;1.938984;-1.845408
-0.5252674;3.725507;1.803857;-16.2351
-0.2520204;3.750057;2.000029;-7.181896
-0.1694119;4;1.731113;-5.589337
-0.1529236;3.411432;1.852202;-4.719814
-0.1183682;3.611894;1.637834;-4.133645