ydiffs;heights;distances;angles
-0.6484788;3.338709;2.000211;-17.96296
0.07162979;3.282951;1.980204;2.071653
-0.09688172;3.950138;2.192611;-2.53
-0.1124774;3.611994;1.947022;-3.306242
-0.07524993;3.787964;2.169935;-1.986131
0.3388863;3.687145;1.844678;10.40975
0.1695822;3.635021;2.075299;4.671523
0.09948205;3.98324;2.177745;2.615523
0.08730129;3.41548;2.193943;2.278709