ydiffs;heights;distances;angles
-2.313873;3.57668;1.890671;-50.74765
-1.050256;4;1.586388;-33.50625
-1.318027;4;1.994747;-33.45469
-1.501995;3.936;2.293036;-33.22579
-1.540794;3.614799;1.703291;-42.13243
-0.4319156;3.718979;2.173647;-11.2386
-0.7734216;3.53303;2.195604;-19.40528
-1.027825;3.164143;1.210469;-40.33501
-0.9507627;4;2.653986;-19.70953