ydiffs;heights;distances;angles
-0.9099452;3.407523;2.093364;-23.49367
-0.7648583;3.79139;1.810792;-22.89865
-0.6471958;3.808554;1.795113;-19.82586
-0.6825995;3.598885;1.801934;-20.74744
-0.2961238;3.974285;1.790205;-9.392437
-0.4861619;3.239131;1.847694;-14.74144
-1.109886;3.876662;1.915256;-30.09219
-1.089122;3.797842;1.945305;-29.24325
-0.6062537;4;2.249981;-15.08011