ydiffs;heights;distances;angles
-2.001802;3.71088;1.469227;-53.72312
-1.094715;3.610879;1.383311;-38.35715
-1.253455;3.866627;1.959816;-32.60209
-1.87978;3.39992;1.844463;-45.54333
-1.719501;4;1.979421;-40.98048
-1.478887;3.807226;1.60587;-42.64277
-1.587822;3.854415;1.858503;-40.5091
1.055079;3.470321;1.828037;29.99205
0.3447023;3.685799;2.100659;9.318757