ydiffs;heights;distances;angles
-0.5486097;3.659683;2.181674;-14.11509
-0.4385678;3.683013;2.286217;-10.8592
-0.3619215;3.932567;1.925718;-10.64406
-0.1649833;3.066939;1.725617;-5.461351
-0.07235406;3.549566;1.591784;-2.602571
-0.09087367;4;2.220882;-2.343112
-0.2808731;3.547522;1.915453;-8.342136
-0.01716778;3.722188;1.976402;-0.4976803
0.1710044;3.33335;1.588416;6.144636