ydiffs;heights;distances;angles
-0.6933987;3.333891;2.103864;-18.24136
-0.4357514;3.784873;1.949635;-12.59878
0.1486725;3.442044;1.647324;5.157025
-0.2765441;3.549818;1.881148;-8.363047
-0.5920432;3.94655;2.057297;-16.05461
-0.4342666;3.07588;1.964821;-12.4632
-0.08612916;3.597326;1.733625;-2.844205
-0.1360461;3.571228;1.765419;-4.406599
-0.4452342;3.788445;2.224316;-11.31912