ydiffs;heights;distances;angles
-0.5155698;3.392588;2.171254;-13.35765
-0.3779626;3.45477;2.099474;-10.20549
-0.2977294;3.728767;1.883396;-8.983048
-0.4552953;3.535163;2.077538;-12.36103
-0.2619298;3.776921;1.956226;-7.626289
0.08893786;3.53533;1.765386;2.884049
0.0402033;3.714748;2.110375;1.09137
-0.1996855;3.340452;2.431068;-4.695676
-0.07175173;4;1.828461;-2.247225