ydiffs;heights;distances;angles
-0.2661973;3.627485;1.607353;-9.403531
-0.04186109;3.39829;2.250498;-1.065626
3.205624;3.589732;2.061684;57.25307
-1.894112;3.479148;2.553567;-36.56624
0.3799516;3.655622;2.100252;10.25434
0.5357061;4;2.106103;14.27106
-2.389442;3.719007;1.834573;-52.48356
-1.767252;4;2.16667;-39.20253
-1.655353;4;2.045957;-38.9758