ydiffs;heights;distances;angles
-1.627929;3.552244;1.811865;-41.93914
-1.658906;3.897683;2.098238;-38.33056
-1.524475;3.226533;2.041788;-36.7464
-0.7418528;3.419063;1.536317;-25.77485
-0.6357741;4;2.039333;-17.31518
-1.636477;3.779616;1.958252;-39.88492
-1.230954;3.631677;1.856464;-33.54691
-0.4144246;3.110107;2.196212;-10.68605
-0.4449725;3.39455;1.995219;-12.57232