ydiffs;heights;distances;angles
-0.9266229;3.347032;1.756803;-27.80934
-0.794179;3.529748;2.186908;-19.95857
-0.5171947;3.960696;1.941732;-14.91487
-0.5842139;3.359159;1.841897;-17.59802
-1.122383;4;2.118777;-27.91158
-1.163121;3.534788;2.013075;-30.01861
-0.6694832;3.80029;1.825137;-20.14368
-0.8732236;3.414799;1.84892;-25.28083
-1.606174;3.45714;1.975689;-39.11003