ydiffs;heights;distances;angles
-1.785718;3.599115;1.827833;-44.33226
-1.91664;3.478748;2.047415;-43.11048
-1.898327;4;1.376859;-54.04658
-1.536831;3.275076;2.486438;-31.7196
-1.663913;4;2.263056;-36.3252
0.8911123;3.616143;1.98641;24.16122
0.3292915;3.881559;1.772737;10.52294
-0.3408453;3.522003;1.961789;-9.856299
0.5871539;3.763894;1.905872;17.12282