ydiffs;heights;distances;angles
-0.05582139;3.023982;2.039914;-1.567484
0.01515121;3.909153;1.66328;0.5219063
-0.2780267;3.92387;2.223136;-7.128433
-0.199204;3.251835;1.472483;-7.704453
0.12138;3.9004;1.347818;5.145983
-0.0469135;3.5953;2.266683;-1.18568
-0.4343702;4;1.958664;-12.50404
-0.3973875;3.09021;2.004417;-11.21381
-0.09688351;3.755101;1.710051;-3.242645