ydiffs;heights;distances;angles
-0.4232121;4;2.390597;-10.03917
-0.5104229;3.118909;2.024379;-14.15148
-0.370981;3.940935;1.750596;-11.96493
0.11263;3.476518;1.928875;3.341794
0.09586135;3.794433;1.953628;2.809157
-0.1734152;3.49904;1.937662;-5.114183
-0.03640325;3.779375;2.178437;-0.9573648
0.2758766;4;1.616183;9.686823
0.2281382;3.112216;2.10662;6.180807