ydiffs;heights;distances;angles
1.292004;3.92859;2.003026;32.82307
-1.392985;3.666694;1.819298;-37.44025
0.3280101;3.726622;1.659787;11.17885
0.4907897;3.503126;2.338387;11.85341
-2.360047;3.737601;2.149223;-47.67684
-1.764621;3.436912;2.247567;-38.13634
-1.719544;4;1.847683;-42.94276
-1.697444;3.518305;2.068445;-39.37359
-1.116466;3.686051;1.982574;-29.38559