ydiffs;heights;distances;angles
-1.879027;3.203782;1.737139;-47.24696
-0.709987;3.584932;2.373682;-16.65234
-0.7486896;4;1.577894;-25.38371
-1.130753;3.44213;1.805223;-32.06215
-0.8507127;3.84395;2.249639;-20.71438
-0.3004029;3.34962;1.921085;-8.887457
-0.3672662;3.9496;1.873839;-11.08921
-0.7350039;3.677285;2.027677;-19.92486
-0.5340924;4;1.849221;-16.10979