ydiffs;heights;distances;angles
-1.268201;3.357114;2.26238;-29.27327
-0.564844;3.266195;1.936355;-16.26222
1.10119;3.511459;1.902493;30.06287
1.64256;3.361325;1.70482;43.93445
-1.36752;3.82139;1.853949;-36.41344
1.99922;3.535122;1.899401;46.46666
0.05260646;2.798903;2.081604;1.447675
-1.468164;3.548098;2.075628;-35.27309
-0.9452503;3.693721;2.266475;-22.63894