ydiffs;heights;distances;angles
-1.0837;2.998879;2.058578;-27.76373
-0.4965022;4;1.817473;-15.2794
-1.170581;3.399688;1.868535;-32.06591
-1.107363;3.590869;1.787597;-31.77698
-1.431999;3.482635;1.583427;-42.12515
-1.175472;3.796295;2.09224;-29.32834
-1.541281;4;1.486809;-46.03057
-1.230929;3.1579;2.316933;-27.98061
-1.585541;4;1.996256;-38.45861