ydiffs;heights;distances;angles
-2.009231;3.361594;1.999204;-45.14333
-1.793911;3.804151;1.839993;-44.27346
-1.737534;3.511991;1.93748;-41.88579
1.579708;4;1.684775;43.15657
-0.1464566;3.540176;1.63106;-5.130957
0.2218909;4;1.819852;6.951646
0.4564383;3.469724;2.480334;10.42708
0.1087845;3.937514;1.929642;3.226661
0.2211616;3.582051;2.088002;6.046237