ydiffs;heights;distances;angles
-0.3607306;3.264669;1.964926;-10.4028
-0.1065103;4;1.853489;-3.288872
-0.2826023;3.662813;1.484619;-10.77751
-0.08047625;3.737145;1.974624;-2.333811
-0.2443997;3.315156;1.692392;-8.217325
-0.1601849;3.916831;2.590974;-3.537762
-0.4181177;3.534046;2.316355;-10.2321
-0.2978458;3.372865;2.02841;-8.35345
-0.3068261;3.815188;1.766634;-9.852757