ydiffs;heights;distances;angles
-0.5804337;3.260117;2.049221;-15.81457
-0.1476227;3.761259;2.179612;-3.874661
-0.2627159;3.485319;2.297388;-6.523674
0.02853209;4;1.481689;1.103177
-0.1047615;3.539159;2.158991;-2.778006
-0.284224;3.227262;1.533315;-10.50148
-0.1214226;3.854242;2.185406;-3.180122
0.1449947;3.533429;2.225091;3.728322
0.1094992;3.256172;1.735144;3.610961