ydiffs;heights;distances;angles
-0.4708076;4;1.920867;-13.77179
1.518709;3.358137;1.812671;39.95727
-2.681186;3.474319;2.131764;-51.5124
-2.115129;3.857846;1.237298;-59.67342
-1.274086;3.66308;1.544868;-39.51314
-1.473973;4;1.981794;-36.64027
-1.337903;3.746304;1.790282;-36.77129
-1.471209;3.84551;1.586299;-42.8443
-1.037678;3.1873;1.49535;-34.75819