ydiffs;heights;distances;angles
-1.186978;3.805145;2.223672;-28.09293
-0.8905884;3.55846;1.458492;-31.40918
-0.8215382;4;1.463311;-29.31091
-0.677853;3.915766;2.03776;-18.3995
-0.632184;3.225281;1.661128;-20.83558
-0.5901881;3.999328;1.795315;-18.19766
-0.5293546;3.665713;2.326123;-12.82044
-0.5177765;3.455343;1.950474;-14.86695
-0.456063;3.565034;2.172417;-11.85613