ydiffs;heights;distances;angles
-0.5834038;3.77439;1.737359;-18.56201
-0.3802278;3.642017;1.870745;-11.48884
-0.5056791;3.347345;1.519736;-18.40442
-0.4578606;4;2.024192;-12.7455
-0.4495053;3.254666;1.985742;-12.75488
-0.5360031;4;1.990686;-15.06981
-0.5888654;3.502892;1.661576;-19.51442
-0.6060368;3.385119;1.630122;-20.39383
-0.6397303;3.509824;2.212648;-16.12587