{
    "name": "root",
    "gauges": {
        "Solver.Policy.Entropy.mean": {
            "value": 0.13492020964622498,
            "min": 0.0872441977262497,
            "max": 0.25957101583480835,
            "count": 1484
        },
        "Solver.Policy.Entropy.sum": {
            "value": 122.77738952636719,
            "min": 7.752964496612549,
            "max": 3188.830078125,
            "count": 1484
        },
        "Solver.Score.mean": {
            "value": 7.705882352941177,
            "min": 0.0748587570621469,
            "max": 9.7,
            "count": 1479
        },
        "Solver.Score.sum": {
            "value": 131.0,
            "min": 2.0,
            "max": 886.0,
            "count": 1479
        },
        "Solver.Environment.LessonNumber.aux_input.mean": {
            "value": 0.0,
            "min": 0.0,
            "max": 0.0,
            "count": 1482
        },
        "Solver.Environment.LessonNumber.aux_input.sum": {
            "value": 0.0,
            "min": 0.0,
            "max": 0.0,
            "count": 1482
        },
        "Solver.Episode.mean": {
            "value": 1.0,
            "min": 1.0,
            "max": 1.0,
            "count": 1247
        },
        "Solver.Episode.sum": {
            "value": 1.0,
            "min": 1.0,
            "max": 1.0,
            "count": 1247
        },
        "Solver.Environment.EpisodeLength.mean": {
            "value": 60.294117647058826,
            "min": 16.70689655172414,
            "max": 75.15384615384616,
            "count": 1479
        },
        "Solver.Environment.EpisodeLength.sum": {
            "value": 1025.0,
            "min": 22.0,
            "max": 6566.0,
            "count": 1479
        },
        "Solver.Step.mean": {
            "value": 1495966.0,
            "min": 989.0,
            "max": 1495966.0,
            "count": 1496
        },
        "Solver.Step.sum": {
            "value": 1495966.0,
            "min": 989.0,
            "max": 1495966.0,
            "count": 1496
        },
        "Solver.Policy.ExtrinsicValueEstimate.mean": {
            "value": 2.468757152557373,
            "min": 1.6551016569137573,
            "max": 3.2229397296905518,
            "count": 1496
        },
        "Solver.Policy.ExtrinsicValueEstimate.sum": {
            "value": 61.718929290771484,
            "min": 45.30602264404297,
            "max": 155.5418701171875,
            "count": 1496
        },
        "Solver.Environment.CumulativeReward.mean": {
            "value": 3.048461350110861,
            "min": 0.809999942779541,
            "max": 3.817954338409684,
            "count": 1478
        },
        "Solver.Environment.CumulativeReward.sum": {
            "value": 39.62999755144119,
            "min": 0.809999942779541,
            "max": 301.50998479127884,
            "count": 1478
        },
        "Solver.Policy.ExtrinsicReward.mean": {
            "value": 3.048461350110861,
            "min": 0.809999942779541,
            "max": 3.817954338409684,
            "count": 1478
        },
        "Solver.Policy.ExtrinsicReward.sum": {
            "value": 39.62999755144119,
            "min": 0.809999942779541,
            "max": 301.50998479127884,
            "count": 1478
        },
        "Solver.IsTraining.mean": {
            "value": 0.0,
            "min": 0.0,
            "max": 0.0,
            "count": 1496
        },
        "Solver.IsTraining.sum": {
            "value": 0.0,
            "min": 0.0,
            "max": 0.0,
            "count": 1496
        }
    },
    "metadata": {
        "timer_format_version": "0.1.0",
        "start_time_seconds": "1684002840",
        "python_version": "3.9.13 (tags/v3.9.13:6de2ca5, May 17 2022, 16:36:42) [MSC v.1929 64 bit (AMD64)]",
        "command_line_arguments": "C:\\Users\\Kevinn\\test_ml_env\\Scripts\\mlagents-learn inference.yaml --num-envs=10 --run-id=InferPCG_Const_1_aux_-0.5 --env=Z:\\Git\\Flappy_bird\\Builds\\Windows\\Inference\\Flappy_bird.exe --no-graphics --torch-device=cuda --time-scale=1 --inference --initialize-from=PCG_Const_1",
        "mlagents_version": "0.30.0",
        "mlagents_envs_version": "0.30.0",
        "communication_protocol_version": "1.5.0",
        "pytorch_version": "2.0.1+cu118",
        "numpy_version": "1.21.2",
        "end_time_seconds": "1684003851"
    },
    "total": 1010.2800698000001,
    "count": 1,
    "self": 3.4765354999999545,
    "children": {
        "run_training.setup": {
            "total": 2.1623226,
            "count": 1,
            "self": 2.1623226
        },
        "TrainerController.start_learning": {
            "total": 1004.6412117000001,
            "count": 1,
            "self": 1.876674699991213,
            "children": {
                "TrainerController._reset_env": {
                    "total": 7.332833300000001,
                    "count": 1,
                    "self": 7.332833300000001
                },
                "TrainerController.advance": {
                    "total": 995.431672800009,
                    "count": 30297,
                    "self": 5.603844200014009,
                    "children": {
                        "env_step": {
                            "total": 989.827828599995,
                            "count": 30297,
                            "self": 698.5465834000055,
                            "children": {
                                "SubprocessEnvManager._take_step": {
                                    "total": 290.06887350000056,
                                    "count": 42153,
                                    "self": 4.27057180000287,
                                    "children": {
                                        "TorchPolicy.evaluate": {
                                            "total": 285.7983016999977,
                                            "count": 23264,
                                            "self": 285.7983016999977
                                        }
                                    }
                                },
                                "workers": {
                                    "total": 1.2123716999889158,
                                    "count": 30296,
                                    "self": 0.0,
                                    "children": {
                                        "worker_root": {
                                            "total": 9991.590232299928,
                                            "count": 42143,
                                            "is_parallel": true,
                                            "self": 1308.1835419000126,
                                            "children": {
                                                "steps_from_proto": {
                                                    "total": 0.354893200000002,
                                                    "count": 10,
                                                    "is_parallel": true,
                                                    "self": 0.0047304999999981945,
                                                    "children": {
                                                        "_process_maybe_compressed_observation": {
                                                            "total": 0.33120420000000195,
                                                            "count": 20,
                                                            "is_parallel": true,
                                                            "self": 0.015246199999984,