{
    "name": "root",
    "gauges": {
        "Generator.Policy.Entropy.mean": {
            "value": 1.1962263584136963,
            "min": 1.1962263584136963,
            "max": 1.6403257846832275,
            "count": 189
        },
        "Generator.Policy.Entropy.sum": {
            "value": 1183.06787109375,
            "min": 1183.06787109375,
            "max": 1675.22900390625,
            "count": 189
        },
        "Generator.Environment.EpisodeLength.mean": {
            "value": 9.0,
            "min": 1.5012531328320802,
            "max": 9.0,
            "count": 189
        },
        "Generator.Environment.EpisodeLength.sum": {
            "value": 891.0,
            "min": 599.0,
            "max": 921.0,
            "count": 189
        },
        "Generator.Step.mean": {
            "value": 188996.0,
            "min": 994.0,
            "max": 188996.0,
            "count": 189
        },
        "Generator.Step.sum": {
            "value": 188996.0,
            "min": 994.0,
            "max": 188996.0,
            "count": 189
        },
        "Generator.Policy.ExtrinsicValueEstimate.mean": {
            "value": 1.7978355884552002,
            "min": -3.319227933883667,
            "max": 1.91148042678833,
            "count": 189
        },
        "Generator.Policy.ExtrinsicValueEstimate.sum": {
            "value": 179.78355407714844,
            "min": -1181.6451416015625,
            "max": 191.14804077148438,
            "count": 189
        },
        "Generator.Environment.CumulativeReward.mean": {
            "value": 0.45000001788139343,
            "min": 0.06619047817487017,
            "max": 0.45000001788139343,
            "count": 189
        },
        "Generator.Environment.CumulativeReward.sum": {
            "value": 45.00000178813934,
            "min": 26.4100007917732,
            "max": 45.290001809597015,
            "count": 189
        },
        "Generator.Policy.ExtrinsicReward.mean": {
            "value": 0.45000001788139343,
            "min": 0.06619047817487017,
            "max": 0.45000001788139343,
            "count": 189
        },
        "Generator.Policy.ExtrinsicReward.sum": {
            "value": 45.00000178813934,
            "min": 26.4100007917732,
            "max": 45.290001809597015,
            "count": 189
        },
        "Generator.IsTraining.mean": {
            "value": 1.0,
            "min": 1.0,
            "max": 1.0,
            "count": 189
        },
        "Generator.IsTraining.sum": {
            "value": 1.0,
            "min": 1.0,
            "max": 1.0,
            "count": 189
        },
        "Generator.Losses.PolicyLoss.mean": {
            "value": 0.0822422697286432,
            "min": 0.04536884059659011,
            "max": 0.09449678764212877,
            "count": 91
        },
        "Generator.Losses.PolicyLoss.sum": {
            "value": 0.0822422697286432,
            "min": 0.04536884059659011,
            "max": 0.09449678764212877,
            "count": 91
        },
        "Generator.Losses.ValueLoss.mean": {
            "value": 6.108922250784114e-05,
            "min": 6.108922250784114e-05,
            "max": 24.381140271822613,
            "count": 91
        },
        "Generator.Losses.ValueLoss.sum": {
            "value": 6.108922250784114e-05,
            "min": 6.108922250784114e-05,
            "max": 24.381140271822613,
            "count": 91
        },
        "Generator.Policy.LearningRate.mean": {
            "value": 0.0004994784375652,
            "min": 0.0004994784375652,
            "max": 0.0007966976004128001,
            "count": 91
        },
        "Generator.Policy.LearningRate.sum": {
            "value": 0.0004994784375652,
            "min": 0.0004994784375652,
            "max": 0.0007966976004128001,
            "count": 91
        },
        "Generator.Policy.Epsilon.mean": {
            "value": 0.16243480000000002,
            "min": 0.16243480000000002,
            "max": 0.19958720000000005,
            "count": 91
        },
        "Generator.Policy.Epsilon.sum": {
            "value": 0.16243480000000002,
            "min": 0.16243480000000002,
            "max": 0.19958720000000005,
            "count": 91
        },
        "Generator.Policy.Beta.mean": {
            "value": 0.0031254965200000003,
            "min": 0.0031254965200000003,
            "max": 0.00497940128,
            "count": 91
        },
        "Generator.Policy.Beta.sum": {
            "value": 0.0031254965200000003,
            "min": 0.0031254965200000003,
            "max": 0.00497940128,
            "count": 91
        }
    },
    "metadata": {
        "timer_format_version": "0.1.0",
        "start_time_seconds": "1682261578",
        "python_version": "3.9.2 (default, Feb 28 2021, 17:03:44) \n[GCC 10.2.1 20210110]",
        "command_line_arguments": "/home/bears_bears/Unity_env/bin/mlagents-learn ARLPCG.yaml --run-id G6 --force",
        "mlagents_version": "0.30.0",
        "mlagents_envs_version": "0.30.0",
        "communication_protocol_version": "1.5.0",
        "pytorch_version": "1.11.0+cu102",
        "numpy_version": "1.21.2",
        "end_time_seconds": "1682262069"
    },
    "total": 490.7469065639889,
    "count": 1,
    "self": 0.005997378000756726,
    "children": {
        "run_training.setup": {
            "total": 0.0368274390057195,
            "count": 1,
            "self": 0.0368274390057195
        },
        "TrainerController.start_learning": {
            "total": 490.7040817469824,
            "count": 1,
            "self": 0.49390541500179097,
            "children": {
                "TrainerController._reset_env": {
                    "total": 25.783280817995546,
                    "count": 1,
                    "self": 25.783280817995546
                },
                "TrainerController.advance": {
                    "total": 464.3422214129823,
                    "count": 12790,
                    "self": 0.5041413040598854,
                    "children": {
                        "env_step": {
                            "total": 302.99982826420455,
                            "count": 12790,
                            "self": 281.6577357474307,
                            "children": {
                                "SubprocessEnvManager._take_step": {
                                    "total": 21.08344089871389,
                                    "count": 12790,
                                    "self": 1.5125913930532988,
                                    "children": {
                                        "TorchPolicy.evaluate": {
                                            "total": 19.57084950566059,
                                            "count": 12790,
                                            "self": 19.57084950566059
                                        }
                                    }
                                },
                                "workers": {
                                    "total": 0.2586516180599574,
                                    "count": 12789,
                                    "self": 0.0,
                                    "children": {
                                        "worker_root": {
                                            "total": 489.980903667456,
                                            "count": 12789,
                                            "is_parallel": true,
                                            "self": 237.78116151530412,
                                            "children": {
                                                "run_training.setup": {
                                                    "total": 0.0,
                                                    "count": 0,
                                                    "is_parallel": true,
                                                    "self": 0.0,