{
    "name": "root",
    "gauges": {
        "Solver.Policy.Entropy.mean": {
            "value": 0.22188110649585724,
            "min": 0.1612360179424286,
            "max": 0.31609907746315,
            "count": 318
        },
        "Solver.Policy.Entropy.sum": {
            "value": 230.75634765625,
            "min": 10.480340957641602,
            "max": 4376.3916015625,
            "count": 318
        },
        "Solver.Score.mean": {
            "value": 7.375,
            "min": 0.053824362606232294,
            "max": 10.0,
            "count": 313
        },
        "Solver.Score.sum": {
            "value": 118.0,
            "min": 5.0,
            "max": 845.0,
            "count": 313
        },
        "Solver.Environment.LessonNumber.aux_input.mean": {
            "value": 0.0,
            "min": 0.0,
            "max": 0.0,
            "count": 317
        },
        "Solver.Environment.LessonNumber.aux_input.sum": {
            "value": 0.0,
            "min": 0.0,
            "max": 0.0,
            "count": 317
        },
        "Solver.Episode.mean": {
            "value": 1.0,
            "min": 1.0,
            "max": 1.0,
            "count": 251
        },
        "Solver.Episode.sum": {
            "value": 1.0,
            "min": 1.0,
            "max": 1.0,
            "count": 251
        },
        "Solver.Environment.EpisodeLength.mean": {
            "value": 60.1875,
            "min": 17.482142857142858,
            "max": 75.62295081967213,
            "count": 313
        },
        "Solver.Environment.EpisodeLength.sum": {
            "value": 963.0,
            "min": 47.0,
            "max": 6323.0,
            "count": 313
        },
        "Solver.Step.mean": {
            "value": 325990.0,
            "min": 991.0,
            "max": 325990.0,
            "count": 326
        },
        "Solver.Step.sum": {
            "value": 325990.0,
            "min": 991.0,
            "max": 325990.0,
            "count": 326
        },
        "Solver.Policy.ExtrinsicValueEstimate.mean": {
            "value": 2.3264353275299072,
            "min": 1.909722089767456,
            "max": 15.779382705688477,
            "count": 326
        },
        "Solver.Policy.ExtrinsicValueEstimate.sum": {
            "value": 53.50801086425781,
            "min": 39.639251708984375,
            "max": 744.9281005859375,
            "count": 326
        },
        "Solver.Environment.CumulativeReward.mean": {
            "value": 2.9673331061999004,
            "min": 0.8959259225262536,
            "max": 3.812499798834324,
            "count": 311
        },
        "Solver.Environment.CumulativeReward.sum": {
            "value": 44.509996592998505,
            "min": 1.6699998378753662,
            "max": 269.5499867796898,
            "count": 311
        },
        "Solver.Policy.ExtrinsicReward.mean": {
            "value": 2.9673331061999004,
            "min": 0.8959259225262536,
            "max": 3.812499798834324,
            "count": 311
        },
        "Solver.Policy.ExtrinsicReward.sum": {
            "value": 44.509996592998505,
            "min": 1.6699998378753662,
            "max": 269.5499867796898,
            "count": 311
        },
        "Solver.IsTraining.mean": {
            "value": 0.0,
            "min": 0.0,
            "max": 0.0,
            "count": 326
        },
        "Solver.IsTraining.sum": {
            "value": 0.0,
            "min": 0.0,
            "max": 0.0,
            "count": 326
        }
    },
    "metadata": {
        "timer_format_version": "0.1.0",
        "start_time_seconds": "1683981030",
        "python_version": "3.9.13 (tags/v3.9.13:6de2ca5, May 17 2022, 16:36:42) [MSC v.1929 64 bit (AMD64)]",
        "command_line_arguments": "C:\\Users\\Kevinn\\test_ml_env\\Scripts\\mlagents-learn inference.yaml --num-envs=10 --run-id=InferCurr42d_-0.5 --env=Z:\\Git\\Flappy_bird\\Builds\\Windows\\Inference\\Flappy_bird.exe --no-graphics --torch-device=cuda --time-scale=1 --inference --initialize-from=Curr42d --force",
        "mlagents_version": "0.30.0",
        "mlagents_envs_version": "0.30.0",
        "communication_protocol_version": "1.5.0",
        "pytorch_version": "2.0.1+cu118",
        "numpy_version": "1.21.2",
        "end_time_seconds": "1683981348"
    },
    "total": 317.8447343,
    "count": 1,
    "self": 3.865956600000004,
    "children": {
        "run_training.setup": {
            "total": 2.9896665999999996,
            "count": 1,
            "self": 2.9896665999999996
        },
        "TrainerController.start_learning": {
            "total": 310.9891111,
            "count": 1,
            "self": 0.538418900001659,
            "children": {
                "TrainerController._reset_env": {
                    "total": 9.123183000000001,
                    "count": 1,
                    "self": 9.123183000000001
                },
                "TrainerController.advance": {
                    "total": 301.3274634999983,
                    "count": 7018,
                    "self": 5.3919588999995085,
                    "children": {
                        "env_step": {
                            "total": 295.9355045999988,
                            "count": 7018,
                            "self": 229.77094650000004,
                            "children": {
                                "SubprocessEnvManager._take_step": {
                                    "total": 65.86747809999954,
                                    "count": 9214,
                                    "self": 1.1276838999991696,
                                    "children": {
                                        "TorchPolicy.evaluate": {
                                            "total": 64.73979420000038,
                                            "count": 5275,
                                            "self": 64.73979420000038
                                        }
                                    }
                                },
                                "workers": {
                                    "total": 0.29707999999924084,
                                    "count": 7017,
                                    "self": 0.0,
                                    "children": {
                                        "worker_root": {
                                            "total": 3045.9369254000044,
                                            "count": 9204,
                                            "is_parallel": true,
                                            "self": 424.67792620001364,
                                            "children": {
                                                "steps_from_proto": {
                                                    "total": 0.42459950000000024,
                                                    "count": 10,
                                                    "is_parallel": true,
                                                    "self": 0.005570299999998696,
                                                    "children": {
                                                        "_process_maybe_compressed_observation": {
                                                            "total": 0.3979196999999992,
                                                            "count": 20,
                                                            "is_parallel": true,
                                                            "self": 0.018480199999985736,