{
    "name": "root",
    "gauges": {
        "Solver.Policy.Entropy.mean": {
            "value": 0.21955174207687378,
            "min": 0.16998836398124695,
            "max": 0.29934996366500854,
            "count": 1478
        },
        "Solver.Policy.Entropy.sum": {
            "value": 199.79208374023438,
            "min": 13.0679931640625,
            "max": 4641.31396484375,
            "count": 1478
        },
        "Solver.Score.mean": {
            "value": 7.733333333333333,
            "min": 0.0,
            "max": 10.0,
            "count": 1471
        },
        "Solver.Score.sum": {
            "value": 116.0,
            "min": 0.0,
            "max": 933.0,
            "count": 1471
        },
        "Solver.Episode.mean": {
            "value": 1.0,
            "min": 1.0,
            "max": 1.0,
            "count": 1203
        },
        "Solver.Episode.sum": {
            "value": 1.0,
            "min": 1.0,
            "max": 1.0,
            "count": 1203
        },
        "Solver.Environment.LessonNumber.aux_input.mean": {
            "value": 0.0,
            "min": 0.0,
            "max": 0.0,
            "count": 1474
        },
        "Solver.Environment.LessonNumber.aux_input.sum": {
            "value": 0.0,
            "min": 0.0,
            "max": 0.0,
            "count": 1474
        },
        "Solver.Environment.EpisodeLength.mean": {
            "value": 61.0,
            "min": 14.0,
            "max": 77.0,
            "count": 1471
        },
        "Solver.Environment.EpisodeLength.sum": {
            "value": 915.0,
            "min": 14.0,
            "max": 6920.0,
            "count": 1471
        },
        "Solver.Step.mean": {
            "value": 1485957.0,
            "min": 998.0,
            "max": 1485957.0,
            "count": 1486
        },
        "Solver.Step.sum": {
            "value": 1485957.0,
            "min": 998.0,
            "max": 1485957.0,
            "count": 1486
        },
        "Solver.Policy.ExtrinsicValueEstimate.mean": {
            "value": 2.2471463680267334,
            "min": 1.9331049919128418,
            "max": 13.990575790405273,
            "count": 1486
        },
        "Solver.Policy.ExtrinsicValueEstimate.sum": {
            "value": 56.17866134643555,
            "min": 40.311851501464844,
            "max": 676.2421875,
            "count": 1486
        },
        "Solver.Environment.CumulativeReward.mean": {
            "value": 3.024374797940254,
            "min": 0.7500000596046448,
            "max": 3.792222063574526,
            "count": 1470
        },
        "Solver.Environment.CumulativeReward.sum": {
            "value": 48.38999676704407,
            "min": 0.7500000596046448,
            "max": 304.01998311281204,
            "count": 1470
        },
        "Solver.Policy.ExtrinsicReward.mean": {
            "value": 3.024374797940254,
            "min": 0.7500000596046448,
            "max": 3.792222063574526,
            "count": 1470
        },
        "Solver.Policy.ExtrinsicReward.sum": {
            "value": 48.38999676704407,
            "min": 0.7500000596046448,
            "max": 304.01998311281204,
            "count": 1470
        },
        "Solver.IsTraining.mean": {
            "value": 0.0,
            "min": 0.0,
            "max": 0.0,
            "count": 1486
        },
        "Solver.IsTraining.sum": {
            "value": 0.0,
            "min": 0.0,
            "max": 0.0,
            "count": 1486
        }
    },
    "metadata": {
        "timer_format_version": "0.1.0",
        "start_time_seconds": "1683986046",
        "python_version": "3.9.13 (tags/v3.9.13:6de2ca5, May 17 2022, 16:36:42) [MSC v.1929 64 bit (AMD64)]",
        "command_line_arguments": "C:\\Users\\Kevinn\\test_ml_env\\Scripts\\mlagents-learn inference.yaml --num-envs=10 --run-id=InferCurr42d_-0.5 --env=Z:\\Git\\Flappy_bird\\Builds\\Windows\\Inference\\Flappy_bird.exe --no-graphics --torch-device=cuda --time-scale=1 --inference --initialize-from=Curr42d --force",
        "mlagents_version": "0.30.0",
        "mlagents_envs_version": "0.30.0",
        "communication_protocol_version": "1.5.0",
        "pytorch_version": "2.0.1+cu118",
        "numpy_version": "1.21.2",
        "end_time_seconds": "1683987072"
    },
    "total": 1025.8477841,
    "count": 1,
    "self": 3.684528900000032,
    "children": {
        "run_training.setup": {
            "total": 2.1774481000000003,
            "count": 1,
            "self": 2.1774481000000003
        },
        "TrainerController.start_learning": {
            "total": 1019.9858070999999,
            "count": 1,
            "self": 1.942360800001211,
            "children": {
                "TrainerController._reset_env": {
                    "total": 6.6970578000000005,
                    "count": 1,
                    "self": 6.6970578000000005
                },
                "TrainerController.advance": {
                    "total": 1011.3463537999988,
                    "count": 29725,
                    "self": 4.0314226999934135,
                    "children": {
                        "env_step": {
                            "total": 1007.3149311000054,
                            "count": 29725,
                            "self": 734.4566134000042,
                            "children": {
                                "SubprocessEnvManager._take_step": {
                                    "total": 271.6345039000047,
                                    "count": 41356,
                                    "self": 4.635329900007719,
                                    "children": {
                                        "TorchPolicy.evaluate": {
                                            "total": 266.99917399999697,
                                            "count": 23146,
                                            "self": 266.99917399999697
                                        }
                                    }
                                },
                                "workers": {
                                    "total": 1.2238137999964813,
                                    "count": 29724,
                                    "self": 0.0,
                                    "children": {
                                        "worker_root": {
                                            "total": 10151.225709899943,
                                            "count": 41346,
                                            "is_parallel": true,
                                            "self": 1242.3821821999172,
                                            "children": {
                                                "steps_from_proto": {
                                                    "total": 0.32742629999999906,
                                                    "count": 10,
                                                    "is_parallel": true,
                                                    "self": 0.005321399999997922,
                                                    "children": {
                                                        "_process_maybe_compressed_observation": {
                                                            "total": 0.30213020000000324,
                                                            "count": 20,
                                                            "is_parallel": true,
                                                            "self": 0.015155099999996757,