{
    "name": "root",
    "gauges": {
        "FlappyBird.Policy.Entropy.mean": {
            "value": 0.10953445732593536,
            "min": 0.07684594392776489,
            "max": 0.6890628337860107,
            "count": 500
        },
        "FlappyBird.Policy.Entropy.sum": {
            "value": 101.2098388671875,
            "min": 70.13542175292969,
            "max": 776.1331787109375,
            "count": 500
        },
        "FlappyBird.Environment.EpisodeLength.mean": {
            "value": 77.875,
            "min": 16.767857142857142,
            "max": 106.71428571428571,
            "count": 500
        },
        "FlappyBird.Environment.EpisodeLength.sum": {
            "value": 623.0,
            "min": 586.0,
            "max": 1369.0,
            "count": 500
        },
        "FlappyBird.Step.mean": {
            "value": 499975.0,
            "min": 982.0,
            "max": 499975.0,
            "count": 500
        },
        "FlappyBird.Step.sum": {
            "value": 499975.0,
            "min": 982.0,
            "max": 499975.0,
            "count": 500
        },
        "FlappyBird.Policy.ExtrinsicValueEstimate.mean": {
            "value": 11.447160720825195,
            "min": -4.22274112701416,
            "max": 11.651436805725098,
            "count": 500
        },
        "FlappyBird.Policy.ExtrinsicValueEstimate.sum": {
            "value": 228.94320678710938,
            "min": -219.58255004882812,
            "max": 293.8201599121094,
            "count": 500
        },
        "FlappyBird.Environment.CumulativeReward.mean": {
            "value": 16.77777777777778,
            "min": -4.923076923076923,
            "max": 23.0,
            "count": 500
        },
        "FlappyBird.Environment.CumulativeReward.sum": {
            "value": 151.0,
            "min": -277.0,
            "max": 269.0,
            "count": 500
        },
        "FlappyBird.Policy.ExtrinsicReward.mean": {
            "value": 16.77777777777778,
            "min": -4.923076923076923,
            "max": 23.0,
            "count": 500
        },
        "FlappyBird.Policy.ExtrinsicReward.sum": {
            "value": 151.0,
            "min": -277.0,
            "max": 269.0,
            "count": 500
        },
        "FlappyBird.IsTraining.mean": {
            "value": 1.0,
            "min": 1.0,
            "max": 1.0,
            "count": 500
        },
        "FlappyBird.IsTraining.sum": {
            "value": 1.0,
            "min": 1.0,
            "max": 1.0,
            "count": 500
        },
        "FlappyBird.Losses.PolicyLoss.mean": {
            "value": 0.06530337148190786,
            "min": 0.049553713761270046,
            "max": 0.14569014440833902,
            "count": 240
        },
        "FlappyBird.Losses.PolicyLoss.sum": {
            "value": 0.06530337148190786,
            "min": 0.049553713761270046,
            "max": 0.14569014440833902,
            "count": 240
        },
        "FlappyBird.Losses.ValueLoss.mean": {
            "value": 3.184109943608443,
            "min": 0.1978582233811418,
            "max": 18.835260570049286,
            "count": 240
        },
        "FlappyBird.Losses.ValueLoss.sum": {
            "value": 3.184109943608443,
            "min": 0.1978582233811418,
            "max": 18.835260570049286,
            "count": 240
        },
        "FlappyBird.Policy.LearningRate.mean": {
            "value": 8.560999143999678e-07,
            "min": 8.560999143999678e-07,
            "max": 0.0009958600004139999,
            "count": 240
        },
        "FlappyBird.Policy.LearningRate.sum": {
            "value": 8.560999143999678e-07,
            "min": 8.560999143999678e-07,
            "max": 0.0009958600004139999,
            "count": 240
        },
        "FlappyBird.Policy.Epsilon.mean": {
            "value": 0.1000856,
            "min": 0.1000856,
            "max": 0.199586,
            "count": 240
        },
        "FlappyBird.Policy.Epsilon.sum": {
            "value": 0.1000856,
            "min": 0.1000856,
            "max": 0.199586,
            "count": 240
        },
        "FlappyBird.Policy.Beta.mean": {
            "value": 1.427143999999984e-05,
            "min": 1.427143999999984e-05,
            "max": 0.0049793414,
            "count": 240
        },
        "FlappyBird.Policy.Beta.sum": {
            "value": 1.427143999999984e-05,
            "min": 1.427143999999984e-05,
            "max": 0.0049793414,
            "count": 240
        }
    },
    "metadata": {
        "timer_format_version": "0.1.0",
        "start_time_seconds": "1679856679",
        "python_version": "3.9.2 (default, Feb 28 2021, 17:03:44) \n[GCC 10.2.1 20210110]",
        "command_line_arguments": "/home/bears_bears/Unity_env/bin/mlagents-learn trainer_config_hardcore.yaml --run-id FlappyBird-v2-Obs9-1-nomemory --force --time-scale 20",
        "mlagents_version": "0.30.0",
        "mlagents_envs_version": "0.30.0",
        "communication_protocol_version": "1.5.0",
        "pytorch_version": "1.11.0+cu102",
        "numpy_version": "1.21.2",
        "end_time_seconds": "1679857876"
    },
    "total": 1196.6263201140027,
    "count": 1,
    "self": 0.17677241600176785,
    "children": {
        "run_training.setup": {
            "total": 0.035065463998762425,
            "count": 1,
            "self": 0.035065463998762425
        },
        "TrainerController.start_learning": {
            "total": 1196.4144822340022,
            "count": 1,
            "self": 1.7238458985666512,
            "children": {
                "TrainerController._reset_env": {
                    "total": 50.31017614599841,
                    "count": 1,
                    "self": 50.31017614599841
                },
                "TrainerController.advance": {
                    "total": 1144.2492708164427,
                    "count": 47244,
                    "self": 1.8273482838631026,
                    "children": {
                        "env_step": {
                            "total": 852.3913950770948,
                            "count": 47244,
                            "self": 743.5229840064349,
                            "children": {
                                "SubprocessEnvManager._take_step": {
                                    "total": 107.90087832119025,
                                    "count": 47244,
                                    "self": 5.146433213492855,
                                    "children": {
                                        "TorchPolicy.evaluate": {
                                            "total": 102.75444510769739,
                                            "count": 41688,
                                            "self": 102.75444510769739
                                        }
                                    }
                                },
                                "workers": {
                                    "total": 0.967532749469683,
                                    "count": 47244,
                                    "self": 0.0,
                                    "children": {
                                        "worker_root": {
                                            "total": 1193.0905580674225,
                                            "count": 47244,
                                            "is_parallel": true,
                                            "self": 540.6280787319774,
                                            "children": {
                                                "run_training.setup": {
                                                    "total": 0.0,
                                                    "count": 0,
                                                    "is_parallel": true,
                                                    "self": 0.0,