{
    "name": "root",
    "gauges": {
        "FlappyBird.Policy.Entropy.mean": {
            "value": 0.03784996271133423,
            "min": 0.0290526170283556,
            "max": 0.6899635195732117,
            "count": 500
        },
        "FlappyBird.Policy.Entropy.sum": {
            "value": 38.15276336669922,
            "min": 27.541881561279297,
            "max": 753.440185546875,
            "count": 500
        },
        "FlappyBird.Environment.EpisodeLength.mean": {
            "value": 66.83333333333333,
            "min": 10.563218390804598,
            "max": 87.61538461538461,
            "count": 500
        },
        "FlappyBird.Environment.EpisodeLength.sum": {
            "value": 802.0,
            "min": 604.0,
            "max": 1352.0,
            "count": 500
        },
        "FlappyBird.Step.mean": {
            "value": 499995.0,
            "min": 990.0,
            "max": 499995.0,
            "count": 500
        },
        "FlappyBird.Step.sum": {
            "value": 499995.0,
            "min": 990.0,
            "max": 499995.0,
            "count": 500
        },
        "FlappyBird.Policy.ExtrinsicValueEstimate.mean": {
            "value": 2.931088924407959,
            "min": -0.9304597973823547,
            "max": 3.1043834686279297,
            "count": 500
        },
        "FlappyBird.Policy.ExtrinsicValueEstimate.sum": {
            "value": 61.5528678894043,
            "min": -63.27126693725586,
            "max": 76.98384857177734,
            "count": 500
        },
        "FlappyBird.Environment.CumulativeReward.mean": {
            "value": 5.25,
            "min": -1.0,
            "max": 7.285714285714286,
            "count": 500
        },
        "FlappyBird.Environment.CumulativeReward.sum": {
            "value": 63.0,
            "min": -86.0,
            "max": 102.0,
            "count": 500
        },
        "FlappyBird.Policy.ExtrinsicReward.mean": {
            "value": 5.25,
            "min": -1.0,
            "max": 7.285714285714286,
            "count": 500
        },
        "FlappyBird.Policy.ExtrinsicReward.sum": {
            "value": 63.0,
            "min": -86.0,
            "max": 102.0,
            "count": 500
        },
        "FlappyBird.Losses.PolicyLoss.mean": {
            "value": 0.5189913541738255,
            "min": 0.4015720680209936,
            "max": 1.9053753602738475,
            "count": 377
        },
        "FlappyBird.Losses.PolicyLoss.sum": {
            "value": 0.5189913541738255,
            "min": 0.4015720680209936,
            "max": 3.810750720547695,
            "count": 377
        },
        "FlappyBird.Losses.ValueLoss.mean": {
            "value": 1.4502589950958888,
            "min": 0.004142206145237045,
            "max": 2.1029285800953708,
            "count": 377
        },
        "FlappyBird.Losses.ValueLoss.sum": {
            "value": 1.4502589950958888,
            "min": 0.00828441229047409,
            "max": 2.1029285800953708,
            "count": 377
        },
        "FlappyBird.Policy.LearningRate.mean": {
            "value": 5.508998163999846e-07,
            "min": 5.508998163999846e-07,
            "max": 0.00029965380011539997,
            "count": 377
        },
        "FlappyBird.Policy.LearningRate.sum": {
            "value": 5.508998163999846e-07,
            "min": 5.508998163999846e-07,
            "max": 0.0005993076002307999,
            "count": 377
        },
        "FlappyBird.Policy.Epsilon.mean": {
            "value": 0.1001836,
            "min": 0.1001836,
            "max": 0.19988460000000002,
            "count": 377
        },
        "FlappyBird.Policy.Epsilon.sum": {
            "value": 0.1001836,
            "min": 0.1001836,
            "max": 0.39976920000000005,
            "count": 377
        },
        "FlappyBird.Policy.Beta.mean": {
            "value": 1.916163999999975e-05,
            "min": 1.916163999999975e-05,
            "max": 0.0049942415399999995,
            "count": 377
        },
        "FlappyBird.Policy.Beta.sum": {
            "value": 1.916163999999975e-05,
            "min": 1.916163999999975e-05,
            "max": 0.009988483079999999,
            "count": 377
        },
        "FlappyBird.IsTraining.mean": {
            "value": 1.0,
            "min": 1.0,
            "max": 1.0,
            "count": 500
        },
        "FlappyBird.IsTraining.sum": {
            "value": 1.0,
            "min": 1.0,
            "max": 1.0,
            "count": 500
        }
    },
    "metadata": {
        "timer_format_version": "0.1.0",
        "start_time_seconds": "1679742055",
        "python_version": "3.9.2 (default, Feb 28 2021, 17:03:44) \n[GCC 10.2.1 20210110]",
        "command_line_arguments": "/home/bears_bears/Unity_env/bin/mlagents-learn trainer_config.yaml --run-id FlappyBird-v1-Obs9-8_newReward --time-scale 20 --force",
        "mlagents_version": "0.30.0",
        "mlagents_envs_version": "0.30.0",
        "communication_protocol_version": "1.5.0",
        "pytorch_version": "1.11.0+cu102",
        "numpy_version": "1.21.2",
        "end_time_seconds": "1679743151"
    },
    "total": 1095.9820238179964,
    "count": 1,
    "self": 0.03649794300145004,
    "children": {
        "run_training.setup": {
            "total": 0.03537074899941217,
            "count": 1,
            "self": 0.03537074899941217
        },
        "TrainerController.start_learning": {
            "total": 1095.9101551259955,
            "count": 1,
            "self": 1.5586795984127093,
            "children": {
                "TrainerController._reset_env": {
                    "total": 16.39563779799937,
                    "count": 1,
                    "self": 16.39563779799937
                },
                "TrainerController.advance": {
                    "total": 1077.8018648305806,
                    "count": 48983,
                    "self": 1.6953606372044305,
                    "children": {
                        "env_step": {
                            "total": 694.4123784052645,
                            "count": 48983,
                            "self": 577.1075521488165,
                            "children": {
                                "SubprocessEnvManager._take_step": {
                                    "total": 116.40885313155741,
                                    "count": 48983,
                                    "self": 5.537094166145835,
                                    "children": {
                                        "TorchPolicy.evaluate": {
                                            "total": 110.87175896541157,
                                            "count": 41688,
                                            "self": 110.87175896541157
                                        }
                                    }
                                },
                                "workers": {
                                    "total": 0.8959731248905882,
                                    "count": 48983,
                                    "self": 0.0,
                                    "children": {
                                        "worker_root": {
                                            "total": 1093.4764934961568,
                                            "count": 48983,
                                            "is_parallel": true,
                                            "self": 602.308960676397,
                                            "children": {
                                                "run_training.setup": {
                                                    "total": 0.0,
                                                    "count": 0,
                                                    "is_parallel": true,
                                                    "self": 0.0,