{"count":1,"self":107.02371839999999,"total":5506.6399818,"children":{"InitializeActuators":{"count":2,"self":0.0025058999999999997,"total":0.0025058999999999997,"children":null},"InitializeSensors":{"count":2,"self":0.0199454,"total":0.0199454,"children":null},"AgentInfo.ToProto":{"count":2016,"self":0.0041128,"total":0.039007599999999996,"children":{"GenerateSensorData":{"count":2016,"self":0.030904599999999997,"total":0.0348948,"children":{"RayPerceptionSensor.Perceive":{"count":2016,"self":0.0039902,"total":0.0039902,"children":null}}}}},"AgentSendState":{"count":388367,"self":2.8886252,"total":5.1288035999999995,"children":{"CollectObservations":{"count":86612,"self":0.3346961,"total":0.3346961,"children":null},"WriteActionMask":{"count":86612,"self":0.050543199999999996,"total":0.050543199999999996,"children":null},"RequestDecision":{"count":86612,"self":0.1314571,"total":1.8549391,"children":{"AgentInfo.ToProto":{"count":86612,"self":0.3088784,"total":1.723482,"children":{"GenerateSensorData":{"count":86612,"self":1.2333018999999998,"total":1.4146036,"children":{"RayPerceptionSensor.Perceive":{"count":86612,"self":0.18130169999999998,"total":0.18130169999999998,"children":null}}}}}}}}},"DecideAction":{"count":388367,"self":5392.4859903999995,"total":5392.4861462,"children":null},"AgentAct":{"count":388367,"self":1.8211648,"total":1.8211648,"children":null}},"gauges":{"Generator.CumulativeReward":{"count":1013,"max":13.4999971,"min":-2,"runningAverage":10.3599176,"value":10.499999,"weightedAverage":10.4999981},"Solver.CumulativeReward":{"count":1003,"max":2.052503,"min":-1.99849975,"runningAverage":1.61917627,"value":2.04750276,"weightedAverage":2.04683948}},"metadata":{"timer_format_version":"0.1.0","start_time_seconds":"1683050160","unity_version":"2022.2.11f1","command_line_arguments":"Z:\\Git\\Flappy_bird\\Builds\\Windows\\Curr17\\Flappy_bird.exe -nographics -batchmode --mlagents-port 5009 -logFile Z:\\Git\\Flappy_bird\\TrainerConfig\\results\\Curr17\\run_logs\\Player-4.log","communication_protocol_version":"1.5.0","com.unity.ml-agents_version":"2.0.1","scene_name":"Inference","end_time_seconds":"1683055667"}}