{"count":1,"self":54.696928,"total":3668.2606849999997,"children":{"InitializeActuators":{"count":2,"self":0.0039898,"total":0.0039898,"children":null},"InitializeSensors":{"count":2,"self":0.0039895999999999994,"total":0.0039895999999999994,"children":null},"AgentInfo.ToProto":{"count":5514,"self":0.0198755,"total":0.0999127,"children":{"GenerateSensorData":{"count":5514,"self":0.0750812,"total":0.0800372,"children":{"RayPerceptionSensor.Perceive":{"count":2753,"self":0.0049559999999999995,"total":0.0049559999999999995,"children":null}}}}},"AgentSendState":{"count":225109,"self":1.6261230999999998,"total":3.0091137999999997,"children":{"CollectObservations":{"count":55449,"self":0.19510719999999998,"total":0.19510719999999998,"children":null},"WriteActionMask":{"count":55449,"self":0.0250899,"total":0.0250899,"children":null},"RequestDecision":{"count":55449,"self":0.0767033,"total":1.1627935999999999,"children":{"AgentInfo.ToProto":{"count":55449,"self":0.20544479999999998,"total":1.0860903,"children":{"GenerateSensorData":{"count":55449,"self":0.7958261,"total":0.8806455,"children":{"RayPerceptionSensor.Perceive":{"count":45022,"self":0.084819399999999989,"total":0.084819399999999989,"children":null}}}}}}}}},"DecideAction":{"count":225109,"self":3608.6931455999998,"total":3608.6933466,"children":null},"AgentAct":{"count":225109,"self":1.7514075999999998,"total":1.7514075,"children":null}},"gauges":{"Generator.CumulativeReward":{"count":2761,"max":5.69003534,"min":-0.11,"runningAverage":0.425958067,"value":-0.0100000128,"weightedAverage":0.329800427},"Solver.CumulativeReward":{"count":2753,"max":2.56079364,"min":-1.9981997,"runningAverage":0.08576266,"value":0.205800056,"weightedAverage":-0.100275911}},"metadata":{"timer_format_version":"0.1.0","start_time_seconds":"1682952415","unity_version":"2022.2.11f1","command_line_arguments":"Z:\\Git\\Flappy_bird\\Builds\\Windows\\Curr7\\Flappy_bird.exe -nographics -batchmode --mlagents-port 5007 -logFile Z:\\Git\\Flappy_bird\\TrainerConfig\\results\\curr8_GPU\\run_logs\\Player-2.log","communication_protocol_version":"1.5.0","com.unity.ml-agents_version":"2.0.1","scene_name":"Inference","end_time_seconds":"1682956083"}}