{
    "name": "root",
    "gauges": {
        "Solver.Policy.Entropy.mean": {
            "value": 0.14324770867824554,
            "min": 0.10822136700153351,
            "max": 0.2622588872909546,
            "count": 3161
        },
        "Solver.Policy.Entropy.sum": {
            "value": 176.91091918945312,
            "min": 7.598745346069336,
            "max": 3312.01513671875,
            "count": 3161
        },
        "Solver.Score.mean": {
            "value": 8.130434782608695,
            "min": 0.07275320970042796,
            "max": 10.0,
            "count": 3156
        },
        "Solver.Score.sum": {
            "value": 187.0,
            "min": 4.0,
            "max": 651.0,
            "count": 3156
        },
        "Solver.Environment.LessonNumber.aux_input.mean": {
            "value": 0.0,
            "min": 0.0,
            "max": 0.0,
            "count": 3156
        },
        "Solver.Environment.LessonNumber.aux_input.sum": {
            "value": 0.0,
            "min": 0.0,
            "max": 0.0,
            "count": 3156
        },
        "Solver.Episode.mean": {
            "value": 1.0,
            "min": 1.0,
            "max": 1.0,
            "count": 2603
        },
        "Solver.Episode.sum": {
            "value": 1.0,
            "min": 1.0,
            "max": 1.0,
            "count": 2603
        },
        "Solver.Environment.EpisodeLength.mean": {
            "value": 65.82608695652173,
            "min": 19.45098039215686,
            "max": 78.66666666666667,
            "count": 3156
        },
        "Solver.Environment.EpisodeLength.sum": {
            "value": 1514.0,
            "min": 34.0,
            "max": 5267.0,
            "count": 3156
        },
        "Solver.Step.mean": {
            "value": 3172973.0,
            "min": 998.0,
            "max": 3172973.0,
            "count": 3173
        },
        "Solver.Step.sum": {
            "value": 3172973.0,
            "min": 998.0,
            "max": 3172973.0,
            "count": 3173
        },
        "Solver.Policy.ExtrinsicValueEstimate.mean": {
            "value": 2.4653899669647217,
            "min": 1.8454844951629639,
            "max": 3.4840190410614014,
            "count": 3173
        },
        "Solver.Policy.ExtrinsicValueEstimate.sum": {
            "value": 76.42708587646484,
            "min": 47.22132110595703,
            "max": 161.89474487304688,
            "count": 3173
        },
        "Solver.Environment.CumulativeReward.mean": {
            "value": 3.4321737043235614,
            "min": 0.991836708419177,
            "max": 4.188749801367521,
            "count": 3155
        },
        "Solver.Environment.CumulativeReward.sum": {
            "value": 78.93999519944191,
            "min": 1.749999761581421,
            "max": 218.5899866744876,
            "count": 3155
        },
        "Solver.Policy.ExtrinsicReward.mean": {
            "value": 3.4321737043235614,
            "min": 0.991836708419177,
            "max": 4.188749801367521,
            "count": 3155
        },
        "Solver.Policy.ExtrinsicReward.sum": {
            "value": 78.93999519944191,
            "min": 1.749999761581421,
            "max": 218.5899866744876,
            "count": 3155
        },
        "Solver.IsTraining.mean": {
            "value": 0.0,
            "min": 0.0,
            "max": 0.0,
            "count": 3173
        },
        "Solver.IsTraining.sum": {
            "value": 0.0,
            "min": 0.0,
            "max": 0.0,
            "count": 3173
        }
    },
    "metadata": {
        "timer_format_version": "0.1.0",
        "start_time_seconds": "1684000657",
        "python_version": "3.9.13 (tags/v3.9.13:6de2ca5, May 17 2022, 16:36:42) [MSC v.1929 64 bit (AMD64)]",
        "command_line_arguments": "C:\\Users\\Kevinn\\test_ml_env\\Scripts\\mlagents-learn inference.yaml --num-envs=10 --run-id=InferPCG_Const_1_aux_0.5 --env=Z:\\Git\\Flappy_bird\\Builds\\Windows\\Inference\\Flappy_bird.exe --no-graphics --torch-device=cuda --time-scale=1 --inference --initialize-from=PCG_Const_1",
        "mlagents_version": "0.30.0",
        "mlagents_envs_version": "0.30.0",
        "communication_protocol_version": "1.5.0",
        "pytorch_version": "2.0.1+cu118",
        "numpy_version": "1.21.2",
        "end_time_seconds": "1684002744"
    },
    "total": 2087.0963054,
    "count": 1,
    "self": 3.4484833000001345,
    "children": {
        "run_training.setup": {
            "total": 2.2590204000000003,
            "count": 1,
            "self": 2.2590204000000003
        },
        "TrainerController.start_learning": {
            "total": 2081.3888017,
            "count": 1,
            "self": 3.9282173000046896,
            "children": {
                "TrainerController._reset_env": {
                    "total": 7.043242799999999,
                    "count": 1,
                    "self": 7.043242799999999
                },
                "TrainerController.advance": {
                    "total": 2070.4173114999953,
                    "count": 63960,
                    "self": 10.074182999979257,
                    "children": {
                        "env_step": {
                            "total": 2060.343128500016,
                            "count": 63960,
                            "self": 1458.878446599977,
                            "children": {
                                "SubprocessEnvManager._take_step": {
                                    "total": 599.0268088000352,
                                    "count": 87320,
                                    "self": 9.303229900076758,
                                    "children": {
                                        "TorchPolicy.evaluate": {
                                            "total": 589.7235788999584,
                                            "count": 49092,
                                            "self": 589.7235788999584
                                        }
                                    }
                                },
                                "workers": {
                                    "total": 2.4378731000038414,
                                    "count": 63959,
                                    "self": 0.0,
                                    "children": {
                                        "worker_root": {
                                            "total": 20760.189564799817,
                                            "count": 87310,
                                            "is_parallel": true,
                                            "self": 2470.144758199651,
                                            "children": {
                                                "steps_from_proto": {
                                                    "total": 0.3271298999999992,
                                                    "count": 10,
                                                    "is_parallel": true,
                                                    "self": 0.004767700000002151,
                                                    "children": {
                                                        "_process_maybe_compressed_observation": {
                                                            "total": 0.3041811000000001,
                                                            "count": 20,
                                                            "is_parallel": true,
                                                            "self": 0.014794100000010246,