{
    "name": "root",
    "gauges": {
        "FlappyBird.Policy.Entropy.mean": {
            "value": 0.0739901140332222,
            "min": 0.06493724882602692,
            "max": 0.6898857951164246,
            "count": 287
        },
        "FlappyBird.Policy.Entropy.sum": {
            "value": 79.9093246459961,
            "min": 57.77715301513672,
            "max": 745.07666015625,
            "count": 287
        },
        "FlappyBird.Environment.EpisodeLength.mean": {
            "value": 84.36363636363636,
            "min": 14.430769230769231,
            "max": 99.0,
            "count": 287
        },
        "FlappyBird.Environment.EpisodeLength.sum": {
            "value": 928.0,
            "min": 527.0,
            "max": 1305.0,
            "count": 287
        },
        "FlappyBird.Step.mean": {
            "value": 286997.0,
            "min": 990.0,
            "max": 286997.0,
            "count": 287
        },
        "FlappyBird.Step.sum": {
            "value": 286997.0,
            "min": 990.0,
            "max": 286997.0,
            "count": 287
        },
        "FlappyBird.Policy.ExtrinsicValueEstimate.mean": {
            "value": 6.834007740020752,
            "min": -0.8108387589454651,
            "max": 7.121891021728516,
            "count": 287
        },
        "FlappyBird.Policy.ExtrinsicValueEstimate.sum": {
            "value": 143.51416015625,
            "min": -48.650325775146484,
            "max": 163.80349731445312,
            "count": 287
        },
        "FlappyBird.Environment.CumulativeReward.mean": {
            "value": 7.7272727272727275,
            "min": -0.953125,
            "max": 9.3,
            "count": 287
        },
        "FlappyBird.Environment.CumulativeReward.sum": {
            "value": 85.0,
            "min": -61.0,
            "max": 116.0,
            "count": 287
        },
        "FlappyBird.Policy.ExtrinsicReward.mean": {
            "value": 7.7272727272727275,
            "min": -0.953125,
            "max": 9.3,
            "count": 287
        },
        "FlappyBird.Policy.ExtrinsicReward.sum": {
            "value": 85.0,
            "min": -61.0,
            "max": 116.0,
            "count": 287
        },
        "FlappyBird.Losses.PolicyLoss.mean": {
            "value": 0.49392433480049175,
            "min": 0.3030030805966817,
            "max": 1.6271240537365277,
            "count": 199
        },
        "FlappyBird.Losses.PolicyLoss.sum": {
            "value": 0.49392433480049175,
            "min": 0.3030030805966817,
            "max": 2.106440043076873,
            "count": 199
        },
        "FlappyBird.Losses.ValueLoss.mean": {
            "value": 1.8691978675002854,
            "min": 0.04952224084505966,
            "max": 5.919180785616239,
            "count": 199
        },
        "FlappyBird.Losses.ValueLoss.sum": {
            "value": 1.8691978675002854,
            "min": 0.06824320693461534,
            "max": 5.919180785616239,
            "count": 199
        },
        "FlappyBird.Policy.LearningRate.mean": {
            "value": 0.0001285836571388,
            "min": 0.0001285836571388,
            "max": 0.000299691000103,
            "count": 199
        },
        "FlappyBird.Policy.LearningRate.sum": {
            "value": 0.0001285836571388,
            "min": 0.0001285836571388,
            "max": 0.0005984598005133999,
            "count": 199
        },
        "FlappyBird.Policy.Epsilon.mean": {
            "value": 0.14286120000000002,
            "min": 0.14286120000000002,
            "max": 0.19989700000000002,
            "count": 199
        },
        "FlappyBird.Policy.Epsilon.sum": {
            "value": 0.14286120000000002,
            "min": 0.14286120000000002,
            "max": 0.39948659999999997,
            "count": 199
        },
        "FlappyBird.Policy.Beta.mean": {
            "value": 0.00214877388,
            "min": 0.00214877388,
            "max": 0.0049948603,
            "count": 199
        },
        "FlappyBird.Policy.Beta.sum": {
            "value": 0.00214877388,
            "min": 0.00214877388,
            "max": 0.009974381340000001,
            "count": 199
        },
        "FlappyBird.IsTraining.mean": {
            "value": 1.0,
            "min": 1.0,
            "max": 1.0,
            "count": 287
        },
        "FlappyBird.IsTraining.sum": {
            "value": 1.0,
            "min": 1.0,
            "max": 1.0,
            "count": 287
        }
    },
    "metadata": {
        "timer_format_version": "0.1.0",
        "start_time_seconds": "1679739249",
        "python_version": "3.9.2 (default, Feb 28 2021, 17:03:44) \n[GCC 10.2.1 20210110]",
        "command_line_arguments": "/home/bears_bears/Unity_env/bin/mlagents-learn trainer_config.yaml --run-id FlappyBird-v1-Obs9-6_newReward --time-scale 20 --force",
        "mlagents_version": "0.30.0",
        "mlagents_envs_version": "0.30.0",
        "communication_protocol_version": "1.5.0",
        "pytorch_version": "1.11.0+cu102",
        "numpy_version": "1.21.2",
        "end_time_seconds": "1679739898"
    },
    "total": 649.2780864700035,
    "count": 1,
    "self": 0.024545059000956826,
    "children": {
        "run_training.setup": {
            "total": 0.13756313799967756,
            "count": 1,
            "self": 0.13756313799967756
        },
        "TrainerController.start_learning": {
            "total": 649.1159782730028,
            "count": 1,
            "self": 0.8960648419888457,
            "children": {
                "TrainerController._reset_env": {
                    "total": 23.82473541500076,
                    "count": 1,
                    "self": 23.82473541500076
                },
                "TrainerController.advance": {
                    "total": 624.2058786410198,
                    "count": 27226,
                    "self": 0.94380826401175,
                    "children": {
                        "env_step": {
                            "total": 414.08987680403516,
                            "count": 27226,
                            "self": 345.6360049588693,
                            "children": {
                                "SubprocessEnvManager._take_step": {
                                    "total": 67.96690523218422,
                                    "count": 27226,
                                    "self": 3.211262296688801,
                                    "children": {
                                        "TorchPolicy.evaluate": {
                                            "total": 64.75564293549542,
                                            "count": 24005,
                                            "self": 64.75564293549542
                                        }
                                    }
                                },
                                "workers": {
                                    "total": 0.48696661298163235,
                                    "count": 27225,
                                    "self": 0.0,
                                    "children": {
                                        "worker_root": {
                                            "total": 647.8366279616093,
                                            "count": 27225,
                                            "is_parallel": true,
                                            "self": 350.77775925134483,
                                            "children": {
                                                "run_training.setup": {
                                                    "total": 0.0,
                                                    "count": 0,
                                                    "is_parallel": true,
                                                    "self": 0.0,