ydiffs;heights;distances;angles
0.02589815;3.426954;1.336218;1.110349
0.02173732;3.844746;1.8318;0.6798767
-0.004414921;3.023428;2.126449;-0.118957
-0.04316448;3.739984;1.524;-1.622363
2.615063;3.708546;1.318997;63.23433
-0.9239137;3.254842;1.363975;-34.11247
0.846491;2.722608;1.990311;23.04034
1.8995;3.823289;2.264926;39.98518
0.8917819;3.365191;1.922068;24.88989