ydiffs;heights;distances;angles
0.1468825;3.30669;1.819615;4.615009
-0.8225018;3.736624;1.42639;-29.96912
-0.5434576;3.423067;2.232438;-13.68178
-0.5113474;3.76515;2.066981;-13.89533
-0.566685;3.440716;1.426587;-21.66453
-0.5437549;3.591308;1.697772;-17.75899
-0.557694;3.53495;1.926967;-16.14126
-0.5978037;3.985434;1.543118;-21.17636
-0.5783673;3.262779;1.895171;-16.97111