ydiffs;heights;distances;angles
-1.505364;3.27411;1.711334;-41.33626
1.892983;4;1.829656;45.97458
0.5611383;3.321048;1.577528;19.58085
0.6644936;3.645167;1.806285;20.19749
-0.9294682;3.829257;1.84827;-26.69716
1.981119;3.534171;2.122738;43.02358
0.4100609;3.842098;1.947208;11.89211
0.1781087;3.356981;1.536561;6.611869
0.2101285;3.452745;1.926094;6.226098