ydiffs;heights;distances;angles
-0.1912268;3.241038;2.19243;-4.984802
-0.1199882;3.641895;1.950262;-3.520634
-0.1802994;3.406096;1.414866;-7.262183
-0.1447237;3.552017;1.949828;-4.244929
-0.0416727;3.624063;2.251867;-1.060186
0.01130324;3.278013;1.920364;0.3372385
0.07590853;3.966645;1.841828;2.360035
0.1473585;3.488498;2.10627;4.001997
0.225594;3.153826;1.766219;7.278814