ydiffs;heights;distances;angles
2.354479;2.770304;1.565967;56.37207
-0.7359382;3.548632;1.321089;-29.12084
1.295585;3.678548;2.025553;32.60382
-0.5839503;3.679959;1.985454;-16.38936
1.620019;3.609618;1.909544;40.3106
-2.549325;3.36833;1.89322;-53.4011
0.2982283;3.108177;2.103429;8.069722
0.6107005;3.584378;2.01605;16.85258
-1.161643;3.741766;2.068068;-29.32311