ydiffs;heights;distances;angles
-0.956619;3.268017;2.258866;-22.95243
-0.7559758;3.593615;1.944691;-21.24301
-1.0916;3.316287;1.840119;-30.67737
-0.9808634;3.902323;1.691491;-30.10863
-0.8414432;3.051603;1.842517;-24.54529
-0.7453183;3.400307;2.020654;-20.2465
-0.6161902;3.78045;1.71013;-19.81499
-0.503874;3.445017;1.807698;-15.57517
-0.4298566;3.811318;1.791131;-13.49528