ydiffs;heights;distances;angles
-0.4371256;4;2.230842;-11.08644
-0.2142278;3.58812;1.677508;-7.277623
-0.3456432;3.874241;2.367586;-8.305918
-0.2354685;3.255402;2.337272;-5.752854
-0.4625129;3.442575;1.80472;-14.37437
-0.3437099;3.443807;2.14789;-9.091512
-0.5647646;3.732987;1.830074;-17.15033
-0.4636332;3.31141;2.079375;-12.5695
-0.6688161;3.687187;2.120574;-17.50496