ydiffs;heights;distances;angles
-0.8979894;3.535748;1.69583;-27.90246
-0.8390293;3.296592;1.811335;-24.85407
-0.7961288;3.961977;1.943614;-22.27463
-0.8911089;3.295516;2.066959;-23.32188
-0.8303443;3.952657;1.96042;-22.95529
-0.8834763;3.428061;2.479029;-19.61505
-0.8983804;4;1.605118;-29.23563
0.03918702;3.529002;2.005948;1.119154
1.128075;3.750376;1.583726;35.46195