ydiffs;heights;distances;angles
-2.243259;3.71073;2.023701;-47.94558
2.461546;3.199741;2.033656;50.43749
0.365176;3.505278;1.776936;11.6131
0.549118;3.246055;1.954926;15.68949
0.1564989;3.771613;1.701765;5.254295
0.307382;3.444483;2.351817;7.446337
-0.05654311;3.764726;2.320936;-1.395575
0.09411335;3.466329;1.483931;3.628931
-0.1037772;3.23926;2.083728;-2.85118