ydiffs;heights;distances;angles
-0.2845183;2.880887;1.973555;-8.203545
-0.09308188;3.10176;1.929171;-2.76236
-0.1928391;3.90986;1.739097;-6.327372
0.1025733;3.536727;1.196432;4.900135
-0.01700908;3.740346;1.873413;-0.5201851
0.2411809;3.379793;1.712928;8.01458
0.1177881;3.644681;1.953641;3.450276
0.437254;3.369062;1.95165;12.62819
0.2744721;3.654692;1.716002;9.087403