ydiffs;heights;distances;angles
2.462861;3.437894;1.798381;53.86308
-2.135881;3.509289;1.832893;-49.36568
1.329565;2.97777;1.859245;35.56895
0.03797451;3.927464;1.687378;1.289226
1.441032;3.777217;2.500748;29.95229
-0.9063152;3.966858;1.810421;-26.59302
-1.053487;4;2.240341;-25.18455
-0.8427058;3.392536;1.906939;-23.84138
-0.7900586;3.676404;1.932471;-22.23639