ydiffs;heights;distances;angles
-1.02052;3.17691;1.457694;-34.99557
-0.6092822;3.45551;2.417553;-14.14535
-0.7476777;3.491467;1.993329;-20.56056
-0.5515683;3.215736;1.380795;-21.77459
-0.5609269;3.677474;2.176244;-14.45339
-0.3895982;3.522556;2.13632;-10.33538
-0.5194495;4;1.487236;-19.25287
-0.2505957;3.543695;1.901781;-7.506562
-0.3662395;3.443532;1.890612;-10.96325