ydiffs;heights;distances;angles
-0.3709206;3.365841;1.822636;-11.50305
-0.2731829;3.735875;1.68075;-9.231911
-0.3247805;3.174899;1.735244;-10.60122
-0.3506467;4;1.784527;-11.11658
-0.3677115;3.362802;2.478253;-8.439706
-0.4363554;3.575793;2.221705;-11.11178
-0.1667529;3.697078;2.140249;-4.455078
-0.2759553;3.452104;1.571942;-9.956848
-0.3455011;3.742573;1.565553;-12.4451