ydiffs;heights;distances;angles
-0.4411541;3.766755;1.711879;-14.4508
-0.1979733;3.4766;1.97736;-5.717401
-0.4601119;3.794937;1.799669;-14.34131
-0.3243055;3.505267;1.824118;-10.08114
-0.5067826;3.974942;2.137005;-13.34103
-0.4312899;3.327453;1.737444;-13.94089
-0.623909;3.716662;1.650171;-20.71098
-0.5119252;4;1.234731;-22.51912
-0.6646764;3.537731;1.609279;-22.44197