ydiffs;heights;distances;angles
-0.9648099;3.689258;1.639792;-30.47142
-0.8449476;3.427941;1.895147;-24.02961
-0.8238088;3.657374;1.816655;-24.39314
-0.8709814;3.30176;2.142815;-22.12007
-0.8424746;3.982631;1.89192;-24.00348
-0.6898949;3.674352;1.454352;-25.37807
3.068759;3.547053;2.157386;54.89218
-1.049211;3.314002;1.213759;-40.84116
1.793203;3.939499;1.684907;46.78342