ydiffs;heights;distances;angles
-0.3808052;3.670894;2.169992;-9.953314
1.482026;3.644022;1.846993;38.74354
0.1155937;3.550898;1.916713;3.45123
0.2992084;3.151181;2.018961;8.429832
0.1005805;4;1.834949;3.13746
0.2052568;3.124081;1.991307;5.88506
-0.0570599;3.680738;1.491642;-2.190672
0.06355491;3.398275;2.291975;1.588366
-0.1760078;3.651749;2.348974;-4.285143