ydiffs;heights;distances;angles
-0.3636065;3.590545;1.981406;-10.39862
0.04932449;3.395357;1.707486;1.654654
-0.4411428;3.398312;1.852523;-13.39443
-0.1198241;3.071036;2.093893;-3.275209
-0.1665273;3.940578;1.257832;-7.541662
0.2080584;3.361828;2.11462;5.619272
0.1451891;3.59646;1.950729;4.256568
0.9607533;3.213767;1.626482;30.57009
0.3674256;3.346657;2.098439;9.931513