ydiffs;heights;distances;angles
0.7875308;3.611206;1.748735;24.24409
0.3243202;3.697156;2.035439;9.053221
3.366372;3.311271;2.034831;58.8488
-1.458394;3.558504;1.480233;-44.5742
-1.043072;3.770728;2.037264;-27.11229
-0.7306001;3.356818;1.773881;-22.38506
-0.783928;3.658218;1.450201;-28.39411
-0.7900783;3.728779;2.198751;-19.76491
-0.7174826;3.842077;1.678625;-23.14297