ydiffs;heights;distances;angles
-0.9361251;3.469753;1.515873;-31.69735
-0.5270793;3.476855;1.87941;-15.66612
-0.6472517;3.595529;2.084149;-17.25266
-0.4579469;3.250778;1.749996;-14.66458
-0.4997903;3.835075;2.196862;-12.81675
-0.2990195;3.546615;1.474983;-11.46011
-0.3913306;3.617038;2.147032;-10.32967
-0.1705836;2.999318;2.180537;-4.473145
-0.2899503;3.708424;1.525439;-10.7622