ydiffs;heights;distances;angles
-0.771013;3.661795;1.973615;-21.33861
-0.6453881;3.512694;2.386452;-15.13298
-0.8535613;3.654548;2.129818;-21.8393
-0.7894506;3.218758;1.929693;-22.24981
-0.6932794;4;1.28357;-28.37429
-0.6752701;3.245508;2.148871;-17.44502
2.091596;3.470801;1.877185;48.09236
-1.033638;3.382693;1.671337;-31.73471
0.9128273;3.372826;2.726337;18.51148