ydiffs;heights;distances;angles
-1.904306;3.828524;1.948189;-44.34739
1.229811;3.429982;2.419597;26.94291
0.585368;3.53592;1.839341;17.65361
0.09747502;3.680428;1.601601;3.482782
0.1150068;3.627731;1.390938;4.726634
0.5542527;3.257107;1.456895;20.82853
0.2851089;3.824529;2.235297;7.268744
-0.1819199;3.48025;1.431368;-7.243177
-0.1288665;3.622473;1.904042;-3.871901