ydiffs;heights;distances;angles
-0.1080262;3.547904;1.853928;-3.334786
0.1097663;2.914724;1.988563;3.159452
-0.1699877;4;2.197109;-4.424093
-0.02530388;3.498037;1.714409;-0.8455976
0.5433449;3.949716;2.01745;15.07339
-0.6391903;4;1.881676;-18.76222
0.3180344;3.55897;1.800354;10.01801
0.3901447;3.71987;1.741843;12.62495
0.4067423;3.507437;1.991843;11.54135