ydiffs;heights;distances;angles
1.959317;3.064085;1.847255;46.68625
3.034265;3.375141;1.650825;61.45111
0.4581724;2.893627;1.642635;15.58513
-1.109229;3.030757;1.956024;-29.55685
2.302352;3.729681;1.966309;49.50122
-1.426815;3.062284;2.07901;-34.46164
-1.089454;3.904104;1.889829;-29.96272
-0.7238427;3.540338;1.433927;-26.78452
-0.7178113;3.597524;2.067663;-19.14499