ydiffs;heights;distances;angles
-0.7217071;3.488664;1.992327;-19.91257
-0.5966898;4;2.119516;-15.72306
-1.010896;2.741107;1.985436;-26.98319
-0.9933575;3.21589;2.098107;-25.33541
-0.9420191;3.558472;1.851291;-26.96902
-0.8849699;3.357529;1.683312;-27.73231
-0.8109092;3.706313;1.994234;-22.12798
-0.8445776;3.092986;1.724818;-26.08923
-0.825086;3.963229;2.457834;-18.55672