ydiffs;heights;distances;angles
-0.9050834;3.3611;2.038389;-23.94213
-0.6626714;3.761433;1.735456;-20.899
-0.3806942;3.592263;2.204869;-9.796146
-0.3567591;3.24396;1.852868;-10.8986
-0.5556385;3.980228;1.602545;-19.12259
-0.4373711;3.268974;2.274929;-10.88273
-0.1003837;3.795935;2.479121;-2.318734
-0.1078712;3.440308;1.998993;-3.088843
-0.3648989;3.722546;1.863933;-11.07661