ydiffs;heights;distances;angles
-0.5013461;3.984402;1.81035;-15.47918
-0.1069653;3.547497;1.674175;-3.655736
-0.2272681;3.613866;2.112086;-6.141602
-0.5810999;3.446124;1.617661;-19.75941
-0.5048712;3.715481;2.006114;-14.12607
-0.2885951;3.453095;1.732741;-9.456047
-0.4097819;3.689251;1.357195;-16.8008
-0.6627741;3.878713;1.690038;-21.41338
-0.6450359;3.550869;1.266737;-26.98568