ydiffs;heights;distances;angles
-0.9820844;3.626795;1.867635;-27.73737
-0.764066;3.41132;1.934718;-21.55023
-0.7021368;3.594971;2.168492;-17.94145
-0.7336431;3.381332;1.849384;-21.63802
4.583598;3.491337;1.857563;67.9391
-0.4893599;3.458538;2.099137;-13.12267
0.7783101;3.787166;1.739146;24.10968
-0.4545159;3.238445;2.089115;-12.27421
1.892565;3.321272;1.84818;45.6798