ydiffs;heights;distances;angles
0.2824121;3.462069;2.023469;7.945352
0.2665387;3.489578;2.212833;6.868264
0.1235275;3.622852;2.06828;3.417915
-0.5821618;3.580595;1.898735;-17.04581
0.6245695;4;2.05906;16.87399
-0.03650761;3.42792;2.246464;-0.93104
-0.1469095;3.081572;2.055224;-4.088605
0.2015945;3.223584;1.376255;8.333449
0.04904579;3.771677;2.029048;1.384673