ydiffs;heights;distances;angles
-0.3239456;3.609207;1.575709;-11.61741
-0.07328077;3.520214;2.03693;-2.060389
0.4533458;4;1.714204;14.81355
0.5191466;4;1.444798;19.76443
0.06818914;3.648271;1.666775;2.342711
0.2539207;3.463632;1.900403;7.610448
0.2319348;3.87824;1.91834;6.893825
-0.5160343;3.963671;1.624072;-17.62718
-0.650218;3.200982;2.261523;-16.04065