ydiffs;heights;distances;angles
0.569596;3.56232;2.225374;14.35693
-0.5334857;3.904948;2.119591;-14.12749
2.28167;3.512003;1.906093;50.12482
-1.159929;3.362288;1.73681;-33.73699
-0.8885583;3.874814;1.991756;-24.04251
-0.6482494;3.481098;2.336871;-15.50404
-0.7367469;3.82649;1.737896;-22.97356
-0.5734875;2.992556;2.081988;-15.40031
-0.5419248;3.972896;1.821497;-16.56859