ydiffs;heights;distances;angles
-0.5706863;3.706386;1.91443;-16.59917
-0.3621759;3.428414;1.908071;-10.74761
-0.6127952;3.727444;1.986282;-17.14571
-0.4968126;3.410291;1.703539;-16.25857
-0.09644563;4;1.625083;-3.396414
-0.1032699;3.539009;1.60339;-3.685171
-0.3749976;3.866613;1.580036;-13.35126
-0.2432715;3.054768;2.217212;-6.261422
-0.378866;3.285478;2.033814;-10.55231