ydiffs;heights;distances;angles
-0.3642631;3.92903;1.378547;-14.80137
-0.6987417;3.484131;1.699832;-22.34586
-0.5569395;3.483777;1.644958;-18.70474
-0.4463951;3.10268;1.909908;-13.15535
-0.3870144;3.83345;1.897619;-11.52723
-0.8122355;3.993097;1.715218;-25.33973
-0.6908594;3.29114;1.951174;-19.49772
-0.6255844;3.683958;2.126385;-16.39393
-0.6177457;3.446469;2.097236;-16.41246