ydiffs;heights;distances;angles
-0.942897;3.332982;1.791647;-27.75666
-0.7589009;3.511283;1.891581;-21.86061
1.917319;3.591012;1.979753;44.08216
-0.1732503;2.989811;1.496486;-6.603816
1.824133;3.369393;2.176859;39.96185
0.5124603;3.725836;2.259985;12.77599
0.6136456;3.057127;2.055244;16.62434
1.78543;3.946019;1.914745;42.99842
2.709051;3.88996;1.951808;54.22813