ydiffs;heights;distances;angles
0.05719041;3.671971;1.843198;1.777193
0.2725809;3.382619;1.524914;10.13468
0.02855832;3.439373;2.178379;0.7510986
-0.6450831;2.917609;1.760667;-20.12211
-0.3177631;3.948934;2.018017;-8.948493
-0.1353276;3.298541;2.066047;-3.747563
0.005477497;3.559738;1.778493;0.176462
0.06736882;3.600946;1.575388;2.448666
-0.01257968;4;1.709897;-0.4215163