ydiffs;heights;distances;angles
0.4831989;3.500514;1.593293;16.87101
-0.4776236;3.31811;2.304427;-11.70953
-0.897548;3.683851;2.012651;-24.03463
2.201679;4;1.846371;50.01616
2.716658;3.7332;1.251998;65.25693
0.682934;3.23484;1.864574;20.11618
-0.5114206;3.09647;1.658826;-17.13468
0.6481641;4;2.237205;16.15738
0.4181693;3.802036;1.711815;13.7276