ydiffs;heights;distances;angles
0.4997217;3.619589;1.948835;14.38195
0.3076067;3.407741;1.811696;9.636318
0.1420769;3.608826;1.794997;4.525619
0.1260379;3.419757;1.872722;3.850312
-1.190157;2.956568;1.833298;-32.9912
3.778088;3.705054;1.969251;62.47015
1.414117;3.447327;1.662593;40.3828
0.3611378;3.399872;1.607693;12.66026
-0.8025249;3.748957;1.579555;-26.93377