ydiffs;heights;distances;angles
0.9722161;4;1.83404;27.92785
-1.176889;3.519561;1.923802;-31.45627
-0.9837548;3.59274;2.016376;-26.00694
-0.7417346;3.159431;1.857435;-21.76844
-0.7712581;3.827536;1.604551;-25.67215
-0.5134847;3.22258;1.564149;-18.17417
-0.6018947;3.664411;2.288945;-14.73281
-0.7050137;3.342419;2.323167;-16.88152
-0.7487768;3.828909;1.668475;-24.16955