ydiffs;heights;distances;angles
-0.7103413;3.131979;2.063086;-18.99911
-0.5874743;3.822858;2.223574;-14.79953
-0.09956317;3.819456;2.107478;-2.704802
-0.2180898;3.273501;1.933542;-6.435357
-0.3005734;3.576838;2.051453;-8.335514
-0.5607723;3.345297;1.860897;-16.76993
-0.3809726;3.598497;1.745709;-12.31085
-0.2692498;3.548198;1.457161;-10.46886
-0.1810989;3.278884;1.77761;-5.817096