ydiffs;heights;distances;angles
-0.6486199;3.833814;2.204084;-16.39815
-0.4384879;3.291727;2.163943;-11.45496
-0.4294949;3.891385;1.609762;-14.9389
-0.7849117;3.927319;1.87425;-22.72331
-0.6499082;3.406892;1.710624;-20.80301
-0.580203;2.941771;1.574902;-20.22409
-0.5382871;3.758736;1.632894;-18.24492
-0.7948849;3.954527;1.752284;-24.40037
-0.7510826;3.332978;1.508504;-26.46866