ydiffs;heights;distances;angles
-1.038336;3.535294;1.82599;-29.62442
0.7196665;3.972969;1.877446;20.97293
2.169072;3.814695;1.486603;55.57468
-2.067405;3.063268;1.697237;-50.61571
1.825328;2.946836;1.586032;49.01254
0.0775222;3.429097;1.402097;3.164671
0.9537269;3.594081;1.81056;27.77838
-0.1401417;3.555674;1.975508;-4.057741
0.1475106;2.961138;1.773178;4.755483