ydiffs;heights;distances;angles
0.4180752;3.324111;2.385176;9.941846
-0.2973587;3.744158;2.043803;-8.27804
-0.0901082;3.859704;1.584176;-3.255486
0.09085461;3.515105;1.784031;2.915359
0.133071;3.772155;2.01384;3.780508
0.07047968;3.668244;1.878416;2.148776
-0.01081383;3.370508;2.064887;-0.3000558
-0.07297616;3.670672;1.820142;-2.295968
-0.1331432;3.408443;1.378726;-5.515937