ydiffs;heights;distances;angles
0.0651024;3.830212;2.4084;1.548408
0.07637781;3.0726;1.590753;2.748866
4.608;3.519583;2.14897;64.9977
1.420257;3.457747;1.888152;36.95028
-0.4026716;3.285115;1.897436;-11.98148
1.327546;3.773746;2.108114;32.19991
-1.913655;3.467771;2.323932;-39.46994
2.851483;3.733681;2.382462;50.12068
0.5711496;3.714701;1.641626;19.18366