ydiffs;heights;distances;angles
-0.968808;3.981854;1.873341;-27.34598
-0.783939;3.225586;2.274198;-19.01959
-0.8373145;3.786972;1.545183;-28.45268
-0.5414563;4;1.675297;-17.91084
-0.5963186;3.68909;1.858802;-17.78666
-0.6857212;3.335142;1.723586;-21.69493
-0.7001131;4;1.951801;-19.73296
-0.3080544;3.831662;1.966355;-8.903739
-0.4532417;3.220667;2.054227;-12.44231