ydiffs;heights;distances;angles
-0.2241099;4;2.159491;-5.924891
-0.2418571;3.469882;1.515993;-9.064411
-0.3725233;3.666436;2.19095;-9.649618
-0.3990536;3.820627;1.939407;-11.62695
-0.582753;4;2.103794;-15.48279
-0.4345102;3.148894;1.745976;-13.97496
-0.3215882;3.621759;1.816103;-10.04162
-0.2510706;3.581474;1.852513;-7.718256
-1.141894;3.190311;1.867618;-31.44234