ydiffs;heights;distances;angles
-2.124936;3.327581;1.825209;-49.33914
-1.744832;3.694539;1.927636;-42.15035
-1.638998;3.555996;1.948055;-40.07561
-1.536146;3.767526;1.706341;-41.99535
0.9929572;3.135833;1.361247;36.10877
0.5942863;3.769436;2.140748;15.51502
0.3771829;3.818493;1.990944;10.72751
-0.7272471;3.589412;1.355044;-28.22229
0.4362015;3.21865;1.912252;12.84981