ydiffs;heights;distances;angles
-0.0966934;3.36589;1.720226;-3.217193
-0.05210484;3.819411;2.039339;-1.463581
-0.0976351;3.273133;1.79706;-3.109849
-0.1327961;3.653883;2.141223;-3.548872
-0.1714505;3.641504;2.242429;-4.372185
-0.1094896;3.868926;1.870697;-3.34963
-0.03109802;2.981258;1.646317;-1.082157
0.03522969;3.433231;1.496535;1.348542
0.09828994;3.970216;2.094129;2.68726