ydiffs;heights;distances;angles
0.2158832;3.533576;1.553793;7.91001
-0.1495002;3.600725;1.748435;-4.887198
0.03251271;3.494194;2.083211;0.8941438
0.1512681;3.862502;1.935067;4.469835
0.2165593;3.416653;1.710245;7.216656
-0.3223868;3.644798;1.888891;-9.685642
-0.1471231;3.384681;1.758345;-4.782876
-0.0295158;3.842525;1.265177;-1.336433
0.007288562;3.266332;2.015542;0.2071909