ydiffs;heights;distances;angles
-0.3624062;3.509822;1.784406;-11.48041
-0.2861125;3.566566;1.94045;-8.387625
0.246375;2.920305;1.658071;8.451817
0.115264;3.634073;2.319913;2.84438
0.04932419;3.49812;2.286124;1.235991
0.01186274;3.177101;1.247628;0.5447655
0.4543147;3.669061;2.088192;12.27421
0.3303893;3.184391;2.29293;8.199338
0.2510875;3.920153;1.748661;8.171158