ydiffs;heights;distances;angles
0.4614599;3.442484;2.074531;12.54073
0.08744593;3.482336;2.120823;2.361086
0.007941718;2.818455;2.020677;0.2251842
-2.422642;3.134476;2.194024;-47.83498
-2.061037;3.226089;2.331048;-41.48207
-1.867241;3.755729;2.434492;-37.48799
-1.852114;3.45601;1.575523;-49.61347
-1.009005;4;1.885552;-28.15233
-1.211581;3.21288;1.833439;-33.45771