ydiffs;heights;distances;angles
-0.7642367;3.394402;1.841118;-22.54303
-0.7622753;3.813008;2.035377;-20.53158
-0.9930105;3.452294;2.004253;-26.35619
-1.064071;3.743573;1.892223;-29.35075
-0.1094153;4;1.983446;-3.157478
-0.3681394;3.601356;1.983699;-10.51347
-0.5391282;3.25046;1.702721;-17.56922
-0.5834644;3.984876;2.09758;-15.54448
-0.5762921;3.720138;1.463688;-21.49085