ydiffs;heights;distances;angles
-0.497729;3.391541;1.554247;-17.75704
-1.213554;4;1.880444;-32.83638
-0.94476;3.068197;2.019211;-25.07423
-0.7466891;3.442306;1.626239;-24.66226
-0.6130484;3.578165;1.491334;-22.34628
-1.661755;3.422848;1.716065;-44.07885
-1.380756;3.709755;1.961105;-35.14824
-1.200711;3.40994;1.761122;-34.28569
-1.090287;3.613349;1.791124;-31.32958