ydiffs;heights;distances;angles
0.09353294;4;2.187792;2.44803
0.2764423;3.877105;2.036494;7.730321
0.330436;3.620405;1.353729;13.71728
-0.1085613;3.712412;1.551107;-4.003576
0.06435407;3.400908;1.264837;2.912659
0.1569214;3.779008;1.700292;5.27294
0.1796038;3.214319;1.870433;5.484873
-0.3496993;3.633683;1.713968;-11.53172
-0.1606823;3.619457;1.907786;-4.814344