ydiffs;heights;distances;angles
-0.1713275;3.442207;1.569813;-6.228539
-0.1228647;3.99844;2.2817;-3.082279
-0.189048;4;1.933998;-5.582918
-0.2225586;3.34312;1.964159;-6.464603
0.3223138;3.248684;1.945549;9.406599
0.1723547;3.893706;2.120233;4.647383
0.07599102;3.524668;1.85422;2.346825
0.04171924;3.666128;2.058581;1.160999
0.4781425;3.571313;1.738667;15.37652