ydiffs;heights;distances;angles
0.08197583;3.270254;2.095533;2.24023
1.83273;3.376231;1.776651;45.89013
-0.03832189;3.436139;1.775735;-1.236301
0.4445217;3.775357;1.521538;16.28588
0.4695566;3.241129;2.093297;12.64298
-2.085851;3.927019;1.777149;-49.56894
-1.790183;2.969821;1.854084;-43.99545
-1.646701;3.669383;1.854683;-41.60062
-1.734015;3.61603;1.889191;-42.54762