ydiffs;heights;distances;angles
-1.153952;3.314394;2.133033;-28.41299
-0.9907178;3.038725;1.145118;-40.86525
-0.8991344;3.906151;2.580345;-19.21115
-0.09962526;3.44558;1.741482;-3.274161
-0.3439843;3.774614;2.002238;-9.748245
-0.4758628;3.411476;2.061471;-12.99827
-0.5443333;3.738816;1.787344;-16.93805
-0.4395006;3.737772;1.758759;-14.03045
-0.5548219;3.502028;1.741521;-17.67108