ydiffs;heights;distances;angles
-1.180531;3.689908;1.859383;-32.41164
-1.047221;3.659436;1.873478;-29.20396
-0.5906115;4;2.173042;-15.20514
-0.7808461;3.342701;1.653181;-25.28275
-1.436853;2.930757;2.263289;-32.40949
-1.476201;3.730771;1.467563;-45.16814
-0.9435303;3.543882;1.405475;-33.87444
-1.109795;3.785834;1.946084;-29.69487
-1.733817;3.316596;1.812147;-43.73455