ydiffs;heights;distances;angles
0.1705105;3.209391;1.533237;6.34576
0.3910215;3.883254;1.869476;11.81373
1.537437;3.074593;1.641993;43.1165
-0.7020081;3.379792;2.168449;-17.93871
-0.2364142;3.240568;1.892812;-7.119434
1.297066;3.45345;1.858437;34.9125
1.722804;3.191579;1.634321;46.50979
-1.142738;3.710955;1.676128;-34.2851
2.036054;3.384436;1.821091;48.18986