ydiffs;heights;distances;angles
-1.861955;3.596052;1.859408;-45.03922
1.044702;3.316115;1.767936;30.57952
0.4777323;3.585359;1.958756;13.7066
-1.269753;3.263955;1.909644;-33.62057
3.201071;3.002915;1.977185;58.29789
0.1510118;3.413068;1.986025;4.348244
0.05482712;3.703378;1.753801;1.790591
0.4581162;3.533102;1.654482;15.4771
0.3249779;3.797762;1.91918;9.610825