ydiffs;heights;distances;angles
0.04932455;3.5163;1.720382;1.64226
0.08134489;3.522475;1.708032;2.726647
-0.6068985;3.43061;2.274299;-14.94126
-0.6117723;3.200699;1.351404;-24.35597
-0.1807513;3.624111;1.600517;-6.443288
-0.282037;3.326261;2.164931;-7.422422
-0.2459252;3.389729;2.075061;-6.758864
-0.08115948;3.673563;1.830484;-2.538701
-0.320993;3.448271;1.996597;-9.133292