ydiffs;heights;distances;angles
-0.001914708;3.544232;2.026725;-0.05412902
-0.07978445;3.239176;2.310704;-1.977534
0.02097277;4;1.724821;0.6966473
0.3807133;3.983385;2.162073;9.986672
0.3998551;3.276453;1.600225;14.02947
0.1584702;3.619166;1.561224;5.795892
0.2508996;3.361689;2.195736;6.518729
3.498486;3.547435;1.996172;60.29171
-1.496302;3.439183;2.386394;-32.08827