ydiffs;heights;distances;angles
-2.308185;3.577427;1.728232;-53.17631
-1.744997;4;2.114963;-39.52509
-1.701865;3.868541;1.982768;-40.64041
-1.683946;3.367703;1.828115;-42.64936
-1.124366;3.692178;2.015404;-29.15656
-1.067076;3.590564;1.798769;-30.67749
-1.521837;3.827416;2.095289;-35.99142
-1.351323;3.162105;2.027636;-33.68157
-0.6442046;3.314707;1.503628;-23.19191