ydiffs;heights;distances;angles
-1.114872;3.535957;1.879468;-30.67577
-0.2789716;3.054106;2.164373;-7.344509
-0.325872;3.316206;1.928792;-9.589642
-0.6874258;3.21332;1.695323;-22.07176
-0.4600221;4;1.638481;-15.68268
-0.4574966;3.367183;1.738736;-14.74155
-0.8163245;3.362411;2.212697;-20.2504
-0.3311738;3.891302;1.907304;-9.850319
-0.4318767;3.281997;1.776952;-13.6605