ydiffs;heights;distances;angles
-0.8559007;3.583827;1.797279;-25.46474
-0.80738;3.294641;1.766789;-24.55926
-1.554613;3.332952;1.897175;-39.33242
-1.547521;3.961363;1.914654;-38.94691
-1.034354;3.583086;1.827871;-29.50462
-1.247194;3.630819;1.817534;-34.45795
-1.77178;3.419148;2.05026;-40.83271
-1.724281;3.956891;1.380681;-51.31476
-1.46094;3.163583;2.461197;-30.6929