ydiffs;heights;distances;angles
0.2345284;3.702842;1.681188;7.941598
-0.1461571;3.423821;1.834161;-4.556047
0.6621675;3.640545;1.803138;20.16478
0.1974665;3.496037;1.38098;8.137568
0.1479004;3.453586;2.169127;3.900637
0.3992293;3.033821;1.989922;11.34439
0.3115249;3.868176;1.609358;10.95531
-0.02748093;3.858952;2.140987;-0.7353875
-0.02911846;3.168331;1.394721;-1.196026