ydiffs;heights;distances;angles
-0.4261754;3.905343;1.869198;-12.84383
-0.3274789;2.98373;1.908261;-9.737741
-0.02517271;3.631418;1.620122;-0.8901641
-0.124589;3.533789;1.839014;-3.875735
-0.06418568;3.530171;1.730352;-2.124356
0.01313974;4;2.347472;0.3207041
-0.2509546;3.09163;1.981728;-7.21719
-0.1293412;3.872582;1.699437;-4.352292
0.2420958;3.381956;1.850429;7.453799