ydiffs;heights;distances;angles
-0.06888945;3.613536;2.09509;-1.883286
0.3656011;3.96605;1.513812;13.57752
0.3533778;3.018112;1.981123;10.11362
0.1655573;3.573642;1.540113;6.135555
0.2969154;3.534471;1.865874;9.041634
1.740364;3.916823;1.951876;41.72136
-0.9866524;3.652035;1.729398;-29.70553
0.5716558;3.653907;1.622807;19.4055
0.6547903;3.432922;2.240058;16.29414