ydiffs;heights;distances;angles
-2.044296;4;1.834033;-48.10324
-1.691374;3.369297;2.006457;-40.12973
-1.116853;3.535437;1.92003;-30.18593
-1.023782;3.504573;1.974837;-27.40283
-1.493946;3.805593;2.549168;-30.37254
-1.347355;3.240227;1.726858;-37.9626
-0.5651103;3.519033;2.368696;-13.41848
-0.567739;4;1.542818;-20.20303
-1.035697;3.329118;1.738894;-30.77832