ydiffs;heights;distances;angles
-1.046856;3.507001;2.21902;-25.25629
-0.8299235;3.935194;1.883318;-23.78169
-0.807492;3.02886;1.679763;-25.67442
-0.7185919;3.812976;2.205599;-18.04579
-0.6951059;3.511673;1.451607;-25.58756
-0.6261204;3.924294;1.445533;-23.41945
-0.5522261;3.815194;1.99332;-15.48477
-0.551181;3.116147;1.591105;-19.1068
-0.4945705;3.865138;1.718581;-16.05468