ydiffs;heights;distances;angles
-0.458577;3.757312;1.817285;-14.16246
-0.6216115;3.563953;1.930373;-17.8494
-0.4790732;3.897135;1.76576;-15.17965
-0.3722582;3.555951;1.711878;-12.26832
-0.2684598;3.709316;1.922771;-7.948329
-0.62546;3.021761;2.025751;-17.15832
-0.4721434;4;1.716321;-15.38107
-0.8028001;3.471094;1.874991;-23.17877
-0.6338864;3.707728;1.820077;-19.20192