ydiffs;heights;distances;angles
-1.503298;3.890651;1.516549;-44.7486
-1.051222;3.102664;2.300032;-24.56261
-1.897085;3.832947;2.11325;-41.91463
-1.629381;3.397478;1.785599;-42.38084
-1.806355;3.556085;1.995473;-42.15223
-1.626608;3.338481;2.010347;-38.97695
-1.715409;3.728907;1.835308;-43.066
-1.637131;3.425783;1.923461;-40.40237
1.643582;3.908204;1.654861;44.80409