ydiffs;heights;distances;angles
0.3802462;3.307417;2.378274;9.083754
0.2240259;3.818763;1.805299;7.073873
0.3442999;3.471376;1.966982;9.928449
0.1826345;3.817538;2.071308;5.038939
0.2876104;3.214491;1.818888;8.985458
0.08898231;3.270303;1.91514;2.660195
0.1764487;4;1.807254;5.57632
-0.02090629;3.610398;1.427613;-0.8389928
0.07641941;3.645544;1.895684;2.308476