ydiffs;heights;distances;angles
-0.4552797;3.381669;2.225876;-11.55981
-0.2076892;3.263038;1.929904;-6.142323
-0.2112345;3.694055;1.671482;-7.202606
-0.2656679;3.553916;1.922031;-7.869701
-0.001113812;3.907011;1.895625;-0.03366525
-0.1244672;3.274014;2.008392;-3.546288
0.09152418;3.711938;2.138684;2.450456
-0.001126913;3.436254;2.229308;-0.02896296
0.1953503;3.965714;1.401472;7.935294