ydiffs;heights;distances;angles
0.004086915;3.763605;2.155833;0.1086182
0.3347674;3.478672;2.160744;8.806903
0.2686364;3.183722;1.644168;9.279418
0.5047575;3.299321;1.86667;15.13122
0.4089759;3.72349;1.602558;14.31641
-0.04594335;4;1.867451;-1.409316
1.714301;3.236987;1.817169;43.33152
-2.354179;3.446547;2.022413;-49.33499
-1.981145;3.738961;1.216638;-58.44557