ydiffs;heights;distances;angles
-0.5419324;3.384897;2.112379;-14.38894
-0.3050348;3.780273;1.793985;-9.649824
-0.2579559;3.429537;1.688181;-8.68766
-0.163456;3.770652;1.712045;-5.453734
-0.1468619;3.594693;1.842421;-4.557487
-0.2445618;3.30436;1.477938;-9.395877
-0.2948454;4;1.961044;-8.550445
-0.3572535;3.14677;1.900449;-10.64643
-0.4222514;4;1.898997;-12.53605