ydiffs;heights;distances;angles
-0.7705812;3.311771;2.167788;-19.56872
-0.655223;3.21956;1.852767;-19.47592
-0.7211213;4;2.045871;-19.41635
-0.7304299;4;1.744122;-22.7237
-0.7209929;3.652712;1.709958;-22.86241
-0.7454583;3.551017;2.006057;-20.38525
-0.7915177;3.747374;1.978505;-21.8043
-0.8125923;3.411845;1.809816;-24.17968
-0.8043539;3.685025;2.046782;-21.45406