{
    "name": "root",
    "gauges": {
        "Generator.Policy.Entropy.mean": {
            "value": 1.3111175298690796,
            "min": 1.3110578060150146,
            "max": 1.4189382791519165,
            "count": 68
        },
        "Generator.Policy.Entropy.sum": {
            "value": 1311.1175537109375,
            "min": 1311.057861328125,
            "max": 1418.938232421875,
            "count": 68
        },
        "Generator.Environment.EpisodeLength.mean": {
            "value": 0.0,
            "min": 0.0,
            "max": 0.0,
            "count": 68
        },
        "Generator.Environment.EpisodeLength.sum": {
            "value": 0.0,
            "min": 0.0,
            "max": 0.0,
            "count": 68
        },
        "Generator.Step.mean": {
            "value": 67999.0,
            "min": 999.0,
            "max": 67999.0,
            "count": 68
        },
        "Generator.Step.sum": {
            "value": 67999.0,
            "min": 999.0,
            "max": 67999.0,
            "count": 68
        },
        "Generator.Policy.ExtrinsicValueEstimate.mean": {
            "value": -25.147241592407227,
            "min": -25.147241592407227,
            "max": 1.1537895202636719,
            "count": 68
        },
        "Generator.Policy.ExtrinsicValueEstimate.sum": {
            "value": -25147.2421875,
            "min": -25147.2421875,
            "max": 1153.78955078125,
            "count": 68
        },
        "Generator.Environment.CumulativeReward.mean": {
            "value": -0.6200165916085243,
            "min": -2.8483199752248205,
            "max": -0.6200151419639588,
            "count": 68
        },
        "Generator.Environment.CumulativeReward.sum": {
            "value": -620.0165916085243,
            "min": -2845.4716552495956,
            "max": -620.0151419639587,
            "count": 68
        },
        "Generator.Policy.ExtrinsicReward.mean": {
            "value": -0.6200165916085243,
            "min": -2.8483199752248205,
            "max": -0.6200151419639588,
            "count": 68
        },
        "Generator.Policy.ExtrinsicReward.sum": {
            "value": -620.0165916085243,
            "min": -2845.4716552495956,
            "max": -620.0151419639587,
            "count": 68
        },
        "Generator.IsTraining.mean": {
            "value": 1.0,
            "min": 1.0,
            "max": 1.0,
            "count": 68
        },
        "Generator.IsTraining.sum": {
            "value": 1.0,
            "min": 1.0,
            "max": 1.0,
            "count": 68
        },
        "Generator.Losses.PolicyLoss.mean": {
            "value": 0.048208410774047174,
            "min": 0.048208410774047174,
            "max": 0.08840795569994953,
            "count": 33
        },
        "Generator.Losses.PolicyLoss.sum": {
            "value": 0.048208410774047174,
            "min": 0.048208410774047174,
            "max": 0.08840795569994953,
            "count": 33
        },
        "Generator.Losses.ValueLoss.mean": {
            "value": 0.017040262507710697,
            "min": 0.017040262507710697,
            "max": 3.6533950368563333,
            "count": 33
        },
        "Generator.Losses.ValueLoss.sum": {
            "value": 0.017040262507710697,
            "min": 0.017040262507710697,
            "max": 3.6533950368563333,
            "count": 33
        },
        "Generator.Policy.LearningRate.mean": {
            "value": 0.0002594298135234,
            "min": 0.0002594298135234,
            "max": 0.0002987706004097999,
            "count": 33
        },
        "Generator.Policy.LearningRate.sum": {
            "value": 0.0002594298135234,
            "min": 0.0002594298135234,
            "max": 0.0002987706004097999,
            "count": 33
        },
        "Generator.Policy.Epsilon.mean": {
            "value": 0.18647660000000002,
            "min": 0.18647660000000002,
            "max": 0.19959020000000002,
            "count": 33
        },
        "Generator.Policy.Epsilon.sum": {
            "value": 0.18647660000000002,
            "min": 0.18647660000000002,
            "max": 0.19959020000000002,
            "count": 33
        },
        "Generator.Policy.Beta.mean": {
            "value": 0.00432518234,
            "min": 0.00432518234,
            "max": 0.00497955098,
            "count": 33
        },
        "Generator.Policy.Beta.sum": {
            "value": 0.00432518234,
            "min": 0.00432518234,
            "max": 0.00497955098,
            "count": 33
        }
    },
    "metadata": {
        "timer_format_version": "0.1.0",
        "start_time_seconds": "1682175930",
        "python_version": "3.9.2 (default, Feb 28 2021, 17:03:44) \n[GCC 10.2.1 20210110]",
        "command_line_arguments": "/home/bears_bears/Unity_env/bin/mlagents-learn ARLPCG.yaml --run-id G2_rescaled --force",
        "mlagents_version": "0.30.0",
        "mlagents_envs_version": "0.30.0",
        "communication_protocol_version": "1.5.0",
        "pytorch_version": "1.11.0+cu102",
        "numpy_version": "1.21.2",
        "end_time_seconds": "1682177075"
    },
    "total": 1144.7417102189938,
    "count": 1,
    "self": 0.44897076598135754,
    "children": {
        "run_training.setup": {
            "total": 0.03914422100933734,
            "count": 1,
            "self": 0.03914422100933734
        },
        "TrainerController.start_learning": {
            "total": 1144.2535952320031,
            "count": 1,
            "self": 2.6167220861971145,
            "children": {
                "TrainerController._reset_env": {
                    "total": 52.09764341400296,
                    "count": 1,
                    "self": 52.09764341400296
                },
                "TrainerController.advance": {
                    "total": 1089.4679641678085,
                    "count": 68801,
                    "self": 2.0949189921084326,
                    "children": {
                        "env_step": {
                            "total": 886.9559748430329,
                            "count": 68801,
                            "self": 782.706579827427,
                            "children": {
                                "SubprocessEnvManager._take_step": {
                                    "total": 103.02629311320197,
                                    "count": 68801,
                                    "self": 6.948524978404748,
                                    "children": {
                                        "TorchPolicy.evaluate": {
                                            "total": 96.07776813479722,
                                            "count": 68801,
                                            "self": 96.07776813479722
                                        }
                                    }
                                },
                                "workers": {
                                    "total": 1.2231019024038687,
                                    "count": 68800,
                                    "self": 0.0,
                                    "children": {
                                        "worker_root": {
                                            "total": 1141.2126819486439,
                                            "count": 68800,
                                            "is_parallel": true,
                                            "self": 450.92484287270054,
                                            "children": {
                                                "run_training.setup": {
                                                    "total": 0.0,
                                                    "count": 0,
                                                    "is_parallel": true,
                                                    "self": 0.0,