{
    "name": "root",
    "gauges": {
        "Generator.Policy.Entropy.mean": {
            "value": 1.3679637908935547,
            "min": 1.3679637908935547,
            "max": 1.4189382791519165,
            "count": 26
        },
        "Generator.Policy.Entropy.sum": {
            "value": 1367.9637451171875,
            "min": 1367.9637451171875,
            "max": 1418.938232421875,
            "count": 26
        },
        "Generator.Environment.EpisodeLength.mean": {
            "value": 0.0,
            "min": 0.0,
            "max": 0.0,
            "count": 26
        },
        "Generator.Environment.EpisodeLength.sum": {
            "value": 0.0,
            "min": 0.0,
            "max": 0.0,
            "count": 26
        },
        "Generator.Step.mean": {
            "value": 25999.0,
            "min": 999.0,
            "max": 25999.0,
            "count": 26
        },
        "Generator.Step.sum": {
            "value": 25999.0,
            "min": 999.0,
            "max": 25999.0,
            "count": 26
        },
        "Generator.Policy.ExtrinsicValueEstimate.mean": {
            "value": 5.30275297164917,
            "min": -0.6777095198631287,
            "max": 5.30275297164917,
            "count": 26
        },
        "Generator.Policy.ExtrinsicValueEstimate.sum": {
            "value": 5302.7529296875,
            "min": -677.7095336914062,
            "max": 5302.7529296875,
            "count": 26
        },
        "Generator.Environment.CumulativeReward.mean": {
            "value": 0.9587551623880863,
            "min": -0.27242266071429644,
            "max": 0.9587551623880863,
            "count": 26
        },
        "Generator.Environment.CumulativeReward.sum": {
            "value": 958.7551623880863,
            "min": -272.15023805358214,
            "max": 958.7551623880863,
            "count": 26
        },
        "Generator.Policy.ExtrinsicReward.mean": {
            "value": 0.9587551623880863,
            "min": -0.27242266071429644,
            "max": 0.9587551623880863,
            "count": 26
        },
        "Generator.Policy.ExtrinsicReward.sum": {
            "value": 958.7551623880863,
            "min": -272.15023805358214,
            "max": 958.7551623880863,
            "count": 26
        },
        "Generator.IsTraining.mean": {
            "value": 1.0,
            "min": 1.0,
            "max": 1.0,
            "count": 26
        },
        "Generator.IsTraining.sum": {
            "value": 1.0,
            "min": 1.0,
            "max": 1.0,
            "count": 26
        },
        "Generator.Losses.PolicyLoss.mean": {
            "value": 0.059676365219426465,
            "min": 0.05751597953531018,
            "max": 0.0744416976570695,
            "count": 12
        },
        "Generator.Losses.PolicyLoss.sum": {
            "value": 0.059676365219426465,
            "min": 0.05751597953531018,
            "max": 0.0744416976570695,
            "count": 12
        },
        "Generator.Losses.ValueLoss.mean": {
            "value": 0.12220883563471337,
            "min": 0.12220883563471337,
            "max": 0.19351980773111185,
            "count": 12
        },
        "Generator.Losses.ValueLoss.sum": {
            "value": 0.12220883563471337,
            "min": 0.12220883563471337,
            "max": 0.19351980773111185,
            "count": 12
        },
        "Generator.Policy.LearningRate.mean": {
            "value": 0.00028524720491759995,
            "min": 0.00028524720491759995,
            "max": 0.0002987706004097999,
            "count": 12
        },
        "Generator.Policy.LearningRate.sum": {
            "value": 0.00028524720491759995,
            "min": 0.00028524720491759995,
            "max": 0.0002987706004097999,
            "count": 12
        },
        "Generator.Policy.Epsilon.mean": {
            "value": 0.19508240000000002,
            "min": 0.19508240000000002,
            "max": 0.19959020000000002,
            "count": 12
        },
        "Generator.Policy.Epsilon.sum": {
            "value": 0.19508240000000002,
            "min": 0.19508240000000002,
            "max": 0.19959020000000002,
            "count": 12
        },
        "Generator.Policy.Beta.mean": {
            "value": 0.00475461176,
            "min": 0.00475461176,
            "max": 0.00497955098,
            "count": 12
        },
        "Generator.Policy.Beta.sum": {
            "value": 0.00475461176,
            "min": 0.00475461176,
            "max": 0.00497955098,
            "count": 12
        }
    },
    "metadata": {
        "timer_format_version": "0.1.0",
        "start_time_seconds": "1682171761",
        "python_version": "3.9.2 (default, Feb 28 2021, 17:03:44) \n[GCC 10.2.1 20210110]",
        "command_line_arguments": "/home/bears_bears/Unity_env/bin/mlagents-learn ARLPCG.yaml --run-id G1 --force",
        "mlagents_version": "0.30.0",
        "mlagents_envs_version": "0.30.0",
        "communication_protocol_version": "1.5.0",
        "pytorch_version": "1.11.0+cu102",
        "numpy_version": "1.21.2",
        "end_time_seconds": "1682172343"
    },
    "total": 582.3957873080071,
    "count": 1,
    "self": 0.012166704022092745,
    "children": {
        "run_training.setup": {
            "total": 0.07364759799384046,
            "count": 1,
            "self": 0.07364759799384046
        },
        "TrainerController.start_learning": {
            "total": 582.3099730059912,
            "count": 1,
            "self": 1.1025373130396474,
            "children": {
                "TrainerController._reset_env": {
                    "total": 19.767678015996353,
                    "count": 1,
                    "self": 19.767678015996353
                },
                "TrainerController.advance": {
                    "total": 560.6817271349573,
                    "count": 26653,
                    "self": 0.9423401073290734,
                    "children": {
                        "env_step": {
                            "total": 478.7575106375152,
                            "count": 26653,
                            "self": 432.1491555743851,
                            "children": {
                                "SubprocessEnvManager._take_step": {
                                    "total": 46.09213509573601,
                                    "count": 26653,
                                    "self": 3.101793759749853,
                                    "children": {
                                        "TorchPolicy.evaluate": {
                                            "total": 42.99034133598616,
                                            "count": 26651,
                                            "self": 42.99034133598616
                                        }
                                    }
                                },
                                "workers": {
                                    "total": 0.5162199673941359,
                                    "count": 26652,
                                    "self": 0.0,
                                    "children": {
                                        "worker_root": {
                                            "total": 505.906732641437,
                                            "count": 26652,
                                            "is_parallel": true,
                                            "self": 187.55288009287324,
                                            "children": {
                                                "run_training.setup": {
                                                    "total": 0.0,
                                                    "count": 0,
                                                    "is_parallel": true,
                                                    "self": 0.0,