{
    "name": "root",
    "gauges": {
        "Solver.Policy.Entropy.mean": {
            "value": 0.13792286813259125,
            "min": 0.06724268198013306,
            "max": 0.2755207121372223,
            "count": 5508
        },
        "Solver.Policy.Entropy.sum": {
            "value": 71.71989440917969,
            "min": 4.370774269104004,
            "max": 3414.15576171875,
            "count": 5508
        },
        "Solver.Score.mean": {
            "value": 8.6875,
            "min": 0.07560627674750357,
            "max": 10.0,
            "count": 5502
        },
        "Solver.Score.sum": {
            "value": 139.0,
            "min": 2.0,
            "max": 779.0,
            "count": 5502
        },
        "Solver.Episode.mean": {
            "value": 1.0,
            "min": 1.0,
            "max": 1.0,
            "count": 4611
        },
        "Solver.Episode.sum": {
            "value": 1.0,
            "min": 1.0,
            "max": 1.0,
            "count": 4611
        },
        "Solver.Environment.LessonNumber.aux_input.mean": {
            "value": 4.0,
            "min": 0.0,
            "max": 4.0,
            "count": 5503
        },
        "Solver.Environment.LessonNumber.aux_input.sum": {
            "value": 4.0,
            "min": 0.0,
            "max": 4.0,
            "count": 5503
        },
        "Solver.Environment.EpisodeLength.mean": {
            "value": 66.375,
            "min": 18.784313725490197,
            "max": 79.0,
            "count": 5502
        },
        "Solver.Environment.EpisodeLength.sum": {
            "value": 1062.0,
            "min": 24.0,
            "max": 6102.0,
            "count": 5502
        },
        "Solver.Step.mean": {
            "value": 5520996.0,
            "min": 985.0,
            "max": 5520996.0,
            "count": 5521
        },
        "Solver.Step.sum": {
            "value": 5520996.0,
            "min": 985.0,
            "max": 5520996.0,
            "count": 5521
        },
        "Solver.Policy.ExtrinsicValueEstimate.mean": {
            "value": 2.6595864295959473,
            "min": 1.6935070753097534,
            "max": 3.514925241470337,
            "count": 5521
        },
        "Solver.Policy.ExtrinsicValueEstimate.sum": {
            "value": 77.12800598144531,
            "min": 45.628517150878906,
            "max": 153.6335906982422,
            "count": 5521
        },
        "Solver.Environment.CumulativeReward.mean": {
            "value": 2.829999797400974,
            "min": 0.9581999468803406,
            "max": 3.897499807178974,
            "count": 5501
        },
        "Solver.Environment.CumulativeReward.sum": {
            "value": 59.429995745420456,
            "min": 1.2499998807907104,
            "max": 265.72998479008675,
            "count": 5501
        },
        "Solver.Policy.ExtrinsicReward.mean": {
            "value": 2.829999797400974,
            "min": 0.9581999468803406,
            "max": 3.897499807178974,
            "count": 5501
        },
        "Solver.Policy.ExtrinsicReward.sum": {
            "value": 59.429995745420456,
            "min": 1.2499998807907104,
            "max": 265.72998479008675,
            "count": 5501
        },
        "Solver.IsTraining.mean": {
            "value": 0.0,
            "min": 0.0,
            "max": 0.0,
            "count": 5521
        },
        "Solver.IsTraining.sum": {
            "value": 0.0,
            "min": 0.0,
            "max": 0.0,
            "count": 5521
        }
    },
    "metadata": {
        "timer_format_version": "0.1.0",
        "start_time_seconds": "1684088142",
        "python_version": "3.9.13 (tags/v3.9.13:6de2ca5, May 17 2022, 16:36:42) [MSC v.1929 64 bit (AMD64)]",
        "command_line_arguments": "C:\\Users\\Kevinn\\test_ml_env\\Scripts\\mlagents-learn inference.yaml --num-envs=10 --run-id=InferenceNoCurrPCG_Const_1 --env=Z:\\Git\\Flappy_bird\\Builds\\Windows\\InferenceNoCurr\\Flappy_bird.exe --no-graphics --torch-device=cuda --time-scale=1 --inference --initialize-from=PCG_Const_1",
        "mlagents_version": "0.30.0",
        "mlagents_envs_version": "0.30.0",
        "communication_protocol_version": "1.5.0",
        "pytorch_version": "2.0.1+cu118",
        "numpy_version": "1.21.2",
        "end_time_seconds": "1684091317"
    },
    "total": 3175.2126597,
    "count": 1,
    "self": 3.035960000000159,
    "children": {
        "run_training.setup": {
            "total": 2.0987937,
            "count": 1,
            "self": 2.0987937
        },
        "TrainerController.start_learning": {
            "total": 3170.077906,
            "count": 1,
            "self": 6.705740199969114,
            "children": {
                "TrainerController._reset_env": {
                    "total": 6.7053506,
                    "count": 1,
                    "self": 6.7053506
                },
                "TrainerController.advance": {
                    "total": 3156.6667840000305,
                    "count": 107263,
                    "self": 7.615605900103674,
                    "children": {
                        "env_step": {
                            "total": 3149.051178099927,
                            "count": 107263,
                            "self": 2225.3666564998716,
                            "children": {
                                "SubprocessEnvManager._take_step": {
                                    "total": 919.8284204000739,
                                    "count": 152979,
                                    "self": 13.913188900134628,
                                    "children": {
                                        "TorchPolicy.evaluate": {
                                            "total": 905.9152314999393,
                                            "count": 85195,
                                            "self": 905.9152314999393
                                        }
                                    }
                                },
                                "workers": {
                                    "total": 3.856101199981298,
                                    "count": 107262,
                                    "self": 0.0,
                                    "children": {
                                        "worker_root": {
                                            "total": 31644.85925319938,
                                            "count": 152969,
                                            "is_parallel": true,
                                            "self": 4049.72192599982,
                                            "children": {
                                                "steps_from_proto": {
                                                    "total": 0.30084479999999925,
                                                    "count": 10,
                                                    "is_parallel": true,
                                                    "self": 0.0037638999999973777,
                                                    "children": {
                                                        "_process_maybe_compressed_observation": {
                                                            "total": 0.2831142,
                                                            "count": 20,
                                                            "is_parallel": true,
                                                            "self": 0.011853300000003841,